CHROM,POS,REF,ALT,In_FreeBayes,In_VarScan,SYMBOLS_FreeBayes,SYMBOLS_VarScan,IMPACTS_FreeBayes,IMPACTS_VarScan,CONSEQUENCES_FreeBayes,CONSEQUENCES_VarScan,HGVSc_FreeBayes,HGVSc_VarScan,HGVSp_FreeBayes,HGVSp_VarScan,ClinVar_CLNSIG_FreeBayes,ClinVar_CLNSIG_VarScan,ClinVar_CLNDN_FreeBayes,ClinVar_CLNDN_VarScan,ClinVar_CLNREVSTAT_FreeBayes,ClinVar_CLNREVSTAT_VarScan,Existing_variation_FreeBayes,Existing_variation_VarScan
chr1,17059991,T,C,No,Yes,,FAM231C,,MODIFIER,,downstream_gene_variant,,,,,,,,,,,,rs1286442970
chr1,17059994,CTTTCTTTTCTTTTCT,C,No,Yes,,,,,,,,,,,,,,,,,,
chr1,31075100,AC,A,No,Yes,,,,,,,,,,,,,,,,,,
chr1,35250865,GC,G,No,Yes,,,,,,,,,,,,,,,,,,
chr1,35250872,GC,G,No,Yes,,,,,,,,,,,,,,,,,,
chr1,35250915,GA,G,No,Yes,,,,,,,,,,,,,,,,,,
chr1,36607591,G,GC,No,Yes,,,,,,,,,,,,,,,,,,
chr1,36607594,C,CA,No,Yes,,,,,,,,,,,,,,,,,,
chr1,36607606,G,GC,No,Yes,,,,,,,,,,,,,,,,,,
chr1,36607618,CA,C,No,Yes,,,,,,,,,,,,,,,,,,
chr1,36607624,TA,T,No,Yes,,,,,,,,,,,,,,,,,,
chr1,36607635,GA,G,No,Yes,,,,,,,,,,,,,,,,,,
chr1,36607655,C,CA,No,Yes,,,,,,,,,,,,,,,,,,
chr1,36607658,G,GC,No,Yes,,,,,,,,,,,,,,,,,,
chr1,40264677,CA,C,No,Yes,,,,,,,,,,,,,,,,,,
chr1,40264696,T,TG,No,Yes,,,,,,,,,,,,,,,,,,
chr1,40264764,A,AG,No,Yes,,,,,,,,,,,,,,,,,,
chr1,40264786,A,AC,No,Yes,,,,,,,,,,,,,,,,,,
chr1,40264841,G,A,No,Yes,,RP1-118J21.24,,MODIFIER,,upstream_gene_variant,,,,,,,,,,,,
chr1,44064579,GC,G,No,Yes,,,,,,,,,,,,,,,,,,
chr1,91528132,CA,C,No,Yes,,,,,,,,,,,,,,,,,,
chr1,91528181,G,GA,No,Yes,,,,,,,,,,,,,,,,,,
chr1,91528204,CT,C,No,Yes,,,,,,,,,,,,,,,,,,
chr1,91528246,CT,C,No,Yes,,,,,,,,,,,,,,,,,,
chr1,91528250,GT,G,No,Yes,,,,,,,,,,,,,,,,,,
chr1,91528265,AG,A,No,Yes,,,,,,,,,,,,,,,,,,
chr1,120134253,T,TC,No,Yes,,,,,,,,,,,,,,,,,,
chr1,120134259,ACC,A,No,Yes,,,,,,,,,,,,,,,,,,
chr1,151161127,GC,G,No,Yes,,,,,,,,,,,,,,,,,,
chr1,151161167,CT,C,No,Yes,,,,,,,,,,,,,,,,,,
chr1,151161177,AG,A,No,Yes,,,,,,,,,,,,,,,,,,
chr1,151161189,CT,C,No,Yes,,,,,,,,,,,,,,,,,,
chr1,154609450,G,GT,No,Yes,,,,,,,,,,,,,,,,,,
chr1,154609452,CT,C,No,Yes,,,,,,,,,,,,,,,,,,
chr1,179190742,C,CA,No,Yes,,,,,,,,,,,,,,,,,,
chr1,179190752,T,C,No,Yes,,ABL2;RP11-345I18.4,,MODIFIER,,intron_variant;non_coding_transcript_exon_variant,,ENST00000367623.4:c.157+7624A>G;ENST00000392043.3:c.157+7624A>G;ENST00000443050.1:n.213T>C;ENST00000502732.1:c.157+7624A>G;ENST00000507173.1:c.157+7624A>G;ENST00000511413.1:c.157+7624A>G,,,,,,,,,,rs1662867718&COSV62662331
chr1,179190760,AG,A,No,Yes,,,,,,,,,,,,,,,,,,
chr1,179190779,GC,G,No,Yes,,,,,,,,,,,,,,,,,,
chr1,179190787,GC,G,No,Yes,,,,,,,,,,,,,,,,,,
chr1,179190819,GT,G,No,Yes,,,,,,,,,,,,,,,,,,
chr1,179190850,CT,C,No,Yes,,,,,,,,,,,,,,,,,,
chr1,179190876,G,GT,No,Yes,,,,,,,,,,,,,,,,,,
chr1,202428761,AG,A,No,Yes,,,,,,,,,,,,,,,,,,
chr1,202428763,GC,G,No,Yes,,,,,,,,,,,,,,,,,,
chr1,202428787,C,CT,No,Yes,,,,,,,,,,,,,,,,,,
chr1,205805010,CTT,C,No,Yes,,,,,,,,,,,,,,,,,,
chr1,219343793,G,GA,No,Yes,,,,,,,,,,,,,,,,,,
chr1,219343804,AC,A,No,Yes,,,,,,,,,,,,,,,,,,
chr1,219343812,C,CG,No,Yes,,,,,,,,,,,,,,,,,,
chr1,219343843,G,GT,No,Yes,,,,,,,,,,,,,,,,,,
chr1,219343890,C,CT,No,Yes,,,,,,,,,,,,,,,,,,
chr1,219343900,G,GT,No,Yes,,,,,,,,,,,,,,,,,,
chr1,219343910,C,CT,No,Yes,,,,,,,,,,,,,,,,,,
chr1,219343927,C,CT,No,Yes,,,,,,,,,,,,,,,,,,
chr1,239008856,CA,C,No,Yes,,,,,,,,,,,,,,,,,,
chr1,239008905,GT,G,No,Yes,,,,,,,,,,,,,,,,,,
chr10,27970843,T,C,No,Yes,,MKX,,MODIFIER,,intron_variant,,ENST00000375790.5:c.839-6360A>G;ENST00000419761.1:c.839-6360A>G,,,,,,,,,,
chr10,27970844,A,C,No,Yes,,MKX,,MODIFIER,,intron_variant,,ENST00000375790.5:c.839-6361T>G;ENST00000419761.1:c.839-6361T>G,,,,,,,,,,
chr10,27970845,C,T,No,Yes,,MKX,,MODIFIER,,intron_variant,,ENST00000375790.5:c.839-6362G>A;ENST00000419761.1:c.839-6362G>A,,,,,,,,,,rs1054661505
chr10,27970846,G,A,No,Yes,,MKX,,MODIFIER,,intron_variant,,ENST00000375790.5:c.839-6363C>T;ENST00000419761.1:c.839-6363C>T,,,,,,,,,,rs199847244
chr10,27970851,AAG,A,No,Yes,,,,,,,,,,,,,,,,,,
chr10,27970852,AG,A,No,Yes,,,,,,,,,,,,,,,,,,
chr10,27970853,GAA,G,No,Yes,,,,,,,,,,,,,,,,,,
chr10,27970866,A,G,No,Yes,,MKX,,MODIFIER,,intron_variant,,ENST00000375790.5:c.839-6383T>C;ENST00000419761.1:c.839-6383T>C,,,,,,,,,,
chr10,27970869,T,TA,No,Yes,,,,,,,,,,,,,,,,,,
chr10,27970875,TA,T,No,Yes,,,,,,,,,,,,,,,,,,
chr10,27970893,GC,G,No,Yes,,,,,,,,,,,,,,,,,,
chr10,27970958,A,AT,No,Yes,,,,,,,,,,,,,,,,,,
chr10,27970967,GA,G,No,Yes,,,,,,,,,,,,,,,,,,
chr10,33749983,T,TG,No,Yes,,,,,,,,,,,,,,,,,,
chr10,33750042,AG,A,No,Yes,,,,,,,,,,,,,,,,,,
chr10,37746204,TG,T,No,Yes,,,,,,,,,,,,,,,,,,
chr10,37746240,CT,C,No,Yes,,,,,,,,,,,,,,,,,,
chr10,72643222,C,A,No,Yes,,PCBD1;SGPL1,,MODIFIER,,downstream_gene_variant;intron_variant;non_coding_transcript_variant,,ENST00000493961.1:n.184-980G>T,,,,,,,,,,
chr10,72643242,GA,G,No,Yes,,,,,,,,,,,,,,,,,,
chr10,72643266,A,AT,No,Yes,,,,,,,,,,,,,,,,,,
chr10,72643282,G,GT,No,Yes,,,,,,,,,,,,,,,,,,
chr10,72643297,TA,T,No,Yes,,,,,,,,,,,,,,,,,,
chr10,72643359,C,CT,No,Yes,,,,,,,,,,,,,,,,,,
chr10,72643418,T,TG,No,Yes,,,,,,,,,,,,,,,,,,
chr10,72643420,GC,G,No,Yes,,,,,,,,,,,,,,,,,,
chr10,72643431,AT,A,No,Yes,,,,,,,,,,,,,,,,,,
chr10,72643432,T,A,No,Yes,,PCBD1;SGPL1,,MODIFIER,,3_prime_UTR_variant;downstream_gene_variant;intron_variant;non_coding_transcript_variant,,ENST00000299299.3:c.*275A>T;ENST00000493961.1:n.184-1190A>T,,,,,,,,,,
chr10,72643433,T,TA,No,Yes,,,,,,,,,,,,,,,,,,
chr10,72643434,AT,A,No,Yes,,,,,,,,,,,,,,,,,,
chr10,72643452,CA,C,No,Yes,,,,,,,,,,,,,,,,,,
chr10,72643491,GC,G,No,Yes,,,,,,,,,,,,,,,,,,
chr10,72643516,A,AG,No,Yes,,,,,,,,,,,,,,,,,,
chr10,72643528,T,TA,No,Yes,,,,,,,,,,,,,,,,,,
chr10,72643545,T,TG,No,Yes,,,,,,,,,,,,,,,,,,
chr10,72643551,C,T,No,Yes,,PCBD1;SGPL1,,MODIFIER,,3_prime_UTR_variant;downstream_gene_variant;intron_variant;non_coding_transcript_variant,,ENST00000299299.3:c.*156G>A;ENST00000493961.1:n.184-1309G>A,,,,,,,,,,
chr10,72643587,C,CG,No,Yes,,,,,,,,,,,,,,,,,,
chr10,72643615,T,TG,No,Yes,,,,,,,,,,,,,,,,,,
chr10,72643628,AG,A,No,Yes,,,,,,,,,,,,,,,,,,
chr10,72643649,T,TC,No,Yes,,,,,,,,,,,,,,,,,,
chr10,72643665,T,TC,No,Yes,,,,,,,,,,,,,,,,,,
chr10,72643667,AC,A,No,Yes,,,,,,,,,,,,,,,,,,
chr10,72643671,C,T,No,Yes,,PCBD1;SGPL1,,MODIFIER,,3_prime_UTR_variant;downstream_gene_variant;intron_variant;non_coding_transcript_variant,,ENST00000299299.3:c.*36G>A;ENST00000493961.1:n.183+1238G>A,,,,Benign,,not_provided&Pterin-4_alpha-carbinolamine_dehydratase_1_deficiency,,criteria_provided&_multiple_submitters&_no_conflicts,,rs9712&COSV54738622
chr10,72643673,TC,T,No,Yes,,,,,,,,,,,,,,,,,,
chr10,72643682,A,AC,No,Yes,,,,,,,,,,,,,,,,,,
chr10,72643697,AG,A,No,Yes,,,,,,,,,,,,,,,,,,
chr10,72643702,AG,A,No,Yes,,,,,,,,,,,,,,,,,,
chr10,72643734,G,GA,No,Yes,,,,,,,,,,,,,,,,,,
chr10,72643735,A,AT,No,Yes,,,,,,,,,,,,,,,,,,
chr10,72643744,G,GA,No,Yes,,,,,,,,,,,,,,,,,,
chr10,72643747,A,AG,No,Yes,,,,,,,,,,,,,,,,,,
chr10,72643749,GT,G,No,Yes,,,,,,,,,,,,,,,,,,
chr10,72643753,A,AT,No,Yes,,,,,,,,,,,,,,,,,,
chr10,72643756,T,TC,No,Yes,,,,,,,,,,,,,,,,,,
chr10,72643760,GT,G,No,Yes,,,,,,,,,,,,,,,,,,
chr10,72643765,GA,G,No,Yes,,,,,,,,,,,,,,,,,,
chr10,72643772,CG,C,No,Yes,,,,,,,,,,,,,,,,,,
chr10,72643783,TG,T,No,Yes,,,,,,,,,,,,,,,,,,
chr10,72643786,G,T,No,Yes,,PCBD1;SGPL1,,MODERATE;MODIFIER,,downstream_gene_variant;intron_variant;missense_variant;non_coding_transcript_exon_variant;non_coding_transcript_variant,,ENST00000299299.3:c.236C>A;ENST00000493228.1:n.635C>A;ENST00000493961.1:n.183+1123C>A,,ENSP00000299299.3:p.Thr79Asn,,,,,,,,CM981483
chr10,72643801,T,TG,No,Yes,,,,,,,,,,,,,,,,,,
chr10,72643811,A,AT,No,Yes,,,,,,,,,,,,,,,,,,
chr10,72643813,G,GA,No,Yes,,,,,,,,,,,,,,,,,,
chr10,72643820,GA,G,No,Yes,,,,,,,,,,,,,,,,,,
chr10,72643825,T,TC,No,Yes,,,,,,,,,,,,,,,,,,
chr10,72643829,C,CT,No,Yes,,,,,,,,,,,,,,,,,,
chr10,72644863,AT,A,No,Yes,,,,,,,,,,,,,,,,,,
chr10,72644870,TG,T,No,Yes,,,,,,,,,,,,,,,,,,
chr10,72644875,G,C,No,Yes,,PCBD1;SGPL1,,MODIFIER,,downstream_gene_variant;intron_variant;non_coding_transcript_variant,,ENST00000299299.3:c.216+34C>G;ENST00000493228.1:n.615+34C>G;ENST00000493961.1:n.183+34C>G,,,,,,,,,,
chr10,72644876,C,G,No,Yes,,PCBD1;SGPL1,,MODIFIER,,downstream_gene_variant;intron_variant;non_coding_transcript_variant,,ENST00000299299.3:c.216+33G>C;ENST00000493228.1:n.615+33G>C;ENST00000493961.1:n.183+33G>C,,,,,,,,,,
chr10,72644889,AG,A,No,Yes,,,,,,,,,,,,,,,,,,
chr10,72644933,AG,A,No,Yes,,,,,,,,,,,,,,,,,,
chr10,72644961,A,AG,No,Yes,,,,,,,,,,,,,,,,,,
chr10,72644983,CA,C,No,Yes,,,,,,,,,,,,,,,,,,
chr10,72645548,GC,G,No,Yes,,,,,,,,,,,,,,,,,,
chr10,72645561,GA,G,No,Yes,,,,,,,,,,,,,,,,,,
chr10,72645600,G,GC,No,Yes,,,,,,,,,,,,,,,,,,
chr10,72645625,GC,G,No,Yes,,,,,,,,,,,,,,,,,,
chr10,72645629,T,TC,No,Yes,,,,,,,,,,,,,,,,,,
chr10,72645633,GT,G,No,Yes,,,,,,,,,,,,,,,,,,
chr10,72645644,G,GC,No,Yes,,,,,,,,,,,,,,,,,,
chr10,72645668,GC,G,No,Yes,,,,,,,,,,,,,,,,,,
chr10,72645685,GC,G,No,Yes,,,,,,,,,,,,,,,,,,
chr10,72645690,G,GA,No,Yes,,,,,,,,,,,,,,,,,,
chr10,72645697,GA,G,No,Yes,,,,,,,,,,,,,,,,,,
chr10,72645715,AG,A,No,Yes,,,,,,,,,,,,,,,,,,
chr10,72648373,T,A,No,Yes,,PCBD1,,MODIFIER,,5_prime_UTR_variant;upstream_gene_variant,,ENST00000299299.3:c.-83A>T,,,,,,,,,,
chr10,72648374,C,A,No,Yes,,PCBD1,,MODIFIER,,5_prime_UTR_variant;upstream_gene_variant,,ENST00000299299.3:c.-84G>T,,,,,,,,,,
chr10,72648386,C,CG,No,Yes,,,,,,,,,,,,,,,,,,
chr10,72648392,T,TC,No,Yes,,,,,,,,,,,,,,,,,,
chr10,72648396,TA,T,No,Yes,,,,,,,,,,,,,,,,,,
chr10,72648410,A,AG,No,Yes,,,,,,,,,,,,,,,,,,
chr10,72648501,AG,A,No,Yes,,,,,,,,,,,,,,,,,,
chr10,72648503,G,A,No,Yes,,PCBD1,,MODIFIER,,5_prime_UTR_variant;upstream_gene_variant,,ENST00000299299.3:c.-213C>T,,,,,,,,,,
chr10,72648508,CA,C,No,Yes,,,,,,,,,,,,,,,,,,
chr10,72648536,AC,A,No,Yes,,,,,,,,,,,,,,,,,,
chr10,72648553,T,TG,No,Yes,,,,,,,,,,,,,,,,,,
chr10,72648574,A,AT,No,Yes,,,,,,,,,,,,,,,,,,
chr10,72648580,AT,A,No,Yes,,,,,,,,,,,,,,,,,,
chr10,72648593,TA,T,No,Yes,,,,,,,,,,,,,,,,,,
chr10,102566753,C,CCT,No,Yes,,,,,,,,,,,,,,,,,,
chr10,102566759,AG,A,No,Yes,,,,,,,,,,,,,,,,,,
chr10,102566785,AC,A,No,Yes,,,,,,,,,,,,,,,,,,
chr10,102566835,TC,T,No,Yes,,,,,,,,,,,,,,,,,,
chr10,122384340,G,GC,No,Yes,,,,,,,,,,,,,,,,,,
chr10,122384365,A,G,No,Yes,,,,MODIFIER,,intergenic_variant,,,,,,,,,,,,
chr10,122384372,G,A,No,Yes,,,,MODIFIER,,intergenic_variant,,,,,,,,,,,,
chr10,133272111,GC,G,No,Yes,,,,,,,,,,,,,,,,,,
chr10,133272143,GC,G,No,Yes,,,,,,,,,,,,,,,,,,
chr11,1586197,AG,A,No,Yes,,,,,,,,,,,,,,,,,,
chr11,1586206,GC,G,No,Yes,,,,,,,,,,,,,,,,,,
chr11,1586211,G,GC,No,Yes,,,,,,,,,,,,,,,,,,
chr11,1586231,AC,A,No,Yes,,,,,,,,,,,,,,,,,,
chr11,1586276,AT,A,No,Yes,,,,,,,,,,,,,,,,,,
chr11,1586281,TG,T,No,Yes,,,,,,,,,,,,,,,,,,
chr11,1586299,AT,A,No,Yes,,,,,,,,,,,,,,,,,,
chr11,1586323,G,A,No,Yes,,DUSP8,,MODIFIER,,intron_variant,,ENST00000331588.4:c.231+503C>T;ENST00000397374.3:c.231+503C>T,,,,,,,,,,rs57293835
chr11,1586325,G,C,No,Yes,,DUSP8,,MODIFIER,,intron_variant,,ENST00000331588.4:c.231+501C>G;ENST00000397374.3:c.231+501C>G,,,,,,,,,,
chr11,1586327,TG,T,No,Yes,,,,,,,,,,,,,,,,,,
chr11,22118477,CAA,C,No,Yes,,,,,,,,,,,,,,,,,,
chr11,67811071,T,C,No,Yes,,TCIRG1,,MODERATE;MODIFIER,,3_prime_UTR_variant;NMD_transcript_variant;downstream_gene_variant;missense_variant;non_coding_transcript_exon_variant;upstream_gene_variant,,ENST00000265686.3:c.664T>C;ENST00000524598.1:c.622T>C;ENST00000527530.1:n.282T>C;ENST00000529364.1:c.166T>C;ENST00000532635.1:c.16T>C;ENST00000534673.1:c.*12T>C,,ENSP00000265686.3:p.Ser222Pro;ENSP00000431437.1:p.Ser56Pro;ENSP00000432846.1:p.Ser208Pro;ENSP00000434407.1:p.Ser6Pro,,,,,,,,
chr11,67811077,TG,T,No,Yes,,,,,,,,,,,,,,,,,,
chr11,67811106,C,T,No,Yes,,TCIRG1,,LOW;MODIFIER,,3_prime_UTR_variant;NMD_transcript_variant;downstream_gene_variant;non_coding_transcript_exon_variant;synonymous_variant;upstream_gene_variant,,ENST00000265686.3:c.699C>T;ENST00000524598.1:c.657C>T;ENST00000527530.1:n.317C>T;ENST00000529364.1:c.201C>T;ENST00000532635.1:c.51C>T;ENST00000534673.1:c.*47C>T,,ENSP00000265686.3:p.Arg233%3D;ENSP00000431437.1:p.Arg67%3D;ENSP00000432846.1:p.Arg219%3D;ENSP00000434407.1:p.Arg17%3D,,,,,,,,
chr11,67811181,C,G,No,Yes,,TCIRG1,,MODIFIER,,NMD_transcript_variant;downstream_gene_variant;intron_variant;non_coding_transcript_variant;upstream_gene_variant,,ENST00000265686.3:c.713+61C>G;ENST00000524598.1:c.671+61C>G;ENST00000527530.1:n.331+61C>G;ENST00000529364.1:c.213+61C>G;ENST00000532635.1:c.65+61C>G;ENST00000534673.1:c.*61+61C>G,,,,,,,,,,
chr11,67811183,G,A,No,Yes,,TCIRG1,,MODIFIER,,NMD_transcript_variant;downstream_gene_variant;intron_variant;non_coding_transcript_variant;upstream_gene_variant,,ENST00000265686.3:c.713+63G>A;ENST00000524598.1:c.671+63G>A;ENST00000527530.1:n.331+63G>A;ENST00000529364.1:c.213+63G>A;ENST00000532635.1:c.65+63G>A;ENST00000534673.1:c.*61+63G>A,,,,,,,,,,
chr11,78554530,G,T,No,Yes,,TENM4,,MODIFIER,,intron_variant,,ENST00000278550.7:c.1681+10619C>A,,,,,,,,,,
chr11,78554539,CA,C,No,Yes,,,,,,,,,,,,,,,,,,
chr11,78554599,C,T,No,Yes,,TENM4,,MODIFIER,,intron_variant,,ENST00000278550.7:c.1681+10550G>A,,,,,,,,,,rs477723
chr11,78554617,CA,C,No,Yes,,,,,,,,,,,,,,,,,,
chr11,112097219,T,TC,No,Yes,,,,,,,,,,,,,,,,,,
chr11,112097233,A,AG,No,Yes,,,,,,,,,,,,,,,,,,
chr11,112097239,C,CG,No,Yes,,,,,,,,,,,,,,,,,,
chr11,112097243,T,TG,No,Yes,,,,,,,,,,,,,,,,,,
chr11,112097248,A,AG,No,Yes,,,,,,,,,,,,,,,,,,
chr11,112097252,A,AG,No,Yes,,,,,,,,,,,,,,,,,,
chr11,112097260,C,CG,No,Yes,,,,,,,,,,,,,,,,,,
chr11,112097263,A,G,No,Yes,,BCO2;PTS,,MODIFIER,,NMD_transcript_variant;downstream_gene_variant;intron_variant;non_coding_transcript_variant;upstream_gene_variant,,ENST00000280362.3:c.83+14A>G;ENST00000525645.1:n.158+14A>G;ENST00000525803.1:c.83+14A>G;ENST00000528679.1:c.83+14A>G;ENST00000531673.1:c.83+14A>G,,,,,,,,,,
chr11,112097276,CG,C,No,Yes,,,,,,,,,,,,,,,,,,
chr11,112099294,CTTTTT,C,No,Yes,,,,,,,,,,,,,,,,,,
chr11,112099295,T,C,No,Yes,,BCO2;PTS,,MODIFIER,,NMD_transcript_variant;downstream_gene_variant;intron_variant;non_coding_transcript_variant;upstream_gene_variant,,ENST00000280362.3:c.84-22T>C;ENST00000524931.1:c.-121-22T>C;ENST00000525645.1:n.159-22T>C;ENST00000525803.1:c.84-22T>C;ENST00000528679.1:c.84-22T>C;ENST00000531673.1:c.84-22T>C,,,,,,,,,,rs1286418234
chr11,112099306,T,G,No,Yes,,BCO2;PTS,,LOW;MODIFIER,,NMD_transcript_variant;downstream_gene_variant;intron_variant;non_coding_transcript_variant;splice_polypyrimidine_tract_variant;upstream_gene_variant,,ENST00000280362.3:c.84-11T>G;ENST00000524931.1:c.-121-11T>G;ENST00000525645.1:n.159-11T>G;ENST00000525803.1:c.84-11T>G;ENST00000528679.1:c.84-11T>G;ENST00000531673.1:c.84-11T>G,,,,,,,,,,
chr11,112099336,GA,G,No,Yes,,,,,,,,,,,,,,,,,,
chr11,112099344,G,GA,No,Yes,,,,,,,,,,,,,,,,,,
chr11,112099403,GA,G,No,Yes,,,,,,,,,,,,,,,,,,
chr11,112099410,T,C,No,Yes,,BCO2;PTS,,MODIFIER,,NMD_transcript_variant;downstream_gene_variant;intron_variant;non_coding_transcript_exon_variant;upstream_gene_variant,,ENST00000280362.3:c.163+14T>C;ENST00000524931.1:c.-42+14T>C;ENST00000525645.1:n.252T>C;ENST00000525803.1:c.163+14T>C;ENST00000528679.1:c.163+14T>C;ENST00000531673.1:c.163+14T>C,,,,Benign,,not_provided&not_specified&6-Pyruvoyl-tetrahydrobiopterin_synthase_deficiency,,criteria_provided&_multiple_submitters&_no_conflicts,,rs3819331&COSV54785665
chr11,112100877,G,A,No,Yes,,PTS,,MODIFIER,,NMD_transcript_variant;downstream_gene_variant;intron_variant;non_coding_transcript_exon_variant;upstream_gene_variant,,ENST00000280362.3:c.164-54G>A;ENST00000524931.1:c.-41-54G>A;ENST00000525803.1:c.163+1481G>A;ENST00000528679.1:c.164-472G>A;ENST00000531175.1:n.61G>A;ENST00000531673.1:c.164-472G>A,,,,,,,,,,
chr11,112100888,GA,G,No,Yes,,,,,,,,,,,,,,,,,,
chr11,112100891,A,AT,No,Yes,,,,,,,,,,,,,,,,,,
chr11,112100895,A,AT,No,Yes,,,,,,,,,,,,,,,,,,
chr11,112100898,C,CT,No,Yes,,,,,,,,,,,,,,,,,,
chr11,112100900,GT,G,No,Yes,,,,,,,,,,,,,,,,,,
chr11,112100901,T,G,No,Yes,,PTS,,MODIFIER,,NMD_transcript_variant;downstream_gene_variant;intron_variant;non_coding_transcript_exon_variant;upstream_gene_variant,,ENST00000280362.3:c.164-30T>G;ENST00000524931.1:c.-41-30T>G;ENST00000525803.1:c.163+1505T>G;ENST00000528679.1:c.164-448T>G;ENST00000531175.1:n.85T>G;ENST00000531673.1:c.164-448T>G,,,,,,,,,,rs758299739
chr11,112100911,A,AT,No,Yes,,,,,,,,,,,,,,,,,,
chr11,112100916,G,GT,No,Yes,,,,,,,,,,,,,,,,,,
chr11,112100921,C,CT,No,Yes,,,,,,,,,,,,,,,,,,
chr11,112100927,A,AG,No,Yes,,,,,,,,,,,,,,,,,,
chr11,112100963,GA,G,No,Yes,,,,,,,,,,,,,,,,,,
chr11,112100978,GT,G,No,Yes,,,,,,,,,,,,,,,,,,
chr11,112101362,C,CG,No,Yes,,,,,,,,,,,,,,,,,,
chr11,112101390,CA,C,No,Yes,,,,,,,,,,,,,,,,,,
chr11,112101391,A,G,No,Yes,,PTS;RPS6P16,,MODERATE;MODIFIER,,3_prime_UTR_variant;NMD_transcript_variant;downstream_gene_variant;intron_variant;missense_variant;non_coding_transcript_exon_variant,,ENST00000280362.3:c.229A>G;ENST00000524931.1:c.25A>G;ENST00000525803.1:c.163+1995A>G;ENST00000527428.1:n.403A>G;ENST00000527635.1:n.270A>G;ENST00000528679.1:c.*38A>G;ENST00000531175.1:n.180A>G;ENST00000531673.1:c.*38A>G,,ENSP00000280362.3:p.Lys77Glu;ENSP00000434688.1:p.Lys9Glu,,,,,,,,
chr11,112103830,T,G,No,Yes,,PTS;RPS6P16,,MODIFIER,,NMD_transcript_variant;downstream_gene_variant;intron_variant;non_coding_transcript_variant,,ENST00000280362.3:c.244-56T>G;ENST00000524931.1:c.40-56T>G;ENST00000525803.1:c.164-56T>G;ENST00000527428.1:n.418-56T>G;ENST00000527635.1:n.285-56T>G;ENST00000528679.1:c.*53-56T>G;ENST00000531175.1:n.195-56T>G;ENST00000531673.1:c.*53-56T>G,,,,,,,,,,
chr11,112103887,AG,A,No,Yes,,,,,,,,,,,,,,,,,,
chr11,112103991,TA,T,No,Yes,,,,,,,,,,,,,,,,,,
chr11,112104067,T,TA,No,Yes,,,,,,,,,,,,,,,,,,
chr11,112104077,A,AT,No,Yes,,,,,,,,,,,,,,,,,,
chr11,112104092,T,TA,No,Yes,,,,,,,,,,,,,,,,,,
chr11,112104097,A,AT,No,Yes,,,,,,,,,,,,,,,,,,
chr11,112104107,A,AT,No,Yes,,,,,,,,,,,,,,,,,,
chr11,112104110,G,GT,No,Yes,,,,,,,,,,,,,,,,,,
chr11,112104116,AT,A,No,Yes,,,,,,,,,,,,,,,,,,
chr11,112104123,AT,A,No,Yes,,,,,,,,,,,,,,,,,,
chr11,112104124,T,A,No,Yes,,PTS;RPS6P16,,MODIFIER,,NMD_transcript_variant;downstream_gene_variant;intron_variant;non_coding_transcript_variant,,ENST00000280362.3:c.315-31T>A;ENST00000524931.1:c.111-31T>A;ENST00000525803.1:c.*49-31T>A;ENST00000527428.1:n.488+168T>A;ENST00000527635.1:n.356-31T>A;ENST00000528679.1:c.*124-31T>A;ENST00000531673.1:c.*123+168T>A,,,,,,,,,,rs1859968717
chr11,112104131,T,G,No,Yes,,PTS;RPS6P16,,MODIFIER,,NMD_transcript_variant;downstream_gene_variant;intron_variant;non_coding_transcript_variant,,ENST00000280362.3:c.315-24T>G;ENST00000524931.1:c.111-24T>G;ENST00000525803.1:c.*49-24T>G;ENST00000527428.1:n.488+175T>G;ENST00000527635.1:n.356-24T>G;ENST00000528679.1:c.*124-24T>G;ENST00000531673.1:c.*123+175T>G,,,,,,,,,,COSV99738108
chr11,112104132,G,GT,No,Yes,,,,,,,,,,,,,,,,,,
chr11,112104138,GT,G,No,Yes,,,,,,,,,,,,,,,,,,
chr11,112104139,T,G,No,Yes,,PTS;RPS6P16,,LOW;MODIFIER,,NMD_transcript_variant;downstream_gene_variant;intron_variant;non_coding_transcript_variant;splice_polypyrimidine_tract_variant,,ENST00000280362.3:c.315-16T>G;ENST00000524931.1:c.111-16T>G;ENST00000525803.1:c.*49-16T>G;ENST00000527428.1:n.488+183T>G;ENST00000527635.1:n.356-16T>G;ENST00000528679.1:c.*124-16T>G;ENST00000531673.1:c.*123+183T>G,,,,,,,,,,
chr11,112104147,T,C,No,Yes,,PTS;RPS6P16,,LOW;MODIFIER,,NMD_transcript_variant;downstream_gene_variant;intron_variant;non_coding_transcript_variant;splice_polypyrimidine_tract_variant;splice_region_variant,,ENST00000280362.3:c.315-8T>C;ENST00000524931.1:c.111-8T>C;ENST00000525803.1:c.*49-8T>C;ENST00000527428.1:n.488+191T>C;ENST00000527635.1:n.356-8T>C;ENST00000528679.1:c.*124-8T>C;ENST00000531673.1:c.*123+191T>C,,,,Likely_benign,,6-Pyruvoyl-tetrahydrobiopterin_synthase_deficiency,,criteria_provided&_single_submitter,,rs949801580&COSV54786180
chr11,112104148,C,CT,No,Yes,,,,,,,,,,,,,,,,,,
chr11,112104183,T,TG,No,Yes,,,,,,,,,,,,,,,,,,
chr11,112104201,G,GT,No,Yes,,,,,,,,,,,,,,,,,,
chr11,112104308,G,GT,No,Yes,,,,,,,,,,,,,,,,,,
chr11,112104331,AT,A,No,Yes,,,,,,,,,,,,,,,,,,
chr11,112104476,GA,G,No,Yes,,,,,,,,,,,,,,,,,,
chr11,112104494,C,CT,No,Yes,,,,,,,,,,,,,,,,,,
chr11,112104509,TA,T,No,Yes,,,,,,,,,,,,,,,,,,
chr11,112104522,AT,A,No,Yes,,,,,,,,,,,,,,,,,,
chr11,112104529,CA,C,No,Yes,,,,,,,,,,,,,,,,,,
chr11,112104535,GT,G,No,Yes,,,,,,,,,,,,,,,,,,
chr11,112104551,A,AT,No,Yes,,,,,,,,,,,,,,,,,,
chr11,112104595,AT,A,No,Yes,,,,,,,,,,,,,,,,,,
chr11,112104607,AT,A,No,Yes,,,,,,,,,,,,,,,,,,
chr11,112104668,T,TA,No,Yes,,,,,,,,,,,,,,,,,,
chr11,112104774,TA,T,No,Yes,,,,,,,,,,,,,,,,,,
chr11,112644634,G,GC,No,Yes,,,,,,,,,,,,,,,,,,
chr11,112644636,AG,A,No,Yes,,,,,,,,,,,,,,,,,,
chr11,112644654,AC,A,No,Yes,,,,,,,,,,,,,,,,,,
chr11,117782692,A,G,No,Yes,,TMPRSS13,,MODIFIER,,NMD_transcript_variant;intron_variant,,ENST00000430170.2:c.810-117T>C;ENST00000445164.2:c.810-117T>C;ENST00000524993.1:c.810-117T>C;ENST00000526090.1:c.810-117T>C;ENST00000528135.1:c.*152-1227T>C;ENST00000528626.1:c.705-117T>C,,,,,,,,,,
chr11,117782713,G,GC,No,Yes,,,,,,,,,,,,,,,,,,
chr11,117782731,TA,T,No,Yes,,,,,,,,,,,,,,,,,,
chr11,117782764,GC,G,No,Yes,,,,,,,,,,,,,,,,,,
chr12,4840106,TG,T,No,Yes,,,,,,,,,,,,,,,,,,
chr12,4840144,A,G,No,Yes,,GALNT8,,MODIFIER,,intron_variant,,ENST00000252318.2:c.509+4149A>G,,,,,,,,,,
chr12,4840160,GC,G,No,Yes,,,,,,,,,,,,,,,,,,
chr12,53481673,T,TAC,No,Yes,,,,,,,,,,,,,,,,,,
chr12,53481705,C,CT,No,Yes,,,,,,,,,,,,,,,,,,
chr12,54403188,C,T,No,Yes,,HOXC6;HOXC8,,LOW;MODIFIER,,intron_variant;synonymous_variant,,ENST00000040584.4:c.120C>T;ENST00000504315.1:c.-193+18590C>T;ENST00000509328.1:c.-73+14388C>T,,ENSP00000040584.4:p.Tyr40%3D,,,,,,,,rs376375995
chr12,54955220,TC,T,No,Yes,,,,,,,,,,,,,,,,,,
chr12,54955278,AG,A,No,Yes,,,,,,,,,,,,,,,,,,
chr12,54955304,C,CG,No,Yes,,,,,,,,,,,,,,,,,,
chr12,65185306,G,GT,No,Yes,,,,,,,,,,,,,,,,,,
chr12,75257643,T,TA,No,Yes,,,,,,,,,,,,,,,,,,
chr12,75257653,T,C,No,Yes,,,,MODIFIER,,intergenic_variant,,,,,,,,,,,,
chr12,75257664,T,TA,No,Yes,,,,,,,,,,,,,,,,,,
chr12,75257668,TA,T,No,Yes,,,,,,,,,,,,,,,,,,
chr12,75257676,TA,T,No,Yes,,,,,,,,,,,,,,,,,,
chr12,75257683,A,T,No,Yes,,,,MODIFIER,,intergenic_variant,,,,,,,,,,,,
chr12,75257684,T,TA,No,Yes,,,,,,,,,,,,,,,,,,
chr12,75257690,G,A,No,Yes,,,,MODIFIER,,intergenic_variant,,,,,,,,,,,,
chr12,75257704,G,GT,No,Yes,,,,,,,,,,,,,,,,,,
chr12,75257707,CT,C,No,Yes,,,,,,,,,,,,,,,,,,
chr12,75257720,T,C,No,Yes,,,,MODIFIER,,intergenic_variant,,,,,,,,,,,,rs56414505
chr12,95544996,T,TA,No,Yes,,,,,,,,,,,,,,,,,,
chr12,95545014,A,AT,No,Yes,,,,,,,,,,,,,,,,,,
chr12,95545018,AT,A,No,Yes,,,,,,,,,,,,,,,,,,
chr12,95545026,C,CT,No,Yes,,,,,,,,,,,,,,,,,,
chr12,95545038,GC,G,No,Yes,,,,,,,,,,,,,,,,,,
chr12,103232244,C,T,No,Yes,,PAH,,MODIFIER,,3_prime_UTR_variant,,ENST00000307000.2:c.*709G>A;ENST00000553106.1:c.*709G>A,,,,,,,,,,
chr12,103232295,GA,G,No,Yes,,,,,,,,,,,,,,,,,,
chr12,103232323,AG,A,No,Yes,,,,,,,,,,,,,,,,,,
chr12,103232332,GT,G,No,Yes,,,,,,,,,,,,,,,,,,
chr12,103232342,C,CT,No,Yes,,,,,,,,,,,,,,,,,,
chr12,103232369,TA,T,No,Yes,,,,,,,,,,,,,,,,,,
chr12,103232378,CA,C,No,Yes,,,,,,,,,,,,,,,,,,
chr12,103232385,GT,G,No,Yes,,,,,,,,,,,,,,,,,,
chr12,103232430,AT,A,No,Yes,,,,,,,,,,,,,,,,,,
chr12,103232450,TA,T,No,Yes,,,,,,,,,,,,,,,,,,
chr12,103232458,AT,A,No,Yes,,,,,,,,,,,,,,,,,,
chr12,103232461,T,TA,No,Yes,,,,,,,,,,,,,,,,,,
chr12,103232471,C,CA,No,Yes,,,,,,,,,,,,,,,,,,
chr12,103232477,CA,C,No,Yes,,,,,,,,,,,,,,,,,,
chr12,103232480,A,G,No,Yes,,PAH,,MODIFIER,,3_prime_UTR_variant;downstream_gene_variant,,ENST00000307000.2:c.*473T>C;ENST00000553106.1:c.*473T>C,,,,,,,,,,
chr12,103232482,T,TA,No,Yes,,,,,,,,,,,,,,,,,,
chr12,103232495,C,CA,No,Yes,,,,,,,,,,,,,,,,,,
chr12,103232505,TA,T,No,Yes,,,,,,,,,,,,,,,,,,
chr12,103232512,GA,G,No,Yes,,,,,,,,,,,,,,,,,,
chr12,103232571,G,GT,No,Yes,,,,,,,,,,,,,,,,,,
chr12,103232578,G,GT,No,Yes,,,,,,,,,,,,,,,,,,
chr12,103232585,A,AT,No,Yes,,,,,,,,,,,,,,,,,,
chr12,103232597,A,AT,No,Yes,,,,,,,,,,,,,,,,,,
chr12,103232624,CA,C,No,Yes,,,,,,,,,,,,,,,,,,
chr12,103232635,CT,C,No,Yes,,,,,,,,,,,,,,,,,,
chr12,103232656,AT,A,No,Yes,,,,,,,,,,,,,,,,,,
chr12,103232664,T,TA,No,Yes,,,,,,,,,,,,,,,,,,
chr12,103232674,G,GT,No,Yes,,,,,,,,,,,,,,,,,,
chr12,103232681,GA,G,No,Yes,,,,,,,,,,,,,,,,,,
chr12,103232685,G,GA,No,Yes,,,,,,,,,,,,,,,,,,
chr12,103232686,AT,A,No,Yes,,,,,,,,,,,,,,,,,,
chr12,103232693,A,AT,No,Yes,,,,,,,,,,,,,,,,,,
chr12,103232709,AG,A,No,Yes,,,,,,,,,,,,,,,,,,
chr12,103232713,TG,T,No,Yes,,,,,,,,,,,,,,,,,,
chr12,103232716,G,GA,No,Yes,,,,,,,,,,,,,,,,,,
chr12,103232717,AT,A,No,Yes,,,,,,,,,,,,,,,,,,
chr12,103232728,TA,T,No,Yes,,,,,,,,,,,,,,,,,,
chr12,103232741,AC,A,No,Yes,,,,,,,,,,,,,,,,,,
chr12,103232745,CA,C,No,Yes,,,,,,,,,,,,,,,,,,
chr12,103232758,A,AT,No,Yes,,,,,,,,,,,,,,,,,,
chr12,103232770,AG,A,No,Yes,,,,,,,,,,,,,,,,,,
chr12,103232775,G,GT,No,Yes,,,,,,,,,,,,,,,,,,
chr12,103232786,C,CT,No,Yes,,,,,,,,,,,,,,,,,,
chr12,103232801,A,AT,No,Yes,,,,,,,,,,,,,,,,,,
chr12,103232832,TA,T,No,Yes,,,,,,,,,,,,,,,,,,
chr12,103232851,A,AT,No,Yes,,,,,,,,,,,,,,,,,,
chr12,103232864,G,GT,No,Yes,,,,,,,,,,,,,,,,,,
chr12,103232869,CT,C,No,Yes,,,,,,,,,,,,,,,,,,
chr12,103232878,CT,C,No,Yes,,,,,,,,,,,,,,,,,,
chr12,103232887,A,AT,No,Yes,,,,,,,,,,,,,,,,,,
chr12,103232956,C,CT,No,Yes,,,,,,,,,,,,,,,,,,
chr12,103232960,AT,A,No,Yes,,,,,,,,,,,,,,,,,,
chr12,103232969,AG,A,No,Yes,,,,,,,,,,,,,,,,,,
chr12,103232978,CA,C,No,Yes,,,,,,,,,,,,,,,,,,
chr12,103232984,AT,A,No,Yes,,,,,,,,,,,,,,,,,,
chr12,103232988,C,CA,No,Yes,,,,,,,,,,,,,,,,,,
chr12,103233000,C,CA,No,Yes,,,,,,,,,,,,,,,,,,
chr12,103233004,G,GA,No,Yes,,,,,,,,,,,,,,,,,,
chr12,103233016,CA,C,No,Yes,,,,,,,,,,,,,,,,,,
chr12,103233021,T,TG,No,Yes,,,,,,,,,,,,,,,,,,
chr12,103233041,C,CA,No,Yes,,,,,,,,,,,,,,,,,,
chr12,103233052,C,CA,No,Yes,,,,,,,,,,,,,,,,,,
chr12,103234109,CG,C,No,Yes,,,,,,,,,,,,,,,,,,
chr12,103234112,TG,T,No,Yes,,,,,,,,,,,,,,,,,,
chr12,103234115,TA,T,No,Yes,,,,,,,,,,,,,,,,,,
chr12,103234119,GA,G,No,Yes,,,,,,,,,,,,,,,,,,
chr12,103234153,GC,G,No,Yes,,,,,,,,,,,,,,,,,,
chr12,103234192,G,T,No,Yes,,PAH,,MODERATE;MODIFIER,,downstream_gene_variant;missense_variant,,ENST00000307000.2:c.1286C>A;ENST00000553106.1:c.1301C>A,,ENSP00000303500.2:p.Ala429Asp;ENSP00000448059.1:p.Ala434Asp,,Pathogenic,,not_provided&Phenylketonuria,,reviewed_by_expert_panel,,rs199475659&CM043320&CM1314653
chr12,103234194,CA,C,No,Yes,,,,,,,,,,,,,,,,,,
chr12,103234237,TG,T,No,Yes,,,,,,,,,,,,,,,,,,
chr12,103234255,C,G,No,Yes,,PAH,,MODERATE;MODIFIER,,downstream_gene_variant;missense_variant,,ENST00000307000.2:c.1223G>C;ENST00000553106.1:c.1238G>C,,ENSP00000303500.2:p.Arg408Pro;ENSP00000448059.1:p.Arg413Pro,,Pathogenic,,not_provided&Phenylketonuria,,reviewed_by_expert_panel,,rs79931499&CM920563&COSV61015579
chr12,103234280,TG,T,No,Yes,,,,,,,,,,,,,,,,,,
chr12,103234286,CA,C,No,Yes,,,,,,,,,,,,,,,,,,
chr12,103234289,AG,A,No,Yes,,,,,,,,,,,,,,,,,,
chr12,103234299,AC,A,No,Yes,,,,,,,,,,,,,,,,,,
chr12,103234301,CA,C,No,Yes,,,,,,,,,,,,,,,,,,
chr12,103234310,AG,A,No,Yes,,,,,,,,,,,,,,,,,,
chr12,103234312,G,GC,No,Yes,,,,,,,,,,,,,,,,,,
chr12,103234313,C,CT,No,Yes,,,,,,,,,,,,,,,,,,
chr12,103234320,G,GA,No,Yes,,,,,,,,,,,,,,,,,,
chr12,103234322,AG,A,No,Yes,,,,,,,,,,,,,,,,,,
chr12,103234327,A,AC,No,Yes,,,,,,,,,,,,,,,,,,
chr12,103234330,AT,A,No,Yes,,,,,,,,,,,,,,,,,,
chr12,103234333,T,TG,No,Yes,,,,,,,,,,,,,,,,,,
chr12,103234337,G,GA,No,Yes,,,,,,,,,,,,,,,,,,
chr12,103237348,G,C,No,Yes,,PAH,,MODIFIER,,downstream_gene_variant;intron_variant,,ENST00000307000.2:c.1184+76C>G;ENST00000553106.1:c.1199+76C>G,,,,,,,,,,
chr12,103237356,A,AC,No,Yes,,,,,,,,,,,,,,,,,,
chr12,103237360,A,AC,No,Yes,,,,,,,,,,,,,,,,,,
chr12,103237362,A,AC,No,Yes,,,,,,,,,,,,,,,,,,
chr12,103237363,G,C,No,Yes,,PAH,,MODIFIER,,downstream_gene_variant;intron_variant,,ENST00000307000.2:c.1184+61C>G;ENST00000553106.1:c.1199+61C>G,,,,,,,,,,
chr12,103237365,T,TC,No,Yes,,,,,,,,,,,,,,,,,,
chr12,103237369,TG,T,No,Yes,,,,,,,,,,,,,,,,,,
chr12,103237385,GC,G,No,Yes,,,,,,,,,,,,,,,,,,
chr12,103237394,G,GC,No,Yes,,,,,,,,,,,,,,,,,,
chr12,103237428,CT,C,No,Yes,,,,,,,,,,,,,,,,,,
chr12,103237440,C,CA,No,Yes,,,,,,,,,,,,,,,,,,
chr12,103237456,T,TA,No,Yes,,,,,,,,,,,,,,,,,,
chr12,103237468,G,C,No,Yes,,PAH,,LOW;MODIFIER,,downstream_gene_variant;non_coding_transcript_exon_variant;synonymous_variant,,ENST00000307000.2:c.1140C>G;ENST00000549247.1:n.914C>G;ENST00000553106.1:c.1155C>G,,ENSP00000303500.2:p.Leu380%3D;ENSP00000448059.1:p.Leu385%3D,,Benign,,not_specified&not_provided&Phenylketonuria,,reviewed_by_expert_panel,,rs772897
chr12,103237469,AG,A,No,Yes,,,,,,,,,,,,,,,,,,
chr12,103237495,AT,A,No,Yes,,,,,,,,,,,,,,,,,,
chr12,103237523,AG,A,No,Yes,,,,,,,,,,,,,,,,,,
chr12,103237544,T,TA,No,Yes,,,,,,,,,,,,,,,,,,
chr12,103237555,G,T,No,Yes,,PAH,,HIGH;LOW,,non_coding_transcript_exon_variant;splice_region_variant;stop_gained,,ENST00000307000.2:c.1053C>A;ENST00000549247.1:n.827C>A;ENST00000551114.1:n.730C>A;ENST00000553106.1:c.1068C>A,,ENSP00000303500.2:p.Tyr351Ter;ENSP00000448059.1:p.Tyr356Ter,,Pathogenic,,not_provided&Phenylketonuria,,reviewed_by_expert_panel,,rs62516095&CM930560&CM941138
chr12,103237564,GC,G,No,Yes,,,,,,,,,,,,,,,,,,
chr12,103237568,C,CA,No,Yes,,,,,,,,,,,,,,,,,,
chr12,103237573,GA,G,No,Yes,,,,,,,,,,,,,,,,,,
chr12,103237580,T,TA,No,Yes,,,,,,,,,,,,,,,,,,
chr12,103237589,T,TG,No,Yes,,,,,,,,,,,,,,,,,,
chr12,103237590,G,GT,No,Yes,,,,,,,,,,,,,,,,,,
chr12,103237592,TA,T,No,Yes,,,,,,,,,,,,,,,,,,
chr12,103237609,T,TC,No,Yes,,,,,,,,,,,,,,,,,,
chr12,103238052,C,CA,No,Yes,,,,,,,,,,,,,,,,,,
chr12,103238060,GT,G,No,Yes,,,,,,,,,,,,,,,,,,
chr12,103238069,A,AT,No,Yes,,,,,,,,,,,,,,,,,,
chr12,103238070,C,T,No,Yes,,PAH,,MODIFIER,,intron_variant;non_coding_transcript_variant,,ENST00000307000.2:c.1050+44G>A;ENST00000549247.1:n.824+44G>A;ENST00000551114.1:n.727+44G>A;ENST00000553106.1:c.1065+44G>A,,,,,,,,,,
chr12,103238073,A,C,No,Yes,,PAH,,MODIFIER,,intron_variant;non_coding_transcript_variant,,ENST00000307000.2:c.1050+41T>G;ENST00000549247.1:n.824+41T>G;ENST00000551114.1:n.727+41T>G;ENST00000553106.1:c.1065+41T>G,,,,,,,,,,
chr12,103238074,C,A,No,Yes,,PAH,,MODIFIER,,intron_variant;non_coding_transcript_variant,,ENST00000307000.2:c.1050+40G>T;ENST00000549247.1:n.824+40G>T;ENST00000551114.1:n.727+40G>T;ENST00000553106.1:c.1065+40G>T,,,,,,,,,,
chr12,103238077,C,CT,No,Yes,,,,,,,,,,,,,,,,,,
chr12,103238081,TA,T,No,Yes,,,,,,,,,,,,,,,,,,
chr12,103238093,TG,T,No,Yes,,,,,,,,,,,,,,,,,,
chr12,103238095,GT,G,No,Yes,,,,,,,,,,,,,,,,,,
chr12,103238103,GA,G,No,Yes,,,,,,,,,,,,,,,,,,
chr12,103238125,CA,C,No,Yes,,,,,,,,,,,,,,,,,,
chr12,103238134,A,C,No,Yes,,PAH,,MODERATE;MODIFIER,,missense_variant;non_coding_transcript_exon_variant,,ENST00000307000.2:c.1030T>G;ENST00000549247.1:n.804T>G;ENST00000551114.1:n.707T>G;ENST00000553106.1:c.1045T>G,,ENSP00000303500.2:p.Ser344Ala;ENSP00000448059.1:p.Ser349Ala,,Pathogenic/Likely_pathogenic,,not_provided&Phenylketonuria,,criteria_provided&_multiple_submitters&_no_conflicts,,rs62508646&CM056673&CM910293
chr12,103238154,GC,G,No,Yes,,,,,,,,,,,,,,,,,,
chr12,103238185,CA,C,No,Yes,,,,,,,,,,,,,,,,,,
chr12,103238205,TA,T,No,Yes,,,,,,,,,,,,,,,,,,
chr12,103238218,GA,G,No,Yes,,,,,,,,,,,,,,,,,,
chr12,103238271,AC,A,No,Yes,,,,,,,,,,,,,,,,,,
chr12,103238280,A,AG,No,Yes,,,,,,,,,,,,,,,,,,
chr12,103240610,CA,C,No,Yes,,,,,,,,,,,,,,,,,,
chr12,103240615,AC,A,No,Yes,,,,,,,,,,,,,,,,,,
chr12,103240620,A,AG,No,Yes,,,,,,,,,,,,,,,,,,
chr12,103240630,C,A,No,Yes,,PAH,,MODIFIER,,intron_variant;non_coding_transcript_variant,,ENST00000307000.2:c.954+43G>T;ENST00000549247.1:n.728+43G>T;ENST00000551114.1:n.631+43G>T;ENST00000553106.1:c.969+43G>T,,,,Benign,,not_specified&not_provided&Phenylketonuria,,reviewed_by_expert_panel,,rs1522306&COSV61015928
chr12,103240792,G,GC,No,Yes,,,,,,,,,,,,,,,,,,
chr12,103245387,C,CT,No,Yes,,,,,,,,,,,,,,,,,,
chr12,103245388,C,T,No,Yes,,PAH,,MODIFIER,,downstream_gene_variant;intron_variant;non_coding_transcript_variant,,ENST00000307000.2:c.897+77G>A;ENST00000549247.1:n.671+77G>A;ENST00000551114.1:n.574+77G>A;ENST00000553106.1:c.912+77G>A,,,,,,,,,,
chr12,103245395,TG,T,No,Yes,,,,,,,,,,,,,,,,,,
chr12,103245413,GA,G,No,Yes,,,,,,,,,,,,,,,,,,
chr12,103245446,TA,T,No,Yes,,,,,,,,,,,,,,,,,,
chr12,103245469,GA,G,No,Yes,,,,,,,,,,,,,,,,,,
chr12,103245475,T,TG,No,Yes,,,,,,,,,,,,,,,,,,
chr12,103245479,CA,C,No,Yes,,,,,,,,,,,,,,,,,,
chr12,103245501,G,A,No,Yes,,PAH,,LOW;MODIFIER,,downstream_gene_variant;non_coding_transcript_exon_variant;synonymous_variant,,ENST00000307000.2:c.861C>T;ENST00000549247.1:n.635C>T;ENST00000551114.1:n.538C>T;ENST00000553106.1:c.876C>T,,ENSP00000303500.2:p.Pro287%3D;ENSP00000448059.1:p.Pro292%3D,,,,,,,,COSV104596277
chr12,103245503,G,C,No,Yes,,PAH,,MODERATE;MODIFIER,,downstream_gene_variant;missense_variant;non_coding_transcript_exon_variant,,ENST00000307000.2:c.859C>G;ENST00000549247.1:n.633C>G;ENST00000551114.1:n.536C>G;ENST00000553106.1:c.874C>G,,ENSP00000303500.2:p.Pro287Ala;ENSP00000448059.1:p.Pro292Ala,,,,,,,,CM1511444
chr12,103245564,AG,A,No,Yes,,,,,,,,,,,,,,,,,,
chr12,103245569,A,AG,No,Yes,,,,,,,,,,,,,,,,,,
chr12,103246562,T,TG,No,Yes,,,,,,,,,,,,,,,,,,
chr12,103246569,T,TG,No,Yes,,,,,,,,,,,,,,,,,,
chr12,103246576,T,TG,No,Yes,,,,,,,,,,,,,,,,,,
chr12,103246579,A,AG,No,Yes,,,,,,,,,,,,,,,,,,
chr12,103246587,A,AG,No,Yes,,,,,,,,,,,,,,,,,,
chr12,103246597,CG,C,No,Yes,,,,,,,,,,,,,,,,,,
chr12,103246609,T,TG,No,Yes,,,,,,,,,,,,,,,,,,
chr12,103246657,AG,A,No,Yes,,,,,,,,,,,,,,,,,,
chr12,103246664,GC,G,No,Yes,,,,,,,,,,,,,,,,,,
chr12,103246673,GA,G,No,Yes,,,,,,,,,,,,,,,,,,
chr12,103246707,C,T,No,Yes,,PAH,,MODERATE;MODIFIER,,downstream_gene_variant;missense_variant;non_coding_transcript_exon_variant;upstream_gene_variant,,ENST00000307000.2:c.713G>A;ENST00000549247.1:n.487G>A;ENST00000553106.1:c.728G>A,,ENSP00000303500.2:p.Arg238Gln;ENSP00000448059.1:p.Arg243Gln,,Pathogenic/Likely_pathogenic,,PAH-related_disorder&Inborn_genetic_diseases&not_provided&Phenylketonuria,,criteria_provided&_multiple_submitters&_no_conflicts,,rs62508588&CM910283&CM993955
chr12,103246730,T,TG,No,Yes,,,,,,,,,,,,,,,,,,
chr12,103246733,G,GA,No,Yes,,,,,,,,,,,,,,,,,,
chr12,103246736,GA,G,No,Yes,,,,,,,,,,,,,,,,,,
chr12,103246741,G,GA,No,Yes,,,,,,,,,,,,,,,,,,
chr12,103246744,GA,G,No,Yes,,,,,,,,,,,,,,,,,,
chr12,103246753,C,CA,No,Yes,,,,,,,,,,,,,,,,,,
chr12,103246755,C,CA,No,Yes,,,,,,,,,,,,,,,,,,
chr12,103246761,T,TA,No,Yes,,,,,,,,,,,,,,,,,,
chr12,103246766,A,AC,No,Yes,,,,,,,,,,,,,,,,,,
chr12,103248860,GC,G,No,Yes,,,,,,,,,,,,,,,,,,
chr12,103248867,TC,T,No,Yes,,,,,,,,,,,,,,,,,,
chr12,103248870,T,TC,No,Yes,,,,,,,,,,,,,,,,,,
chr12,103248875,CA,C,No,Yes,,,,,,,,,,,,,,,,,,
chr12,103248889,G,GC,No,Yes,,,,,,,,,,,,,,,,,,
chr12,103248896,AC,A,No,Yes,,,,,,,,,,,,,,,,,,
chr12,103248905,TG,T,No,Yes,,,,,,,,,,,,,,,,,,
chr12,103248924,C,T,No,Yes,,PAH,,LOW;MODIFIER,,downstream_gene_variant;non_coding_transcript_exon_variant;synonymous_variant;upstream_gene_variant,,ENST00000307000.2:c.681G>A;ENST00000549111.1:n.792G>A;ENST00000553106.1:c.696G>A,,ENSP00000303500.2:p.Gln227%3D;ENSP00000448059.1:p.Gln232%3D,,Benign,,not_specified&not_provided&Phenylketonuria,,criteria_provided&_multiple_submitters&_no_conflicts,,rs1126758&COSV61015935
chr12,103248975,CT,C,No,Yes,,,,,,,,,,,,,,,,,,
chr12,103248989,GA,G,No,Yes,,,,,,,,,,,,,,,,,,
chr12,103248998,G,GA,No,Yes,,,,,,,,,,,,,,,,,,
chr12,103249009,T,C,No,Yes,,PAH,,MODERATE;MODIFIER,,downstream_gene_variant;missense_variant;non_coding_transcript_exon_variant;upstream_gene_variant,,ENST00000307000.2:c.596A>G;ENST00000549111.1:n.707A>G;ENST00000553106.1:c.611A>G,,ENSP00000303500.2:p.Tyr199Cys;ENSP00000448059.1:p.Tyr204Cys,,Pathogenic,,not_provided&Phenylketonuria,,reviewed_by_expert_panel,,rs62514927&CM123352&CS971842
chr12,103249014,A,AG,No,Yes,,,,,,,,,,,,,,,,,,
chr12,103249021,GT,G,No,Yes,,,,,,,,,,,,,,,,,,
chr12,103249044,C,CT,No,Yes,,,,,,,,,,,,,,,,,,
chr12,103249056,GC,G,No,Yes,,,,,,,,,,,,,,,,,,
chr12,103249061,A,AT,No,Yes,,,,,,,,,,,,,,,,,,
chr12,103249093,C,CG,No,Yes,,,,,,,,,,,,,,,,,,
chr12,103249095,AG,A,No,Yes,,,,,,,,,,,,,,,,,,
chr12,103249100,TG,T,No,Yes,,,,,,,,,,,,,,,,,,
chr12,103249106,GC,G,No,Yes,,,,,,,,,,,,,,,,,,
chr12,103249120,AG,A,No,Yes,,,,,,,,,,,,,,,,,,
chr12,103249122,G,A,No,Yes,,PAH,,LOW;MODIFIER,,intron_variant;non_coding_transcript_variant;splice_polypyrimidine_tract_variant;upstream_gene_variant,,ENST00000307000.2:c.495-12C>T;ENST00000549111.1:n.606-12C>T;ENST00000551988.1:n.531-12C>T;ENST00000553106.1:c.510-12C>T,,,,,,,,,,
chr12,103249125,CA,C,No,Yes,,,,,,,,,,,,,,,,,,
chr12,103249144,AG,A,No,Yes,,,,,,,,,,,,,,,,,,
chr12,103249149,AG,A,No,Yes,,,,,,,,,,,,,,,,,,
chr12,103249161,G,GA,No,Yes,,,,,,,,,,,,,,,,,,
chr12,103260316,A,T,No,Yes,,PAH,,MODIFIER,,intron_variant;non_coding_transcript_variant,,ENST00000307000.2:c.494+58T>A;ENST00000549111.1:n.605+58T>A;ENST00000551988.1:n.530+10924T>A;ENST00000553106.1:c.509+58T>A,,,,,,,,,,
chr12,103260320,G,GT,No,Yes,,,,,,,,,,,,,,,,,,
chr12,103260327,AG,A,No,Yes,,,,,,,,,,,,,,,,,,
chr12,103260335,GT,G,No,Yes,,,,,,,,,,,,,,,,,,
chr12,103260347,T,TC,No,Yes,,,,,,,,,,,,,,,,,,
chr12,103260369,C,CG,No,Yes,,,,,,,,,,,,,,,,,,
chr12,103260401,A,G,No,Yes,,PAH,,MODERATE;MODIFIER,,intron_variant;missense_variant;non_coding_transcript_exon_variant;non_coding_transcript_variant,,ENST00000307000.2:c.467T>C;ENST00000549111.1:n.578T>C;ENST00000551988.1:n.530+10839T>C;ENST00000553106.1:c.482T>C,,ENSP00000303500.2:p.Phe156Ser;ENSP00000448059.1:p.Phe161Ser,,Pathogenic,,not_provided&Phenylketonuria,,criteria_provided&_multiple_submitters&_no_conflicts,,rs79635844&CM920545
chr12,103260406,CT,C,No,Yes,,,,,,,,,,,,,,,,,,
chr12,103260435,TA,T,No,Yes,,,,,,,,,,,,,,,,,,
chr12,103260442,C,T,No,Yes,,PAH,,HIGH;MODIFIER,,intron_variant;non_coding_transcript_variant;splice_acceptor_variant,,ENST00000307000.2:c.427-1G>A;ENST00000549111.1:n.538-1G>A;ENST00000551988.1:n.530+10798G>A;ENST00000553106.1:c.442-1G>A,,,,Pathogenic,,not_provided&Phenylketonuria,,reviewed_by_expert_panel,,rs62514907&CS910453&COSV100188291
chr12,103260448,GA,G,No,Yes,,,,,,,,,,,,,,,,,,
chr12,103260463,AT,A,No,Yes,,,,,,,,,,,,,,,,,,
chr12,103271167,A,T,No,Yes,,PAH,,MODIFIER,,downstream_gene_variant;intron_variant;non_coding_transcript_exon_variant;non_coding_transcript_variant,,ENST00000307000.2:c.426+73T>A;ENST00000549111.1:n.537+73T>A;ENST00000550978.1:n.498T>A;ENST00000551988.1:n.530+73T>A;ENST00000553106.1:c.441+73T>A,,,,,,,,,,
chr12,103271179,GA,G,No,Yes,,,,,,,,,,,,,,,,,,
chr12,103271181,AG,A,No,Yes,,,,,,,,,,,,,,,,,,
chr12,103271182,G,A,No,Yes,,PAH,,MODIFIER,,downstream_gene_variant;intron_variant;non_coding_transcript_exon_variant;non_coding_transcript_variant,,ENST00000307000.2:c.426+58C>T;ENST00000549111.1:n.537+58C>T;ENST00000550978.1:n.483C>T;ENST00000551988.1:n.530+58C>T;ENST00000553106.1:c.441+58C>T,,,,,,,,,,rs1269004203
chr12,103271184,G,A,No,Yes,,PAH,,MODIFIER,,downstream_gene_variant;intron_variant;non_coding_transcript_exon_variant;non_coding_transcript_variant,,ENST00000307000.2:c.426+56C>T;ENST00000549111.1:n.537+56C>T;ENST00000550978.1:n.481C>T;ENST00000551988.1:n.530+56C>T;ENST00000553106.1:c.441+56C>T,,,,,,,,,,rs955108942
chr12,103271185,AG,A,No,Yes,,,,,,,,,,,,,,,,,,
chr12,103271189,G,A,No,Yes,,PAH,,MODIFIER,,downstream_gene_variant;intron_variant;non_coding_transcript_exon_variant;non_coding_transcript_variant,,ENST00000307000.2:c.426+51C>T;ENST00000549111.1:n.537+51C>T;ENST00000550978.1:n.476C>T;ENST00000551988.1:n.530+51C>T;ENST00000553106.1:c.441+51C>T,,,,,,,,,,rs752608671
chr12,103271192,TG,T,No,Yes,,,,,,,,,,,,,,,,,,
chr12,103271193,G,A,No,Yes,,PAH,,MODIFIER,,downstream_gene_variant;intron_variant;non_coding_transcript_exon_variant;non_coding_transcript_variant,,ENST00000307000.2:c.426+47C>T;ENST00000549111.1:n.537+47C>T;ENST00000550978.1:n.472C>T;ENST00000551988.1:n.530+47C>T;ENST00000553106.1:c.441+47C>T,,,,Benign,,not_specified&not_provided&Phenylketonuria,,reviewed_by_expert_panel,,rs1718301&COSV61016577
chr12,103271200,AG,A,No,Yes,,,,,,,,,,,,,,,,,,
chr12,103271207,GA,G,No,Yes,,,,,,,,,,,,,,,,,,
chr12,103271208,A,G,No,Yes,,PAH,,MODIFIER,,downstream_gene_variant;intron_variant;non_coding_transcript_exon_variant;non_coding_transcript_variant,,ENST00000307000.2:c.426+32T>C;ENST00000549111.1:n.537+32T>C;ENST00000550978.1:n.457T>C;ENST00000551988.1:n.530+32T>C;ENST00000553106.1:c.441+32T>C,,,,,,,,,,
chr12,103271224,C,CG,No,Yes,,,,,,,,,,,,,,,,,,
chr12,103271227,GC,G,No,Yes,,,,,,,,,,,,,,,,,,
chr12,103271240,AG,A,No,Yes,,,,,,,,,,,,,,,,,,
chr12,103271244,T,TG,No,Yes,,,,,,,,,,,,,,,,,,
chr12,103288458,AT,A,No,Yes,,,,,,,,,,,,,,,,,,
chr12,103288465,GA,G,No,Yes,,,,,,,,,,,,,,,,,,
chr12,103288483,C,CT,No,Yes,,,,,,,,,,,,,,,,,,
chr12,103288492,CA,C,No,Yes,,,,,,,,,,,,,,,,,,
chr12,103288503,TA,T,No,Yes,,,,,,,,,,,,,,,,,,
chr12,103288536,GA,G,No,Yes,,,,,,,,,,,,,,,,,,
chr12,103288595,AG,A,No,Yes,,,,,,,,,,,,,,,,,,
chr12,103288616,CA,C,No,Yes,,,,,,,,,,,,,,,,,,
chr12,103288625,GA,G,No,Yes,,,,,,,,,,,,,,,,,,
chr12,103288666,AT,A,No,Yes,,,,,,,,,,,,,,,,,,
chr12,103288710,TG,T,No,Yes,,,,,,,,,,,,,,,,,,
chr12,103288719,T,TG,No,Yes,,,,,,,,,,,,,,,,,,
chr12,103306507,TAG,T,No,Yes,,,,,,,,,,,,,,,,,,
chr12,103306524,G,GT,No,Yes,,,,,,,,,,,,,,,,,,
chr12,103306550,A,G,No,Yes,,PAH,,MODIFIER,,downstream_gene_variant;intron_variant;non_coding_transcript_variant,,ENST00000307000.2:c.153+19T>C;ENST00000546844.1:c.168+19T>C;ENST00000548677.1:n.255+19T>C;ENST00000548928.1:n.90+19T>C;ENST00000549111.1:n.264+19T>C;ENST00000550978.1:n.152+19T>C;ENST00000551337.1:c.168+19T>C;ENST00000551988.1:n.257+19T>C;ENST00000553106.1:c.168+19T>C,,,,Benign,,not_specified&not_provided&Phenylketonuria,,reviewed_by_expert_panel,,rs17842947&CS135060&COSV61016895
chr12,103306641,AT,A,No,Yes,,,,,,,,,,,,,,,,,,
chr12,103306679,A,AT,No,Yes,,,,,,,,,,,,,,,,,,
chr12,103306681,A,AG,No,Yes,,,,,,,,,,,,,,,,,,
chr12,103306689,A,AT,No,Yes,,,,,,,,,,,,,,,,,,
chr12,103306693,A,AT,No,Yes,,,,,,,,,,,,,,,,,,
chr12,103306697,G,GT,No,Yes,,,,,,,,,,,,,,,,,,
chr12,103306700,TA,T,No,Yes,,,,,,,,,,,,,,,,,,
chr12,103306706,AT,A,No,Yes,,,,,,,,,,,,,,,,,,
chr12,103306716,GT,G,No,Yes,,,,,,,,,,,,,,,,,,
chr12,103306721,G,GT,No,Yes,,,,,,,,,,,,,,,,,,
chr12,103306730,T,TC,No,Yes,,,,,,,,,,,,,,,,,,
chr12,103306734,G,GT,No,Yes,,,,,,,,,,,,,,,,,,
chr12,103306736,T,TA,No,Yes,,,,,,,,,,,,,,,,,,
chr12,103306742,T,TC,No,Yes,,,,,,,,,,,,,,,,,,
chr12,103310775,CCA,C,No,Yes,,,,,,,,,,,,,,,,,,
chr12,103310776,C,T,No,Yes,,PAH,,MODIFIER,,downstream_gene_variant;intron_variant;non_coding_transcript_variant;upstream_gene_variant,,ENST00000307000.2:c.-88+73G>A;ENST00000546844.1:c.60+73G>A;ENST00000547319.1:n.371+73G>A;ENST00000549111.1:n.156+73G>A;ENST00000550978.1:n.44+73G>A;ENST00000551337.1:c.60+73G>A;ENST00000551988.1:n.149+73G>A;ENST00000553106.1:c.60+73G>A,,,,,,,,,,
chr12,103310777,A,T,No,Yes,,PAH,,MODIFIER,,downstream_gene_variant;intron_variant;non_coding_transcript_variant;upstream_gene_variant,,ENST00000307000.2:c.-88+72T>A;ENST00000546844.1:c.60+72T>A;ENST00000547319.1:n.371+72T>A;ENST00000549111.1:n.156+72T>A;ENST00000550978.1:n.44+72T>A;ENST00000551337.1:c.60+72T>A;ENST00000551988.1:n.149+72T>A;ENST00000553106.1:c.60+72T>A,,,,,,,,,,
chr12,103310785,T,TC,No,Yes,,,,,,,,,,,,,,,,,,
chr12,103310788,G,GA,No,Yes,,,,,,,,,,,,,,,,,,
chr12,103310790,T,TC,No,Yes,,,,,,,,,,,,,,,,,,
chr12,103310800,T,TG,No,Yes,,,,,,,,,,,,,,,,,,
chr12,103310808,CA,C,No,Yes,,,,,,,,,,,,,,,,,,
chr12,103310818,TA,T,No,Yes,,,,,,,,,,,,,,,,,,
chr12,103310822,T,TC,No,Yes,,,,,,,,,,,,,,,,,,
chr12,103310837,G,GC,No,Yes,,,,,,,,,,,,,,,,,,
chr12,103310854,CA,C,No,Yes,,,,,,,,,,,,,,,,,,
chr12,103310866,GT,G,No,Yes,,,,,,,,,,,,,,,,,,
chr12,103310882,TG,T,No,Yes,,,,,,,,,,,,,,,,,,
chr12,103310892,A,AG,No,Yes,,,,,,,,,,,,,,,,,,
chr12,103310895,AC,A,No,Yes,,,,,,,,,,,,,,,,,,
chr12,103310937,CT,C,No,Yes,,,,,,,,,,,,,,,,,,
chr12,103310938,T,C,No,Yes,,PAH,,MODIFIER,,5_prime_UTR_variant;downstream_gene_variant;non_coding_transcript_exon_variant;upstream_gene_variant,,ENST00000307000.2:c.-177A>G;ENST00000546844.1:c.-30A>G;ENST00000547319.1:n.282A>G;ENST00000549111.1:n.67A>G;ENST00000551337.1:c.-30A>G;ENST00000551988.1:n.60A>G;ENST00000553106.1:c.-30A>G,,,,,,,,,,
chr12,103310979,TG,T,No,Yes,,,,,,,,,,,,,,,,,,
chr12,103311020,A,AG,No,Yes,,,,,,,,,,,,,,,,,,
chr12,103311025,CA,C,No,Yes,,,,,,,,,,,,,,,,,,
chr12,103311028,A,AG,No,Yes,,,,,,,,,,,,,,,,,,
chr12,103311059,A,AC,No,Yes,,,,,,,,,,,,,,,,,,
chr12,103311061,TA,T,No,Yes,,,,,,,,,,,,,,,,,,
chr12,103311065,GC,G,No,Yes,,,,,,,,,,,,,,,,,,
chr12,103311073,TG,T,No,Yes,,,,,,,,,,,,,,,,,,
chr12,103311078,GT,G,No,Yes,,,,,,,,,,,,,,,,,,
chr12,103311099,AG,A,No,Yes,,,,,,,,,,,,,,,,,,
chr12,103311130,GC,G,No,Yes,,,,,,,,,,,,,,,,,,
chr12,103311138,CG,C,No,Yes,,,,,,,,,,,,,,,,,,
chr12,103311141,GC,G,No,Yes,,,,,,,,,,,,,,,,,,
chr12,103311146,AG,A,No,Yes,,,,,,,,,,,,,,,,,,
chr12,103311151,AG,A,No,Yes,,,,,,,,,,,,,,,,,,
chr12,103311155,G,A,No,Yes,,PAH,,MODIFIER,,5_prime_UTR_variant;intron_variant;non_coding_transcript_variant;upstream_gene_variant,,ENST00000546708.1:n.493-152C>T;ENST00000546844.1:c.-95-152C>T;ENST00000547319.1:n.217-152C>T;ENST00000551337.1:c.-95-152C>T;ENST00000553106.1:c.-247C>T,,,,,,,,,,rs2280616
chr12,103311159,AG,A,No,Yes,,,,,,,,,,,,,,,,,,
chr12,103311163,AG,A,No,Yes,,,,,,,,,,,,,,,,,,
chr12,103311182,AG,A,No,Yes,,,,,,,,,,,,,,,,,,
chr12,103311184,G,GC,No,Yes,,,,,,,,,,,,,,,,,,
chr12,103311194,G,GC,No,Yes,,,,,,,,,,,,,,,,,,
chr12,103311197,GC,G,No,Yes,,,,,,,,,,,,,,,,,,
chr12,103311200,C,CG,No,Yes,,,,,,,,,,,,,,,,,,
chr12,103311201,GC,G,No,Yes,,,,,,,,,,,,,,,,,,
chr12,103311202,C,G,No,Yes,,PAH,,MODIFIER,,5_prime_UTR_variant;intron_variant;non_coding_transcript_variant;upstream_gene_variant,,ENST00000546708.1:n.493-199G>C;ENST00000546844.1:c.-95-199G>C;ENST00000547319.1:n.217-199G>C;ENST00000551337.1:c.-95-199G>C;ENST00000553106.1:c.-294G>C,,,,,,,,,,
chr12,103311212,AG,A,No,Yes,,,,,,,,,,,,,,,,,,
chr12,103311213,G,A,No,Yes,,PAH,,MODIFIER,,5_prime_UTR_variant;intron_variant;non_coding_transcript_variant;upstream_gene_variant,,ENST00000546708.1:n.493-210C>T;ENST00000546844.1:c.-95-210C>T;ENST00000547319.1:n.217-210C>T;ENST00000551337.1:c.-95-210C>T;ENST00000553106.1:c.-305C>T,,,,,,,,,,rs1878431934
chr12,103311221,GC,G,No,Yes,,,,,,,,,,,,,,,,,,
chr12,103311233,CG,C,No,Yes,,,,,,,,,,,,,,,,,,
chr12,103311263,GT,G,No,Yes,,,,,,,,,,,,,,,,,,
chr12,103311267,AG,A,No,Yes,,,,,,,,,,,,,,,,,,
chr12,103311276,C,CG,No,Yes,,,,,,,,,,,,,,,,,,
chr12,103311293,T,TG,No,Yes,,,,,,,,,,,,,,,,,,
chr12,103311344,C,CA,No,Yes,,,,,,,,,,,,,,,,,,
chr12,103311355,A,AC,No,Yes,,,,,,,,,,,,,,,,,,
chr12,103311358,A,AC,No,Yes,,,,,,,,,,,,,,,,,,
chr12,103311362,GC,G,No,Yes,,,,,,,,,,,,,,,,,,
chr12,103311371,AC,A,No,Yes,,,,,,,,,,,,,,,,,,
chr12,103311372,C,T,No,Yes,,PAH,,MODIFIER,,5_prime_UTR_variant;intron_variant;non_coding_transcript_variant;upstream_gene_variant,,ENST00000546708.1:n.493-369G>A;ENST00000546844.1:c.-95-369G>A;ENST00000547319.1:n.217-369G>A;ENST00000551337.1:c.-95-369G>A;ENST00000553106.1:c.-464G>A,,,,,,,,,,rs2136735169
chr12,112194347,T,TA,No,Yes,,,,,,,,,,,,,,,,,,
chr12,112194349,GA,G,No,Yes,,,,,,,,,,,,,,,,,,
chr12,112194363,T,C,No,Yes,,ACAD10,,MODIFIER,,3_prime_UTR_variant;downstream_gene_variant;intron_variant;non_coding_transcript_exon_variant;non_coding_transcript_variant,,ENST00000313698.4:c.*86T>C;ENST00000455480.2:c.*86T>C;ENST00000508303.1:n.2102+211T>C;ENST00000512792.2:n.2078T>C,,,,,,,,,,
chr12,113367864,GC,G,No,Yes,,,,,,,,,,,,,,,,,,
chr12,113367895,A,G,No,Yes,,OAS1;RP1-71H24.1,,MODIFIER,,NMD_transcript_variant;intron_variant;non_coding_transcript_variant,,ENST00000540589.2:c.*63-1788A>G;ENST00000551241.1:c.1039-1788A>G;ENST00000552526.1:c.45-1788A>G;ENST00000552784.1:n.354-21412T>C,,,,,,,,,,rs6489874
chr12,113367897,T,C,No,Yes,,OAS1;RP1-71H24.1,,MODIFIER,,NMD_transcript_variant;intron_variant;non_coding_transcript_variant,,ENST00000540589.2:c.*63-1786T>C;ENST00000551241.1:c.1039-1786T>C;ENST00000552526.1:c.45-1786T>C;ENST00000552784.1:n.354-21414A>G,,,,,,,,,,
chr12,124065970,G,A,No,Yes,,RP11-486O12.2;TMED2,,MODIFIER,,downstream_gene_variant;upstream_gene_variant,,,,,,,,,,,,rs879921941
chr12,124065974,T,C,No,Yes,,RP11-486O12.2;TMED2,,MODIFIER,,downstream_gene_variant;upstream_gene_variant,,,,,,,,,,,,rs1886234501
chr12,124065981,TC,T,No,Yes,,,,,,,,,,,,,,,,,,
chr12,124065987,C,T,No,Yes,,RP11-486O12.2;TMED2,,MODIFIER,,downstream_gene_variant;upstream_gene_variant,,,,,,,,,,,,rs1886234852
chr12,124066004,C,CA,No,Yes,,,,,,,,,,,,,,,,,,
chr12,124066008,CA,C,No,Yes,,,,,,,,,,,,,,,,,,
chr13,20763353,GT,G,No,Yes,,,,,,,,,,,,,,,,,,
chr13,20763510,T,TG,No,Yes,,,,,,,,,,,,,,,,,,
chr13,20763567,CA,C,No,Yes,,,,,,,,,,,,,,,,,,
chr13,20763685,AC,A,No,Yes,,,,,,,,,,,,,,,,,,
chr13,20763691,C,A,No,Yes,,GJB2,,LOW,,synonymous_variant,,ENST00000382844.1:c.30G>T;ENST00000382848.4:c.30G>T,,ENSP00000372295.1:p.Leu10%3D;ENSP00000372299.4:p.Leu10%3D,,,,,,,,COSV101241530&COSV67010685
chr13,20763746,G,GA,No,Yes,,,,,,,,,,,,,,,,,,
chr13,20763757,T,TA,No,Yes,,,,,,,,,,,,,,,,,,
chr13,20763775,C,CA,No,Yes,,,,,,,,,,,,,,,,,,
chr13,20763783,A,AG,No,Yes,,,,,,,,,,,,,,,,,,
chr13,20763800,C,CG,No,Yes,,,,,,,,,,,,,,,,,,
chr13,20763812,T,TG,No,Yes,,,,,,,,,,,,,,,,,,
chr13,20763846,C,CA,No,Yes,,,,,,,,,,,,,,,,,,
chr13,20763853,CA,C,No,Yes,,,,,,,,,,,,,,,,,,
chr13,93775906,C,CT,No,Yes,,,,,,,,,,,,,,,,,,
chr13,93775911,CT,C,No,Yes,,,,,,,,,,,,,,,,,,
chr13,93775931,G,T,No,Yes,,,,MODIFIER,,intergenic_variant,,,,,,,,,,,,rs1411006461
chr13,97187218,A,C,No,Yes,,HS6ST3,,MODIFIER,,intron_variant,,ENST00000376705.2:c.708-297526A>C,,,,,,,,,,
chr13,97187219,C,CA,No,Yes,,,,,,,,,,,,,,,,,,
chr13,97187223,C,CA,No,Yes,,,,,,,,,,,,,,,,,,
chr13,97187227,CA,C,No,Yes,,,,,,,,,,,,,,,,,,
chr13,97187235,G,GA,No,Yes,,,,,,,,,,,,,,,,,,
chr13,97187240,A,G,No,Yes,,HS6ST3,,MODIFIER,,intron_variant,,ENST00000376705.2:c.708-297504A>G,,,,,,,,,,
chr13,97187295,T,C,No,Yes,,HS6ST3,,MODIFIER,,intron_variant,,ENST00000376705.2:c.708-297449T>C,,,,,,,,,,
chr13,113524650,T,C,No,Yes,,ATP11A,,MODIFIER,,NMD_transcript_variant;intron_variant;upstream_gene_variant,,ENST00000283558.8:c.2992-1399T>C;ENST00000375630.2:c.2992-1399T>C;ENST00000375645.3:c.2992-1399T>C;ENST00000471555.1:c.*68-1399T>C;ENST00000487903.1:c.2992-1399T>C,,,,,,,,,,
chr13,113524710,G,GT,No,Yes,,,,,,,,,,,,,,,,,,
chr14,47364922,C,T,No,Yes,,MDGA2,,MODIFIER,,NMD_transcript_variant;intron_variant;non_coding_transcript_variant,,ENST00000357362.3:c.1345-13498G>A;ENST00000399232.2:c.2032-13498G>A;ENST00000426342.1:c.1345-13498G>A;ENST00000439988.3:c.2239-13498G>A;ENST00000555521.1:n.164-13498G>A;ENST00000557238.1:c.*617-13498G>A,,,,,,,,,,
chr14,47364935,GA,G,No,Yes,,,,,,,,,,,,,,,,,,
chr14,47364951,TA,T,No,Yes,,,,,,,,,,,,,,,,,,
chr14,47365066,C,T,No,Yes,,MDGA2,,MODIFIER,,NMD_transcript_variant;intron_variant;non_coding_transcript_variant,,ENST00000357362.3:c.1345-13642G>A;ENST00000399232.2:c.2032-13642G>A;ENST00000426342.1:c.1345-13642G>A;ENST00000439988.3:c.2239-13642G>A;ENST00000555521.1:n.164-13642G>A;ENST00000557238.1:c.*617-13642G>A,,,,,,,,,,rs1883056070
chr14,47365081,A,AGC,No,Yes,,,,,,,,,,,,,,,,,,
chr14,55308655,G,GA,No,Yes,,,,,,,,,,,,,,,,,,
chr14,55308685,A,AT,No,Yes,,,,,,,,,,,,,,,,,,
chr14,55308714,A,G,No,Yes,,GCH1,,MODIFIER,,downstream_gene_variant,,,,,,,,,,,,
chr14,55308715,G,GA,No,Yes,,,,,,,,,,,,,,,,,,
chr14,55308728,C,CA,No,Yes,,,,,,,,,,,,,,,,,,
chr14,55308742,C,CA,No,Yes,,,,,,,,,,,,,,,,,,
chr14,55308796,T,TA,No,Yes,,,,,,,,,,,,,,,,,,
chr14,55308813,AT,A,No,Yes,,,,,,,,,,,,,,,,,,
chr14,55308853,TC,T,No,Yes,,,,,,,,,,,,,,,,,,
chr14,55308862,T,TC,No,Yes,,,,,,,,,,,,,,,,,,
chr14,55308883,GA,G,No,Yes,,,,,,,,,,,,,,,,,,
chr14,55308904,TA,T,No,Yes,,,,,,,,,,,,,,,,,,
chr14,55308916,T,TA,No,Yes,,,,,,,,,,,,,,,,,,
chr14,55308921,C,CA,No,Yes,,,,,,,,,,,,,,,,,,
chr14,55308951,T,TA,No,Yes,,,,,,,,,,,,,,,,,,
chr14,55308978,AC,A,No,Yes,,,,,,,,,,,,,,,,,,
chr14,55308985,T,TA,No,Yes,,,,,,,,,,,,,,,,,,
chr14,55308991,C,CA,No,Yes,,,,,,,,,,,,,,,,,,
chr14,55309016,G,GA,No,Yes,,,,,,,,,,,,,,,,,,
chr14,55309023,TA,T,No,Yes,,,,,,,,,,,,,,,,,,
chr14,55309039,T,TA,No,Yes,,,,,,,,,,,,,,,,,,
chr14,55309057,T,TA,No,Yes,,,,,,,,,,,,,,,,,,
chr14,55309059,T,A,No,Yes,,GCH1,,MODIFIER,,3_prime_UTR_variant;downstream_gene_variant;non_coding_transcript_exon_variant,,ENST00000254299.4:n.2577A>T;ENST00000395514.1:c.*730A>T;ENST00000491895.2:c.*1676A>T;ENST00000536224.2:c.*698A>T;ENST00000543643.2:c.*726A>T,,,,,,,,,,
chr14,55309070,A,AT,No,Yes,,,,,,,,,,,,,,,,,,
chr14,55309085,G,GT,No,Yes,,,,,,,,,,,,,,,,,,
chr14,55309097,GT,G,No,Yes,,,,,,,,,,,,,,,,,,
chr14,55309104,C,CT,No,Yes,,,,,,,,,,,,,,,,,,
chr14,55309107,TA,T,No,Yes,,,,,,,,,,,,,,,,,,
chr14,55309167,C,A,No,Yes,,GCH1,,MODIFIER,,3_prime_UTR_variant;downstream_gene_variant;non_coding_transcript_exon_variant,,ENST00000254299.4:n.2469G>T;ENST00000395514.1:c.*622G>T;ENST00000491895.2:c.*1568G>T;ENST00000536224.2:c.*590G>T;ENST00000543643.2:c.*618G>T,,,,,,,,,,
chr14,55309182,A,G,No,Yes,,GCH1,,MODIFIER,,3_prime_UTR_variant;downstream_gene_variant;non_coding_transcript_exon_variant,,ENST00000254299.4:n.2454T>C;ENST00000395514.1:c.*607T>C;ENST00000491895.2:c.*1553T>C;ENST00000536224.2:c.*575T>C;ENST00000543643.2:c.*603T>C,,,,,,,,,,
chr14,55309187,GC,G,No,Yes,,,,,,,,,,,,,,,,,,
chr14,55309195,TA,T,No,Yes,,,,,,,,,,,,,,,,,,
chr14,55309241,G,GA,No,Yes,,,,,,,,,,,,,,,,,,
chr14,55309272,T,G,No,Yes,,GCH1,,MODIFIER,,3_prime_UTR_variant;downstream_gene_variant;non_coding_transcript_exon_variant,,ENST00000254299.4:n.2364A>C;ENST00000395514.1:c.*517A>C;ENST00000491895.2:c.*1463A>C;ENST00000536224.2:c.*485A>C;ENST00000543643.2:c.*513A>C,,,,,,,,,,
chr14,55309274,GA,G,No,Yes,,,,,,,,,,,,,,,,,,
chr14,55309275,A,G,No,Yes,,GCH1,,MODIFIER,,3_prime_UTR_variant;downstream_gene_variant;non_coding_transcript_exon_variant,,ENST00000254299.4:n.2361T>C;ENST00000395514.1:c.*514T>C;ENST00000491895.2:c.*1460T>C;ENST00000536224.2:c.*482T>C;ENST00000543643.2:c.*510T>C,,,,,,,,,,
chr14,55309282,CA,C,No,Yes,,,,,,,,,,,,,,,,,,
chr14,55309283,A,C,No,Yes,,GCH1,,MODIFIER,,3_prime_UTR_variant;downstream_gene_variant;non_coding_transcript_exon_variant,,ENST00000254299.4:n.2353T>G;ENST00000395514.1:c.*506T>G;ENST00000491895.2:c.*1452T>G;ENST00000536224.2:c.*474T>G;ENST00000543643.2:c.*502T>G,,,,,,,,,,rs1366682814
chr14,55309354,TA,T,No,Yes,,,,,,,,,,,,,,,,,,
chr14,55309365,C,CT,No,Yes,,,,,,,,,,,,,,,,,,
chr14,55309372,CA,C,No,Yes,,,,,,,,,,,,,,,,,,
chr14,55309383,CT,C,No,Yes,,,,,,,,,,,,,,,,,,
chr14,55309388,A,AG,No,Yes,,,,,,,,,,,,,,,,,,
chr14,55309395,TG,T,No,Yes,,,,,,,,,,,,,,,,,,
chr14,55309407,G,GA,No,Yes,,,,,,,,,,,,,,,,,,
chr14,55309421,C,CA,No,Yes,,,,,,,,,,,,,,,,,,
chr14,55309440,A,AT,No,Yes,,,,,,,,,,,,,,,,,,
chr14,55309505,G,GT,No,Yes,,,,,,,,,,,,,,,,,,
chr14,55309508,GC,G,No,Yes,,,,,,,,,,,,,,,,,,
chr14,55309551,AG,A,No,Yes,,,,,,,,,,,,,,,,,,
chr14,55309563,TA,T,No,Yes,,,,,,,,,,,,,,,,,,
chr14,55309595,A,C,No,Yes,,GCH1,,MODIFIER,,3_prime_UTR_variant;downstream_gene_variant;non_coding_transcript_exon_variant,,ENST00000254299.4:n.2041T>G;ENST00000395514.1:c.*194T>G;ENST00000491895.2:c.*1140T>G;ENST00000536224.2:c.*162T>G;ENST00000543643.2:c.*190T>G,,,,,,,,,,
chr14,55309598,AG,A,No,Yes,,,,,,,,,,,,,,,,,,
chr14,55309605,G,GA,No,Yes,,,,,,,,,,,,,,,,,,
chr14,55309609,C,CG,No,Yes,,,,,,,,,,,,,,,,,,
chr14,55309610,A,AC,No,Yes,,,,,,,,,,,,,,,,,,
chr14,55309625,GA,G,No,Yes,,,,,,,,,,,,,,,,,,
chr14,55309630,CG,C,No,Yes,,,,,,,,,,,,,,,,,,
chr14,55309642,CT,C,No,Yes,,,,,,,,,,,,,,,,,,
chr14,55309644,T,TC,No,Yes,,,,,,,,,,,,,,,,,,
chr14,55309652,AT,A,No,Yes,,,,,,,,,,,,,,,,,,
chr14,55309664,C,CT,No,Yes,,,,,,,,,,,,,,,,,,
chr14,55309665,G,GT,No,Yes,,,,,,,,,,,,,,,,,,
chr14,55309669,G,GA,No,Yes,,,,,,,,,,,,,,,,,,
chr14,55309686,TA,T,No,Yes,,,,,,,,,,,,,,,,,,
chr14,55309751,T,TG,No,Yes,,,,,,,,,,,,,,,,,,
chr14,55309770,G,GC,No,Yes,,,,,,,,,,,,,,,,,,
chr14,55309773,C,A,No,Yes,,GCH1,,HIGH;MODIFIER,,3_prime_UTR_variant;non_coding_transcript_exon_variant;non_coding_transcript_variant;splice_acceptor_variant,,ENST00000254299.4:n.1863G>T;ENST00000395514.1:c.*17-1G>T;ENST00000395521.6:n.293-1G>T;ENST00000491895.2:c.*962G>T;ENST00000536224.2:c.627-1G>T;ENST00000543643.2:c.*13-1G>T,,,,,,,,,,rs1431446334
chr14,55309774,T,A,No,Yes,,GCH1,,HIGH;MODIFIER,,3_prime_UTR_variant;non_coding_transcript_exon_variant;non_coding_transcript_variant;splice_acceptor_variant,,ENST00000254299.4:n.1862A>T;ENST00000395514.1:c.*17-2A>T;ENST00000395521.6:n.293-2A>T;ENST00000491895.2:c.*961A>T;ENST00000536224.2:c.627-2A>T;ENST00000543643.2:c.*13-2A>T,,,,,,,,,,
chr14,55309775,GA,G,No,Yes,,,,,,,,,,,,,,,,,,
chr14,55309776,A,G,No,Yes,,GCH1,,LOW;MODIFIER,,3_prime_UTR_variant;intron_variant;non_coding_transcript_exon_variant;non_coding_transcript_variant;splice_polypyrimidine_tract_variant;splice_region_variant,,ENST00000254299.4:n.1860T>C;ENST00000395514.1:c.*17-4T>C;ENST00000395521.6:n.293-4T>C;ENST00000491895.2:c.*959T>C;ENST00000536224.2:c.627-4T>C;ENST00000543643.2:c.*13-4T>C,,,,,,,,,,
chr14,55309783,TG,T,No,Yes,,,,,,,,,,,,,,,,,,
chr14,55309784,G,T,No,Yes,,GCH1,,LOW;MODIFIER,,3_prime_UTR_variant;intron_variant;non_coding_transcript_exon_variant;non_coding_transcript_variant;splice_polypyrimidine_tract_variant,,ENST00000254299.4:n.1852C>A;ENST00000395514.1:c.*17-12C>A;ENST00000395521.6:n.293-12C>A;ENST00000491895.2:c.*951C>A;ENST00000536224.2:c.627-12C>A;ENST00000543643.2:c.*13-12C>A,,,,,,,,,,
chr14,55309788,AC,A,No,Yes,,,,,,,,,,,,,,,,,,
chr14,55309793,CA,C,No,Yes,,,,,,,,,,,,,,,,,,
chr14,55309815,GA,G,No,Yes,,,,,,,,,,,,,,,,,,
chr14,55309823,T,TA,No,Yes,,,,,,,,,,,,,,,,,,
chr14,55309828,T,TA,No,Yes,,,,,,,,,,,,,,,,,,
chr14,55309834,TA,T,No,Yes,,,,,,,,,,,,,,,,,,
chr14,55309835,A,T,No,Yes,,GCH1,,MODIFIER,,3_prime_UTR_variant;intron_variant;non_coding_transcript_exon_variant;non_coding_transcript_variant,,ENST00000254299.4:n.1801T>A;ENST00000395514.1:c.*17-63T>A;ENST00000395521.6:n.293-63T>A;ENST00000491895.2:c.*900T>A;ENST00000536224.2:c.627-63T>A;ENST00000543643.2:c.*13-63T>A,,,,,,,,,,rs2039585366
chr14,55309838,A,G,No,Yes,,GCH1,,MODIFIER,,3_prime_UTR_variant;intron_variant;non_coding_transcript_exon_variant;non_coding_transcript_variant,,ENST00000254299.4:n.1798T>C;ENST00000395514.1:c.*17-66T>C;ENST00000395521.6:n.293-66T>C;ENST00000491895.2:c.*897T>C;ENST00000536224.2:c.627-66T>C;ENST00000543643.2:c.*13-66T>C,,,,,,,,,,
chr14,55309842,A,G,No,Yes,,GCH1,,MODIFIER,,3_prime_UTR_variant;intron_variant;non_coding_transcript_exon_variant;non_coding_transcript_variant,,ENST00000254299.4:n.1794T>C;ENST00000395514.1:c.*17-70T>C;ENST00000395521.6:n.293-70T>C;ENST00000491895.2:c.*893T>C;ENST00000536224.2:c.627-70T>C;ENST00000543643.2:c.*13-70T>C,,,,,,,,,,COSV54302811
chr14,55309848,AG,A,No,Yes,,,,,,,,,,,,,,,,,,
chr14,55309852,G,GA,No,Yes,,,,,,,,,,,,,,,,,,
chr14,55309856,C,CA,No,Yes,,,,,,,,,,,,,,,,,,
chr14,55309857,AT,A,No,Yes,,,,,,,,,,,,,,,,,,
chr14,55309858,T,A,No,Yes,,GCH1,,MODIFIER,,3_prime_UTR_variant;intron_variant;non_coding_transcript_exon_variant;non_coding_transcript_variant,,ENST00000254299.4:n.1778A>T;ENST00000395514.1:c.*17-86A>T;ENST00000395521.6:n.293-86A>T;ENST00000491895.2:c.*877A>T;ENST00000536224.2:c.627-86A>T;ENST00000543643.2:c.*13-86A>T,,,,,,,,,,
chr14,55309861,T,G,No,Yes,,GCH1,,MODIFIER,,3_prime_UTR_variant;intron_variant;non_coding_transcript_exon_variant;non_coding_transcript_variant,,ENST00000254299.4:n.1775A>C;ENST00000395514.1:c.*17-89A>C;ENST00000395521.6:n.293-89A>C;ENST00000491895.2:c.*874A>C;ENST00000536224.2:c.627-89A>C;ENST00000543643.2:c.*13-89A>C,,,,,,,,,,
chr14,55309862,G,T,No,Yes,,GCH1,,MODIFIER,,3_prime_UTR_variant;intron_variant;non_coding_transcript_exon_variant;non_coding_transcript_variant,,ENST00000254299.4:n.1774C>A;ENST00000395514.1:c.*17-90C>A;ENST00000395521.6:n.293-90C>A;ENST00000491895.2:c.*873C>A;ENST00000536224.2:c.627-90C>A;ENST00000543643.2:c.*13-90C>A,,,,,,,,,,
chr14,55309863,AG,A,No,Yes,,,,,,,,,,,,,,,,,,
chr14,55309874,TG,T,No,Yes,,,,,,,,,,,,,,,,,,
chr14,55309905,TA,T,No,Yes,,,,,,,,,,,,,,,,,,
chr14,55309910,T,A,No,Yes,,GCH1,,MODIFIER,,3_prime_UTR_variant;intron_variant;non_coding_transcript_exon_variant;non_coding_transcript_variant,,ENST00000254299.4:n.1726A>T;ENST00000395514.1:c.*17-138A>T;ENST00000395521.6:n.293-138A>T;ENST00000491895.2:c.*825A>T;ENST00000536224.2:c.627-138A>T;ENST00000543643.2:c.*13-138A>T,,,,,,,,,,
chr14,55309911,TA,T,No,Yes,,,,,,,,,,,,,,,,,,
chr14,55309912,A,T,No,Yes,,GCH1,,MODIFIER,,3_prime_UTR_variant;intron_variant;non_coding_transcript_exon_variant;non_coding_transcript_variant,,ENST00000254299.4:n.1724T>A;ENST00000395514.1:c.*17-140T>A;ENST00000395521.6:n.293-140T>A;ENST00000491895.2:c.*823T>A;ENST00000536224.2:c.627-140T>A;ENST00000543643.2:c.*13-140T>A,,,,,,,,,,
chr14,55309916,C,CA,No,Yes,,,,,,,,,,,,,,,,,,
chr14,55309920,G,GA,No,Yes,,,,,,,,,,,,,,,,,,
chr14,55309928,GT,G,No,Yes,,,,,,,,,,,,,,,,,,
chr14,55309931,AT,A,No,Yes,,,,,,,,,,,,,,,,,,
chr14,55309957,TA,T,No,Yes,,,,,,,,,,,,,,,,,,
chr14,55309962,T,TA,No,Yes,,,,,,,,,,,,,,,,,,
chr14,55309964,A,AT,No,Yes,,,,,,,,,,,,,,,,,,
chr14,55309965,T,TA,No,Yes,,,,,,,,,,,,,,,,,,
chr14,55309968,C,CT,No,Yes,,,,,,,,,,,,,,,,,,
chr14,55309974,TA,T,No,Yes,,,,,,,,,,,,,,,,,,
chr14,55309975,A,T,No,Yes,,GCH1,,MODIFIER,,3_prime_UTR_variant;intron_variant;non_coding_transcript_exon_variant;non_coding_transcript_variant,,ENST00000254299.4:n.1661T>A;ENST00000395514.1:c.*17-203T>A;ENST00000395521.6:n.293-203T>A;ENST00000491895.2:c.*760T>A;ENST00000536224.2:c.627-203T>A;ENST00000543643.2:c.*13-203T>A,,,,,,,,,,
chr14,55309979,A,G,No,Yes,,GCH1,,MODIFIER,,3_prime_UTR_variant;intron_variant;non_coding_transcript_exon_variant;non_coding_transcript_variant,,ENST00000254299.4:n.1657T>C;ENST00000395514.1:c.*17-207T>C;ENST00000395521.6:n.293-207T>C;ENST00000491895.2:c.*756T>C;ENST00000536224.2:c.627-207T>C;ENST00000543643.2:c.*13-207T>C,,,,,,,,,,
chr14,55309982,CA,C,No,Yes,,,,,,,,,,,,,,,,,,
chr14,55309988,T,TA,No,Yes,,,,,,,,,,,,,,,,,,
chr14,55309999,TA,T,No,Yes,,,,,,,,,,,,,,,,,,
chr14,55310061,G,GA,No,Yes,,,,,,,,,,,,,,,,,,
chr14,55310071,GT,G,No,Yes,,,,,,,,,,,,,,,,,,
chr14,55310072,T,TA,No,Yes,,,,,,,,,,,,,,,,,,
chr14,55310076,C,CG,No,Yes,,,,,,,,,,,,,,,,,,
chr14,55310080,A,AC,No,Yes,,,,,,,,,,,,,,,,,,
chr14,55310083,A,AG,No,Yes,,,,,,,,,,,,,,,,,,
chr14,55310085,G,GA,No,Yes,,,,,,,,,,,,,,,,,,
chr14,55310097,T,TA,No,Yes,,,,,,,,,,,,,,,,,,
chr14,55310101,C,CT,No,Yes,,,,,,,,,,,,,,,,,,
chr14,55310106,A,AT,No,Yes,,,,,,,,,,,,,,,,,,
chr14,55310109,TA,T,No,Yes,,,,,,,,,,,,,,,,,,
chr14,55310110,A,G,No,Yes,,GCH1,,MODIFIER,,3_prime_UTR_variant;intron_variant;non_coding_transcript_exon_variant;non_coding_transcript_variant,,ENST00000254299.4:n.1526T>C;ENST00000395514.1:c.*17-338T>C;ENST00000395521.6:n.293-338T>C;ENST00000491895.2:c.*625T>C;ENST00000536224.2:c.627-338T>C;ENST00000543643.2:c.*13-338T>C,,,,,,,,,,
chr14,55310120,G,GA,No,Yes,,,,,,,,,,,,,,,,,,
chr14,55310127,G,GA,No,Yes,,,,,,,,,,,,,,,,,,
chr14,55310136,C,CT,No,Yes,,,,,,,,,,,,,,,,,,
chr14,55310151,TA,T,No,Yes,,,,,,,,,,,,,,,,,,
chr14,55310157,CA,C,No,Yes,,,,,,,,,,,,,,,,,,
chr14,55310158,A,T,No,Yes,,GCH1,,MODIFIER,,3_prime_UTR_variant;intron_variant;non_coding_transcript_exon_variant;non_coding_transcript_variant,,ENST00000254299.4:n.1478T>A;ENST00000395514.1:c.*17-386T>A;ENST00000395521.6:n.293-386T>A;ENST00000491895.2:c.*577T>A;ENST00000536224.2:c.627-386T>A;ENST00000543643.2:c.*12+342T>A,,,,,,,,,,
chr14,55310169,C,CT,No,Yes,,,,,,,,,,,,,,,,,,
chr14,55310170,A,AT,No,Yes,,,,,,,,,,,,,,,,,,
chr14,55310175,AC,A,No,Yes,,,,,,,,,,,,,,,,,,
chr14,55310182,TC,T,No,Yes,,,,,,,,,,,,,,,,,,
chr14,55310197,C,CA,No,Yes,,,,,,,,,,,,,,,,,,
chr14,55310209,TA,T,No,Yes,,,,,,,,,,,,,,,,,,
chr14,55310210,A,T,No,Yes,,GCH1,,MODIFIER,,3_prime_UTR_variant;intron_variant;non_coding_transcript_exon_variant;non_coding_transcript_variant,,ENST00000254299.4:n.1426T>A;ENST00000395514.1:c.*17-438T>A;ENST00000395521.6:n.293-438T>A;ENST00000491895.2:c.*525T>A;ENST00000536224.2:c.627-438T>A;ENST00000543643.2:c.*12+290T>A,,,,,,,,,,
chr14,55310218,AT,A,No,Yes,,,,,,,,,,,,,,,,,,
chr14,55310219,T,A,No,Yes,,GCH1,,MODIFIER,,3_prime_UTR_variant;intron_variant;non_coding_transcript_exon_variant;non_coding_transcript_variant,,ENST00000254299.4:n.1417A>T;ENST00000395514.1:c.*17-447A>T;ENST00000395521.6:n.293-447A>T;ENST00000491895.2:c.*516A>T;ENST00000536224.2:c.627-447A>T;ENST00000543643.2:c.*12+281A>T,,,,,,,,,,
chr14,55310223,TA,T,No,Yes,,,,,,,,,,,,,,,,,,
chr14,55310236,TG,T,No,Yes,,,,,,,,,,,,,,,,,,
chr14,55310254,CA,C,No,Yes,,,,,,,,,,,,,,,,,,
chr14,55310313,CT,C,No,Yes,,,,,,,,,,,,,,,,,,
chr14,55310330,CT,C,No,Yes,,,,,,,,,,,,,,,,,,
chr14,55310340,A,AG,No,Yes,,,,,,,,,,,,,,,,,,
chr14,55310342,GA,G,No,Yes,,,,,,,,,,,,,,,,,,
chr14,55310345,GA,G,No,Yes,,,,,,,,,,,,,,,,,,
chr14,55310346,A,G,No,Yes,,GCH1,,MODIFIER,,3_prime_UTR_variant;intron_variant;non_coding_transcript_exon_variant;non_coding_transcript_variant,,ENST00000254299.4:n.1290T>C;ENST00000395514.1:c.*16+373T>C;ENST00000395521.6:n.293-574T>C;ENST00000491895.2:c.*389T>C;ENST00000536224.2:c.627-574T>C;ENST00000543643.2:c.*12+154T>C,,,,,,,,,,
chr14,55310353,A,C,No,Yes,,GCH1,,MODIFIER,,3_prime_UTR_variant;intron_variant;non_coding_transcript_exon_variant;non_coding_transcript_variant,,ENST00000254299.4:n.1283T>G;ENST00000395514.1:c.*16+366T>G;ENST00000395521.6:n.293-581T>G;ENST00000491895.2:c.*382T>G;ENST00000536224.2:c.627-581T>G;ENST00000543643.2:c.*12+147T>G,,,,,,,,,,COSV99581755
chr14,55310362,T,TG,No,Yes,,,,,,,,,,,,,,,,,,
chr14,55310365,G,GT,No,Yes,,,,,,,,,,,,,,,,,,
chr14,55310398,C,T,No,Yes,,GCH1,,MODIFIER,,3_prime_UTR_variant;intron_variant;non_coding_transcript_exon_variant;non_coding_transcript_variant,,ENST00000254299.4:n.1238G>A;ENST00000395514.1:c.*16+321G>A;ENST00000395521.6:n.293-626G>A;ENST00000491895.2:c.*337G>A;ENST00000536224.2:c.627-626G>A;ENST00000543643.2:c.*12+102G>A,,,,,,,,,,
chr14,55310407,C,CA,No,Yes,,,,,,,,,,,,,,,,,,
chr14,55310425,GA,G,No,Yes,,,,,,,,,,,,,,,,,,
chr14,55310479,T,C,No,Yes,,GCH1,,MODIFIER,,3_prime_UTR_variant;intron_variant;non_coding_transcript_exon_variant;non_coding_transcript_variant,,ENST00000254299.4:n.1157A>G;ENST00000395514.1:c.*16+240A>G;ENST00000395521.6:n.293-707A>G;ENST00000491895.2:c.*256A>G;ENST00000536224.2:c.627-707A>G;ENST00000543643.2:c.*12+21A>G,,,,Benign/Likely_benign,,GTP_cyclohydrolase_I_deficiency&Dystonia_5,,criteria_provided&_single_submitter,,rs181674470
chr14,55310481,G,GT,No,Yes,,,,,,,,,,,,,,,,,,
chr14,55310529,CA,C,No,Yes,,,,,,,,,,,,,,,,,,
chr14,55310556,G,A,No,Yes,,GCH1,,MODERATE;MODIFIER,,3_prime_UTR_variant;intron_variant;missense_variant;non_coding_transcript_exon_variant;non_coding_transcript_variant,,ENST00000254299.4:n.1080C>T;ENST00000395514.1:c.*16+163C>T;ENST00000395521.6:n.293-784C>T;ENST00000491895.2:c.*179C>T;ENST00000536224.2:c.627-784C>T;ENST00000543643.2:c.658C>T,,ENSP00000444011.2:p.Pro220Ser,,,,,,,,
chr14,55310562,AC,A,No,Yes,,,,,,,,,,,,,,,,,,
chr14,55310565,CT,C,No,Yes,,,,,,,,,,,,,,,,,,
chr14,55310569,AT,A,No,Yes,,,,,,,,,,,,,,,,,,
chr14,55310591,GA,G,No,Yes,,,,,,,,,,,,,,,,,,
chr14,55310592,A,G,No,Yes,,GCH1,,LOW;MODIFIER,,3_prime_UTR_variant;intron_variant;non_coding_transcript_exon_variant;non_coding_transcript_variant;splice_polypyrimidine_tract_variant;splice_region_variant,,ENST00000254299.4:n.1044T>C;ENST00000395514.1:c.*16+127T>C;ENST00000395521.6:n.293-820T>C;ENST00000491895.2:c.*143T>C;ENST00000536224.2:c.627-820T>C;ENST00000543643.2:c.627-5T>C,,,,,,,,,,
chr14,55310594,A,T,No,Yes,,GCH1,,LOW;MODIFIER,,3_prime_UTR_variant;intron_variant;non_coding_transcript_exon_variant;non_coding_transcript_variant;splice_polypyrimidine_tract_variant;splice_region_variant,,ENST00000254299.4:n.1042T>A;ENST00000395514.1:c.*16+125T>A;ENST00000395521.6:n.293-822T>A;ENST00000491895.2:c.*141T>A;ENST00000536224.2:c.627-822T>A;ENST00000543643.2:c.627-7T>A,,,,,,,,,,
chr14,55310595,T,A,No,Yes,,GCH1,,LOW;MODIFIER,,3_prime_UTR_variant;intron_variant;non_coding_transcript_exon_variant;non_coding_transcript_variant;splice_polypyrimidine_tract_variant;splice_region_variant,,ENST00000254299.4:n.1041A>T;ENST00000395514.1:c.*16+124A>T;ENST00000395521.6:n.293-823A>T;ENST00000491895.2:c.*140A>T;ENST00000536224.2:c.627-823A>T;ENST00000543643.2:c.627-8A>T,,,,,,,,,,
chr14,55310597,A,AT,No,Yes,,,,,,,,,,,,,,,,,,
chr14,55310658,G,GA,No,Yes,,,,,,,,,,,,,,,,,,
chr14,55310671,C,CG,No,Yes,,,,,,,,,,,,,,,,,,
chr14,55310704,C,CG,No,Yes,,,,,,,,,,,,,,,,,,
chr14,55310711,C,CA,No,Yes,,,,,,,,,,,,,,,,,,
chr14,55310826,AT,A,No,Yes,,,,,,,,,,,,,,,,,,
chr14,55310852,A,AC,No,Yes,,,,,,,,,,,,,,,,,,
chr14,55310865,CA,C,No,Yes,,,,,,,,,,,,,,,,,,
chr14,55310881,AG,A,No,Yes,,,,,,,,,,,,,,,,,,
chr14,55310886,G,GT,No,Yes,,,,,,,,,,,,,,,,,,
chr14,55310889,TA,T,No,Yes,,,,,,,,,,,,,,,,,,
chr14,55312457,GAC,G,No,Yes,,,,,,,,,,,,,,,,,,
chr14,55312468,AG,A,No,Yes,,,,,,,,,,,,,,,,,,
chr14,55312501,A,AC,No,Yes,,,,,,,,,,,,,,,,,,
chr14,55312523,AG,A,No,Yes,,,,,,,,,,,,,,,,,,
chr14,55312524,GGC,G,No,Yes,,,,,,,,,,,,,,,,,,
chr14,55312525,GC,G,No,Yes,,,,,,,,,,,,,,,,,,
chr14,55312546,AT,A,No,Yes,,,,,,,,,,,,,,,,,,
chr14,55312550,G,GT,No,Yes,,,,,,,,,,,,,,,,,,
chr14,55313747,C,CA,No,Yes,,,,,,,,,,,,,,,,,,
chr14,55313753,T,TA,No,Yes,,,,,,,,,,,,,,,,,,
chr14,55313761,T,TA,No,Yes,,,,,,,,,,,,,,,,,,
chr14,55313769,GA,G,No,Yes,,,,,,,,,,,,,,,,,,
chr14,55313770,A,G,No,Yes,,GCH1,,MODIFIER,,intron_variant;non_coding_transcript_variant,,ENST00000254299.4:n.689+47T>C;ENST00000395514.1:c.541+47T>C;ENST00000395521.6:n.293-3998T>C;ENST00000491895.2:c.541+47T>C;ENST00000536224.2:c.541+47T>C;ENST00000543643.2:c.541+47T>C,,,,,,,,,,
chr14,55313777,A,G,No,Yes,,GCH1,,MODIFIER,,intron_variant;non_coding_transcript_variant,,ENST00000254299.4:n.689+40T>C;ENST00000395514.1:c.541+40T>C;ENST00000395521.6:n.293-4005T>C;ENST00000491895.2:c.541+40T>C;ENST00000536224.2:c.541+40T>C;ENST00000543643.2:c.541+40T>C,,,,,,,,,,
chr14,55313778,G,GA,No,Yes,,,,,,,,,,,,,,,,,,
chr14,55313802,AT,A,No,Yes,,,,,,,,,,,,,,,,,,
chr14,55313852,GA,G,No,Yes,,,,,,,,,,,,,,,,,,
chr14,55313866,GT,G,No,Yes,,,,,,,,,,,,,,,,,,
chr14,55313867,T,A,No,Yes,,GCH1,,MODIFIER,,intron_variant;non_coding_transcript_variant,,ENST00000254299.4:n.658-19A>T;ENST00000395514.1:c.510-19A>T;ENST00000395521.6:n.293-4095A>T;ENST00000491895.2:c.510-19A>T;ENST00000536224.2:c.510-19A>T;ENST00000543643.2:c.510-19A>T,,,,Likely_benign,,Dystonia_5&GTP_cyclohydrolase_I_deficiency,,criteria_provided&_single_submitter,,rs778122258
chr14,55326308,TA,T,No,Yes,,,,,,,,,,,,,,,,,,
chr14,55326311,A,AG,No,Yes,,,,,,,,,,,,,,,,,,
chr14,55326316,GA,G,No,Yes,,,,,,,,,,,,,,,,,,
chr14,55326320,GC,G,No,Yes,,,,,,,,,,,,,,,,,,
chr14,55326348,AG,A,No,Yes,,,,,,,,,,,,,,,,,,
chr14,55326361,T,TA,No,Yes,,,,,,,,,,,,,,,,,,
chr14,55326455,CT,C,No,Yes,,,,,,,,,,,,,,,,,,
chr14,55332027,C,CA,No,Yes,,,,,,,,,,,,,,,,,,
chr14,55332030,C,CA,No,Yes,,,,,,,,,,,,,,,,,,
chr14,55332082,GA,G,No,Yes,,,,,,,,,,,,,,,,,,
chr14,55368921,G,GC,No,Yes,,,,,,,,,,,,,,,,,,
chr14,55368937,CA,C,No,Yes,,,,,,,,,,,,,,,,,,
chr14,55368979,GT,G,No,Yes,,,,,,,,,,,,,,,,,,
chr14,55368986,G,C,No,Yes,,GCH1,,MODIFIER,,intron_variant;non_coding_transcript_variant,,ENST00000254299.4:n.491+53C>G;ENST00000395514.1:c.343+53C>G;ENST00000395521.6:n.126+53C>G;ENST00000491895.2:c.343+53C>G;ENST00000536224.2:c.343+53C>G;ENST00000543643.2:c.343+53C>G,,,,Benign,,not_provided,,criteria_provided&_multiple_submitters&_no_conflicts,,rs2183080
chr14,55368995,GC,G,No,Yes,,,,,,,,,,,,,,,,,,
chr14,55369004,G,GC,No,Yes,,,,,,,,,,,,,,,,,,
chr14,55369008,G,GC,No,Yes,,,,,,,,,,,,,,,,,,
chr14,55369089,GC,G,No,Yes,,,,,,,,,,,,,,,,,,
chr14,55369096,AG,A,No,Yes,,,,,,,,,,,,,,,,,,
chr14,55369217,GC,G,No,Yes,,,,,,,,,,,,,,,,,,
chr14,55369325,G,GC,No,Yes,,,,,,,,,,,,,,,,,,
chr14,55369333,TG,T,No,Yes,,,,,,,,,,,,,,,,,,
chr14,55369367,AG,A,No,Yes,,,,,,,,,,,,,,,,,,
chr14,55369400,GC,G,No,Yes,,,,,,,,,,,,,,,,,,
chr14,55369414,A,AC,No,Yes,,,,,,,,,,,,,,,,,,
chr14,55369415,C,A,No,Yes,,GCH1,,MODIFIER,,5_prime_UTR_variant;non_coding_transcript_exon_variant;upstream_gene_variant,,ENST00000254299.4:n.115G>T;ENST00000395514.1:c.-34G>T;ENST00000491895.2:c.-34G>T;ENST00000536224.2:c.-34G>T;ENST00000543643.2:c.-34G>T,,,,,,,,,,rs112573943
chr14,55369418,CG,C,No,Yes,,,,,,,,,,,,,,,,,,
chr14,55369419,G,C,No,Yes,,GCH1,,MODIFIER,,5_prime_UTR_variant;non_coding_transcript_exon_variant;upstream_gene_variant,,ENST00000254299.4:n.111C>G;ENST00000395514.1:c.-38C>G;ENST00000491895.2:c.-38C>G;ENST00000536224.2:c.-38C>G;ENST00000543643.2:c.-38C>G,,,,,,,,,,rs1408507547
chr14,55369448,C,CG,No,Yes,,,,,,,,,,,,,,,,,,
chr14,55369460,C,CG,No,Yes,,,,,,,,,,,,,,,,,,
chr14,55369467,TG,T,No,Yes,,,,,,,,,,,,,,,,,,
chr14,55369490,AG,A,No,Yes,,,,,,,,,,,,,,,,,,
chr14,55369494,AG,A,No,Yes,,,,,,,,,,,,,,,,,,
chr14,55369502,A,G,No,Yes,,GCH1,,MODIFIER,,5_prime_UTR_variant;non_coding_transcript_exon_variant;upstream_gene_variant,,ENST00000254299.4:n.28T>C;ENST00000395514.1:c.-121T>C;ENST00000491895.2:c.-121T>C;ENST00000536224.2:c.-121T>C;ENST00000543643.2:c.-121T>C,,,,Benign,,GTP_cyclohydrolase_I_deficiency&not_provided&Dystonia_5,,criteria_provided&_multiple_submitters&_no_conflicts,,rs1753589
chr14,55369527,C,CG,No,Yes,,,,,,,,,,,,,,,,,,
chr14,55369565,CT,C,No,Yes,,,,,,,,,,,,,,,,,,
chr14,62106571,AT,A,No,Yes,,,,,,,,,,,,,,,,,,
chr14,62106593,GA,G,No,Yes,,,,,,,,,,,,,,,,,,
chr14,62106607,T,TA,No,Yes,,,,,,,,,,,,,,,,,,
chr14,62106639,G,GT,No,Yes,,,,,,,,,,,,,,,,,,
chr14,62106645,TA,T,No,Yes,,,,,,,,,,,,,,,,,,
chr14,62106650,GT,G,No,Yes,,,,,,,,,,,,,,,,,,
chr14,90407881,G,GT,No,Yes,,,,,,,,,,,,,,,,,,
chr14,90407890,C,CT,No,Yes,,,,,,,,,,,,,,,,,,
chr14,90407909,A,AT,No,Yes,,,,,,,,,,,,,,,,,,
chr14,90407918,C,CT,No,Yes,,,,,,,,,,,,,,,,,,
chr14,90407928,CTT,C,No,Yes,,,,,,,,,,,,,,,,,,
chr14,90407944,G,GT,No,Yes,,,,,,,,,,,,,,,,,,
chr14,95589852,C,T,No,Yes,,DICER1,,MODIFIER,,intron_variant;non_coding_transcript_variant,,ENST00000343455.3:c.1376+681G>A;ENST00000393063.1:c.1376+681G>A;ENST00000526495.1:c.1376+681G>A;ENST00000527414.1:c.1376+681G>A;ENST00000532458.1:n.80+681G>A;ENST00000541352.1:c.1376+681G>A,,,,,,,,,,
chr14,95589853,A,T,No,Yes,,DICER1,,MODIFIER,,intron_variant;non_coding_transcript_variant,,ENST00000343455.3:c.1376+680T>A;ENST00000393063.1:c.1376+680T>A;ENST00000526495.1:c.1376+680T>A;ENST00000527414.1:c.1376+680T>A;ENST00000532458.1:n.80+680T>A;ENST00000541352.1:c.1376+680T>A,,,,,,,,,,
chr14,95589868,TC,T,No,Yes,,,,,,,,,,,,,,,,,,
chr14,95589923,AT,A,No,Yes,,,,,,,,,,,,,,,,,,
chr14,95589931,AT,A,No,Yes,,,,,,,,,,,,,,,,,,
chr14,95589995,TG,T,No,Yes,,,,,,,,,,,,,,,,,,
chr15,38006485,TG,T,No,Yes,,,,,,,,,,,,,,,,,,
chr15,38006516,GC,G,No,Yes,,,,,,,,,,,,,,,,,,
chr15,38006534,A,AC,No,Yes,,,,,,,,,,,,,,,,,,
chr15,38006546,T,C,No,Yes,,,,MODIFIER,,intergenic_variant,,,,,,,,,,,,
chr15,38006576,T,C,No,Yes,,,,MODIFIER,,intergenic_variant,,,,,,,,,,,,rs776378960
chr15,41056216,GC,G,No,Yes,,,,,,,,,,,,,,,,,,
chr15,41056317,AG,A,No,Yes,,,,,,,,,,,,,,,,,,
chr15,41056328,CG,C,No,Yes,,,,,,,,,,,,,,,,,,
chr15,41056337,GC,G,No,Yes,,,,,,,,,,,,,,,,,,
chr15,41056357,G,GC,No,Yes,,,,,,,,,,,,,,,,,,
chr15,41056381,GC,G,No,Yes,,,,,,,,,,,,,,,,,,
chr15,41056397,A,AC,No,Yes,,,,,,,,,,,,,,,,,,
chr15,41056413,T,TG,No,Yes,,,,,,,,,,,,,,,,,,
chr15,41056425,GC,G,No,Yes,,,,,,,,,,,,,,,,,,
chr15,41056445,C,CG,No,Yes,,,,,,,,,,,,,,,,,,
chr15,41056459,AG,A,No,Yes,,,,,,,,,,,,,,,,,,
chr15,41057950,G,T,No,Yes,,C15orf62;DNAJC17;GCHFR;SUMO2P15,,MODIFIER,,5_prime_UTR_variant;downstream_gene_variant;intron_variant;non_coding_transcript_variant;upstream_gene_variant,,ENST00000260447.4:c.37-75G>T;ENST00000558467.1:c.-90G>T;ENST00000558670.1:n.95-1474G>T;ENST00000559445.1:c.37-108G>T;ENST00000559932.1:c.-15-75G>T;ENST00000561160.1:c.37-75G>T,,,,,,,,,,rs1888932809
chr15,41057951,G,A,No,Yes,,C15orf62;DNAJC17;GCHFR;SUMO2P15,,MODIFIER,,5_prime_UTR_variant;downstream_gene_variant;intron_variant;non_coding_transcript_variant;upstream_gene_variant,,ENST00000260447.4:c.37-74G>A;ENST00000558467.1:c.-89G>A;ENST00000558670.1:n.95-1473G>A;ENST00000559445.1:c.37-107G>A;ENST00000559932.1:c.-15-74G>A;ENST00000561160.1:c.37-74G>A,,,,,,,,,,
chr15,41057963,AG,A,No,Yes,,,,,,,,,,,,,,,,,,
chr15,41057968,A,AC,No,Yes,,,,,,,,,,,,,,,,,,
chr15,41057980,T,TC,No,Yes,,,,,,,,,,,,,,,,,,
chr15,41058029,T,TG,No,Yes,,,,,,,,,,,,,,,,,,
chr15,41058040,AT,A,No,Yes,,,,,,,,,,,,,,,,,,
chr15,41058044,TG,T,No,Yes,,,,,,,,,,,,,,,,,,
chr15,41058079,C,CG,No,Yes,,,,,,,,,,,,,,,,,,
chr15,41058083,TG,T,No,Yes,,,,,,,,,,,,,,,,,,
chr15,41058114,C,CA,No,Yes,,,,,,,,,,,,,,,,,,
chr15,41058165,A,G,No,Yes,,C15orf62;DNAJC17;GCHFR,,MODIFIER,,3_prime_UTR_variant;downstream_gene_variant;intron_variant;non_coding_transcript_variant;upstream_gene_variant,,ENST00000260447.4:c.131+46A>G;ENST00000558467.1:c.80+46A>G;ENST00000558670.1:n.95-1259A>G;ENST00000559445.1:c.98+46A>G;ENST00000559932.1:c.80+46A>G;ENST00000561160.1:c.*42A>G,,,,,,,,,,rs1195534151&COSV53067064
chr15,41059362,A,G,No,Yes,,C15orf62;DNAJC17;GCHFR,,MODIFIER,,downstream_gene_variant;intron_variant;non_coding_transcript_variant;upstream_gene_variant,,ENST00000260447.4:c.132-62A>G;ENST00000558467.1:c.81-62A>G;ENST00000558670.1:n.95-62A>G;ENST00000559445.1:c.99-62A>G;ENST00000559932.1:c.81-62A>G,,,,,,,,,,
chr15,41059373,A,AC,No,Yes,,,,,,,,,,,,,,,,,,
chr15,41059377,G,GC,No,Yes,,,,,,,,,,,,,,,,,,
chr15,41059388,GC,G,No,Yes,,,,,,,,,,,,,,,,,,
chr15,41059398,AC,A,No,Yes,,,,,,,,,,,,,,,,,,
chr15,41059399,C,A,No,Yes,,C15orf62;DNAJC17;GCHFR,,MODIFIER,,downstream_gene_variant;intron_variant;non_coding_transcript_variant;upstream_gene_variant,,ENST00000260447.4:c.132-25C>A;ENST00000558467.1:c.81-25C>A;ENST00000558670.1:n.95-25C>A;ENST00000559445.1:c.99-25C>A;ENST00000559932.1:c.81-25C>A,,,,,,,,,,
chr15,41059428,GA,G,No,Yes,,,,,,,,,,,,,,,,,,
chr15,41059444,AC,A,No,Yes,,,,,,,,,,,,,,,,,,
chr15,41059448,TC,T,No,Yes,,,,,,,,,,,,,,,,,,
chr15,41059479,AG,A,No,Yes,,,,,,,,,,,,,,,,,,
chr15,41059504,C,CG,No,Yes,,,,,,,,,,,,,,,,,,
chr15,41059516,A,AG,No,Yes,,,,,,,,,,,,,,,,,,
chr15,41059570,CG,C,No,Yes,,,,,,,,,,,,,,,,,,
chr15,41059575,C,CG,No,Yes,,,,,,,,,,,,,,,,,,
chr15,41059576,A,AG,No,Yes,,,,,,,,,,,,,,,,,,
chr15,41059583,TG,T,No,Yes,,,,,,,,,,,,,,,,,,
chr15,41059585,G,A,No,Yes,,C15orf62;DNAJC17;GCHFR,,MODIFIER,,3_prime_UTR_variant;downstream_gene_variant;non_coding_transcript_exon_variant;upstream_gene_variant,,ENST00000260447.4:c.*38G>A;ENST00000558467.1:c.*38G>A;ENST00000558670.1:n.256G>A;ENST00000559445.1:c.*38G>A;ENST00000559932.1:c.*38G>A,,,,,,,,,,rs867123043
chr15,41059586,AG,A,No,Yes,,,,,,,,,,,,,,,,,,
chr15,41059597,TG,T,No,Yes,,,,,,,,,,,,,,,,,,
chr15,41059598,G,T,No,Yes,,C15orf62;DNAJC17;GCHFR,,MODIFIER,,3_prime_UTR_variant;downstream_gene_variant;non_coding_transcript_exon_variant;upstream_gene_variant,,ENST00000260447.4:c.*51G>T;ENST00000558467.1:c.*51G>T;ENST00000558670.1:n.269G>T;ENST00000559445.1:c.*51G>T;ENST00000559932.1:c.*51G>T,,,,,,,,,,rs149691221
chr15,41059611,CA,C,No,Yes,,,,,,,,,,,,,,,,,,
chr15,41059614,G,GC,No,Yes,,,,,,,,,,,,,,,,,,
chr15,41059616,T,TC,No,Yes,,,,,,,,,,,,,,,,,,
chr15,41059623,T,TC,No,Yes,,,,,,,,,,,,,,,,,,
chr15,41059645,CT,C,No,Yes,,,,,,,,,,,,,,,,,,
chr15,41059647,T,TC,No,Yes,,,,,,,,,,,,,,,,,,
chr15,41059650,CA,C,No,Yes,,,,,,,,,,,,,,,,,,
chr15,41059654,T,TC,No,Yes,,,,,,,,,,,,,,,,,,
chr15,41059657,T,TC,No,Yes,,,,,,,,,,,,,,,,,,
chr15,41059662,G,GC,No,Yes,,,,,,,,,,,,,,,,,,
chr15,41059666,TG,T,No,Yes,,,,,,,,,,,,,,,,,,
chr15,41059673,A,AG,No,Yes,,,,,,,,,,,,,,,,,,
chr15,41059674,GC,G,No,Yes,,,,,,,,,,,,,,,,,,
chr15,41059675,C,G,No,Yes,,C15orf62;DNAJC17;GCHFR,,MODIFIER,,3_prime_UTR_variant;downstream_gene_variant;non_coding_transcript_exon_variant;upstream_gene_variant,,ENST00000260447.4:c.*128C>G;ENST00000558467.1:c.*128C>G;ENST00000558670.1:n.346C>G;ENST00000559445.1:c.*128C>G;ENST00000559932.1:c.*128C>G,,,,,,,,,,
chr15,41059678,CA,C,No,Yes,,,,,,,,,,,,,,,,,,
chr15,41059736,GC,G,No,Yes,,,,,,,,,,,,,,,,,,
chr15,41059743,GC,G,No,Yes,,,,,,,,,,,,,,,,,,
chr15,41059761,GC,G,No,Yes,,,,,,,,,,,,,,,,,,
chr15,41059820,GC,G,No,Yes,,,,,,,,,,,,,,,,,,
chr15,41059852,C,T,No,Yes,,C15orf62;DNAJC17;GCHFR,,MODIFIER,,3_prime_UTR_variant;downstream_gene_variant;upstream_gene_variant,,ENST00000260447.4:c.*305C>T;ENST00000558467.1:c.*305C>T;ENST00000559445.1:c.*305C>T,,,,,,,,,,
chr15,41059864,T,TC,No,Yes,,,,,,,,,,,,,,,,,,
chr15,87470808,AC,A,No,Yes,,,,,,,,,,,,,,,,,,
chr15,87470861,T,TA,No,Yes,,,,,,,,,,,,,,,,,,
chr16,28918460,CT,C,No,Yes,,,,,,,,,,,,,,,,,,
chr16,28918470,G,T,No,Yes,,ATP2A1;RABEP2,,MODIFIER,,downstream_gene_variant;intron_variant,,ENST00000357573.6:c.1150-953C>A;ENST00000358201.4:c.1246-953C>A;ENST00000544477.1:c.1033-953C>A,,,,,,,,,,rs1334325640
chr16,28918483,GTTTTT,G,No,Yes,,,,,,,,,,,,,,,,,,
chr16,31035179,A,AT,No,Yes,,,,,,,,,,,,,,,,,,
chr16,31035185,G,A,No,Yes,,,,MODIFIER,,intergenic_variant,,,,,,,,,,,,
chr16,31035186,A,AG,No,Yes,,,,,,,,,,,,,,,,,,
chr16,31035190,C,CT,No,Yes,,,,,,,,,,,,,,,,,,
chr16,31035226,TA,T,No,Yes,,,,,,,,,,,,,,,,,,
chr16,31035229,T,TA,No,Yes,,,,,,,,,,,,,,,,,,
chr16,31035240,AT,A,No,Yes,,,,,,,,,,,,,,,,,,
chr16,31035250,GTTT,G,No,Yes,,,,,,,,,,,,,,,,,,
chr16,34879484,T,C,No,Yes,,RP11-14K3.1;RP11-14K3.7,,MODIFIER,,downstream_gene_variant;non_coding_transcript_exon_variant,,ENST00000567585.1:n.68A>G,,,,,,,,,,
chr16,34879520,A,AC,No,Yes,,,,,,,,,,,,,,,,,,
chr16,34879533,TG,T,No,Yes,,,,,,,,,,,,,,,,,,
chr16,34879565,AG,A,No,Yes,,,,,,,,,,,,,,,,,,
chr16,34879604,AG,A,No,Yes,,,,,,,,,,,,,,,,,,
chr16,34879614,C,CA,No,Yes,,,,,,,,,,,,,,,,,,
chr16,52023894,TG,T,No,Yes,,,,,,,,,,,,,,,,,,
chr16,73097881,TG,T,No,Yes,,,,,,,,,,,,,,,,,,
chr16,73097891,A,AG,No,Yes,,,,,,,,,,,,,,,,,,
chr16,73097901,A,AC,No,Yes,,,,,,,,,,,,,,,,,,
chr16,73097915,AG,A,No,Yes,,,,,,,,,,,,,,,,,,
chr16,73097920,CT,C,No,Yes,,,,,,,,,,,,,,,,,,
chr16,73097939,T,TC,No,Yes,,,,,,,,,,,,,,,,,,
chr16,73097957,G,T,No,Yes,,RP11-346C20.3;RP11-346C20.4;ZFHX3,,MODIFIER,,downstream_gene_variant;upstream_gene_variant,,,,,,,,,,,,rs1269035750
chr16,73098002,GA,G,No,Yes,,,,,,,,,,,,,,,,,,
chr16,73098007,A,G,No,Yes,,RP11-346C20.3;RP11-346C20.4;ZFHX3,,MODIFIER,,downstream_gene_variant;upstream_gene_variant,,,,,,,,,,,,
chr16,73098011,GT,G,No,Yes,,,,,,,,,,,,,,,,,,
chr16,73098014,T,C,No,Yes,,RP11-346C20.3;RP11-346C20.4;ZFHX3,,MODIFIER,,downstream_gene_variant;upstream_gene_variant,,,,,,,,,,,,rs990093009
chr16,73098023,GA,G,No,Yes,,,,,,,,,,,,,,,,,,
chr16,73098027,A,G,No,Yes,,RP11-346C20.3;RP11-346C20.4;ZFHX3,,MODIFIER,,downstream_gene_variant;upstream_gene_variant,,,,,,,,,,,,
chr16,73098038,T,TA,No,Yes,,,,,,,,,,,,,,,,,,
chr16,73098043,A,G,No,Yes,,RP11-346C20.3;RP11-346C20.4;ZFHX3,,MODIFIER,,downstream_gene_variant;upstream_gene_variant,,,,,,,,,,,,
chr16,73098057,AG,A,No,Yes,,,,,,,,,,,,,,,,,,
chr16,73098072,TG,T,No,Yes,,,,,,,,,,,,,,,,,,
chr16,79518084,T,C,No,Yes,,,,MODIFIER,,intergenic_variant,,,,,,,,,,,,
chr16,79518104,AG,A,No,Yes,,,,,,,,,,,,,,,,,,
chr16,79518109,A,G,No,Yes,,,,MODIFIER,,intergenic_variant,,,,,,,,,,,,
chr16,79518124,T,C,No,Yes,,,,MODIFIER,,intergenic_variant,,,,,,,,,,,,rs1005472205
chr16,79518155,A,AC,No,Yes,,,,,,,,,,,,,,,,,,
chr16,88776069,CG,C,No,Yes,,,,,,,,,,,,,,,,,,
chr16,88776078,GC,G,No,Yes,,,,,,,,,,,,,,,,,,
chr16,88776098,GC,G,No,Yes,,,,,,,,,,,,,,,,,,
chr16,88776112,G,GT,No,Yes,,,,,,,,,,,,,,,,,,
chr16,88776134,AG,A,No,Yes,,,,,,,,,,,,,,,,,,
chr16,88776152,T,TG,No,Yes,,,,,,,,,,,,,,,,,,
chr16,88776174,G,GC,No,Yes,,,,,,,,,,,,,,,,,,
chr16,88776179,AG,A,No,Yes,,,,,,,,,,,,,,,,,,
chr16,88939937,TG,T,No,Yes,,,,,,,,,,,,,,,,,,
chr16,88939964,CT,C,No,Yes,,,,,,,,,,,,,,,,,,
chr16,88939975,AG,A,No,Yes,,,,,,,,,,,,,,,,,,
chr16,88939999,A,G,No,Yes,,CBFA2T3,,MODIFIER,,downstream_gene_variant,,,,,,,,,,,,
chr16,88940023,AG,A,No,Yes,,,,,,,,,,,,,,,,,,
chr16,88940043,TG,T,No,Yes,,,,,,,,,,,,,,,,,,
chr16,88940051,A,AG,No,Yes,,,,,,,,,,,,,,,,,,
chr16,88940080,CA,C,No,Yes,,,,,,,,,,,,,,,,,,
chr17,92007,GA,G,No,Yes,,,,,,,,,,,,,,,,,,
chr17,40828496,A,G,No,Yes,,CCR10;CTD-3193K9.4;PLEKHH3,,MODERATE;MODIFIER,,NMD_transcript_variant;downstream_gene_variant;missense_variant;non_coding_transcript_exon_variant;upstream_gene_variant,,ENST00000293349.6:c.86T>C;ENST00000412503.1:c.86T>C;ENST00000587627.1:c.86T>C;ENST00000591022.1:c.86T>C;ENST00000591196.1:c.86T>C;ENST00000591490.1:n.420T>C,,ENSP00000293349.6:p.Leu29Pro;ENSP00000411885.1:p.Leu29Pro;ENSP00000465400.1:p.Leu29Pro;ENSP00000467824.1:p.Leu29Pro;ENSP00000468678.1:p.Leu29Pro,,,,,,,,
chr17,40828505,T,TC,No,Yes,,,,,,,,,,,,,,,,,,
chr17,40828512,A,AC,No,Yes,,,,,,,,,,,,,,,,,,
chr17,40828523,A,AG,No,Yes,,,,,,,,,,,,,,,,,,
chr17,40828526,A,G,No,Yes,,CCR10;CTD-3193K9.4;PLEKHH3,,MODERATE;MODIFIER,,NMD_transcript_variant;downstream_gene_variant;missense_variant;non_coding_transcript_exon_variant;upstream_gene_variant,,ENST00000293349.6:c.56T>C;ENST00000412503.1:c.56T>C;ENST00000587627.1:c.56T>C;ENST00000591022.1:c.56T>C;ENST00000591196.1:c.56T>C;ENST00000591490.1:n.390T>C,,ENSP00000293349.6:p.Leu19Pro;ENSP00000411885.1:p.Leu19Pro;ENSP00000465400.1:p.Leu19Pro;ENSP00000467824.1:p.Leu19Pro;ENSP00000468678.1:p.Leu19Pro,,,,,,,,
chr17,62134634,T,TA,No,Yes,,,,,,,,,,,,,,,,,,
chr17,62134663,T,G,No,Yes,,ERN1,,MODIFIER,,downstream_gene_variant;intron_variant;upstream_gene_variant,,ENST00000433197.3:c.1398+499A>C,,,,,,,,,,
chr17,62134689,GT,G,No,Yes,,,,,,,,,,,,,,,,,,
chr17,62134692,T,C,No,Yes,,ERN1,,MODIFIER,,downstream_gene_variant;intron_variant;upstream_gene_variant,,ENST00000433197.3:c.1398+470A>G,,,,,,,,,,
chr17,78922510,A,AT,No,Yes,,,,,,,,,,,,,,,,,,
chr17,78922523,G,GC,No,Yes,,,,,,,,,,,,,,,,,,
chr18,525136,C,CA,No,Yes,,,,,,,,,,,,,,,,,,
chr18,525147,T,C,No,Yes,,,,MODIFIER,,intergenic_variant,,,,,,,,,,,,rs3016830
chr18,525151,G,GA,No,Yes,,,,,,,,,,,,,,,,,,
chr18,11178140,A,C,No,Yes,,,,MODIFIER,,intergenic_variant,,,,,,,,,,,,
chr18,21075981,C,CG,No,Yes,,,,,,,,,,,,,,,,,,
chr18,21075993,A,AG,No,Yes,,,,,,,,,,,,,,,,,,
chr18,21076006,G,A,No,Yes,,,,MODIFIER,,intergenic_variant,,,,,,,,,,,,rs2057586565
chr18,21076045,T,TC,No,Yes,,,,,,,,,,,,,,,,,,
chr18,21076047,A,AC,No,Yes,,,,,,,,,,,,,,,,,,
chr18,21076052,G,C,No,Yes,,,,MODIFIER,,intergenic_variant,,,,,,,,,,,,
chr18,77487090,TG,T,No,Yes,,,,,,,,,,,,,,,,,,
chr19,19390971,TC,T,No,Yes,,,,,,,,,,,,,,,,,,
chr19,19391022,TG,T,No,Yes,,,,,,,,,,,,,,,,,,
chr19,19391031,GA,G,No,Yes,,,,,,,,,,,,,,,,,,
chr19,19391078,G,GC,No,Yes,,,,,,,,,,,,,,,,,,
chr19,19391083,GC,G,No,Yes,,,,,,,,,,,,,,,,,,
chr19,19391089,T,TC,No,Yes,,,,,,,,,,,,,,,,,,
chr19,19391094,T,TC,No,Yes,,,,,,,,,,,,,,,,,,
chr19,19391109,CA,C,No,Yes,,,,,,,,,,,,,,,,,,
chr19,19391124,G,A,No,Yes,,SUGP1,,MODIFIER,,NMD_transcript_variant;intron_variant;non_coding_transcript_exon_variant;non_coding_transcript_variant,,ENST00000247001.5:c.1244-24C>T;ENST00000587119.1:c.*946-24C>T;ENST00000588731.2:c.*771-24C>T;ENST00000589144.1:c.*507-24C>T;ENST00000591007.2:n.548-24C>T;ENST00000592188.1:n.1178C>T,,,,,,,,,,
chr19,19391159,T,C,No,Yes,,SUGP1,,MODIFIER,,NMD_transcript_variant;intron_variant;non_coding_transcript_exon_variant;non_coding_transcript_variant,,ENST00000247001.5:c.1244-59A>G;ENST00000587119.1:c.*946-59A>G;ENST00000588731.2:c.*771-59A>G;ENST00000589144.1:c.*507-59A>G;ENST00000591007.2:n.548-59A>G;ENST00000592188.1:n.1143A>G,,,,,,,,,,
chr19,21725014,AT,A,No,Yes,,,,,,,,,,,,,,,,,,
chr19,21725038,CT,C,No,Yes,,,,,,,,,,,,,,,,,,
chr19,29990794,G,GA,No,Yes,,,,,,,,,,,,,,,,,,
chr19,29990806,GT,G,No,Yes,,,,,,,,,,,,,,,,,,
chr19,36606708,AC,A,No,Yes,,,,,,,,,,,,,,,,,,
chr19,36606725,CG,C,No,Yes,,,,,,,,,,,,,,,,,,
chr19,36606758,AG,A,No,Yes,,,,,,,,,,,,,,,,,,
chr19,36606769,C,CG,No,Yes,,,,,,,,,,,,,,,,,,
chr19,36606773,GA,G,No,Yes,,,,,,,,,,,,,,,,,,
chr19,36606778,A,T,No,Yes,,OVOL3;POLR2I;TBCB,,MODIFIER,,5_prime_UTR_variant;NMD_transcript_variant;downstream_gene_variant;intron_variant;non_coding_transcript_exon_variant;non_coding_transcript_variant;upstream_gene_variant,,ENST00000221855.3:c.115-165A>T;ENST00000392178.4:n.192-165A>T;ENST00000481742.1:n.193-165A>T;ENST00000585746.1:c.-92A>T;ENST00000588385.1:c.-204A>T;ENST00000589308.1:n.49A>T;ENST00000589624.1:c.-204A>T;ENST00000589996.1:c.115-165A>T;ENST00000591296.1:c.64-165A>T,,,,,,,,,,
chr19,36606779,T,A,No,Yes,,OVOL3;POLR2I;TBCB,,MODIFIER,,5_prime_UTR_variant;NMD_transcript_variant;downstream_gene_variant;intron_variant;non_coding_transcript_exon_variant;non_coding_transcript_variant;upstream_gene_variant,,ENST00000221855.3:c.115-164T>A;ENST00000392178.4:n.192-164T>A;ENST00000481742.1:n.193-164T>A;ENST00000585746.1:c.-91T>A;ENST00000588385.1:c.-203T>A;ENST00000589308.1:n.50T>A;ENST00000589624.1:c.-203T>A;ENST00000589996.1:c.115-164T>A;ENST00000591296.1:c.64-164T>A,,,,,,,,,,
chr19,38686105,C,G,No,Yes,,CTB-102L5.8;RN7SL663P;SIPA1L3,,MODIFIER,,downstream_gene_variant;intron_variant;upstream_gene_variant,,ENST00000222345.6:c.4840+1685C>G,,,,,,,,,,
chr19,38686106,C,A,No,Yes,,CTB-102L5.8;RN7SL663P;SIPA1L3,,MODIFIER,,downstream_gene_variant;intron_variant;upstream_gene_variant,,ENST00000222345.6:c.4840+1686C>A,,,,,,,,,,
chr19,38686183,TC,T,No,Yes,,,,,,,,,,,,,,,,,,
chr19,38686213,AG,A,No,Yes,,,,,,,,,,,,,,,,,,
chr19,41704617,TAC,T,No,Yes,,,,,,,,,,,,,,,,,,
chr19,41704641,CG,C,No,Yes,,,,,,,,,,,,,,,,,,
chr19,41704652,AG,A,No,Yes,,,,,,,,,,,,,,,,,,
chr19,41704675,AC,A,No,Yes,,,,,,,,,,,,,,,,,,
chr19,41704695,GC,G,No,Yes,,,,,,,,,,,,,,,,,,
chr19,55703748,TA,T,No,Yes,,,,,,,,,,,,,,,,,,
chr19,55703779,C,T,No,Yes,,PTPRH,,MODIFIER,,downstream_gene_variant;intron_variant,,ENST00000263434.5:c.1724-670G>A;ENST00000376350.3:c.2258-670G>A,,,,,,,,,,
chr19,55703787,CA,C,No,Yes,,,,,,,,,,,,,,,,,,
chr19,55703834,G,GT,No,Yes,,,,,,,,,,,,,,,,,,
chr2,9257179,G,GT,No,Yes,,,,,,,,,,,,,,,,,,
chr2,9257183,G,GT,No,Yes,,,,,,,,,,,,,,,,,,
chr2,9257193,G,GT,No,Yes,,,,,,,,,,,,,,,,,,
chr2,9257202,CT,C,No,Yes,,,,,,,,,,,,,,,,,,
chr2,9257204,T,G,No,Yes,,RP11-734K21.3,,MODIFIER,,downstream_gene_variant,,,,,,,,,,,,
chr2,9257208,G,GT,No,Yes,,,,,,,,,,,,,,,,,,
chr2,9257212,C,T,No,Yes,,RP11-734K21.3,,MODIFIER,,downstream_gene_variant,,,,,,,,,,,,
chr2,9257215,G,A,No,Yes,,RP11-734K21.3,,MODIFIER,,downstream_gene_variant,,,,,,,,,,,,
chr2,9257216,G,A,No,Yes,,RP11-734K21.3,,MODIFIER,,downstream_gene_variant,,,,,,,,,,,,
chr2,9257218,T,C,No,Yes,,RP11-734K21.3,,MODIFIER,,downstream_gene_variant,,,,,,,,,,,,
chr2,9257282,TG,T,No,Yes,,,,,,,,,,,,,,,,,,
chr2,9257298,TC,T,No,Yes,,,,,,,,,,,,,,,,,,
chr2,12821217,A,T,No,Yes,,,,MODIFIER,,intergenic_variant,,,,,,,,,,,,
chr2,12821253,A,T,No,Yes,,,,MODIFIER,,intergenic_variant,,,,,,,,,,,,
chr2,12821255,A,G,No,Yes,,,,MODIFIER,,intergenic_variant,,,,,,,,,,,,rs948642788
chr2,23712713,GC,G,No,Yes,,,,,,,,,,,,,,,,,,
chr2,23712722,AG,A,No,Yes,,,,,,,,,,,,,,,,,,
chr2,23712745,T,TG,No,Yes,,,,,,,,,,,,,,,,,,
chr2,23712753,GA,G,No,Yes,,,,,,,,,,,,,,,,,,
chr2,23712758,A,AG,No,Yes,,,,,,,,,,,,,,,,,,
chr2,23712803,AG,A,No,Yes,,,,,,,,,,,,,,,,,,
chr2,23712805,G,GT,No,Yes,,,,,,,,,,,,,,,,,,
chr2,23712807,TC,T,No,Yes,,,,,,,,,,,,,,,,,,
chr2,23712812,AT,A,No,Yes,,,,,,,,,,,,,,,,,,
chr2,23712822,GA,G,No,Yes,,,,,,,,,,,,,,,,,,
chr2,23712828,A,T,No,Yes,,KLHL29,,MODIFIER,,intron_variant,,ENST00000486442.1:c.-46+14291A>T,,,,,,,,,,
chr2,23712836,C,CT,No,Yes,,,,,,,,,,,,,,,,,,
chr2,23712843,A,AC,No,Yes,,,,,,,,,,,,,,,,,,
chr2,23712847,TC,T,No,Yes,,,,,,,,,,,,,,,,,,
chr2,23712867,CA,C,No,Yes,,,,,,,,,,,,,,,,,,
chr2,23712869,AT,A,No,Yes,,,,,,,,,,,,,,,,,,
chr2,23712873,A,AT,No,Yes,,,,,,,,,,,,,,,,,,
chr2,23712879,T,C,No,Yes,,KLHL29,,MODIFIER,,intron_variant,,ENST00000486442.1:c.-46+14342T>C,,,,,,,,,,rs1233209492
chr2,23712888,GC,G,No,Yes,,,,,,,,,,,,,,,,,,
chr2,23712908,GA,G,No,Yes,,,,,,,,,,,,,,,,,,
chr2,23712924,AT,A,No,Yes,,,,,,,,,,,,,,,,,,
chr2,23712925,T,C,No,Yes,,KLHL29,,MODIFIER,,intron_variant,,ENST00000486442.1:c.-46+14388T>C,,,,,,,,,,rs950457100
chr2,23712940,C,T,No,Yes,,KLHL29,,MODIFIER,,intron_variant,,ENST00000486442.1:c.-46+14403C>T,,,,,,,,,,
chr2,23712941,TG,T,No,Yes,,,,,,,,,,,,,,,,,,
chr2,23712948,GC,G,No,Yes,,,,,,,,,,,,,,,,,,
chr2,23712964,A,G,No,Yes,,KLHL29,,MODIFIER,,intron_variant,,ENST00000486442.1:c.-46+14427A>G,,,,,,,,,,
chr2,44103025,T,TC,No,Yes,,,,,,,,,,,,,,,,,,
chr2,44103033,GC,G,No,Yes,,,,,,,,,,,,,,,,,,
chr2,44103036,TC,T,No,Yes,,,,,,,,,,,,,,,,,,
chr2,44103042,G,GC,No,Yes,,,,,,,,,,,,,,,,,,
chr2,44103043,CT,C,No,Yes,,,,,,,,,,,,,,,,,,
chr2,44103052,GC,G,No,Yes,,,,,,,,,,,,,,,,,,
chr2,44103059,G,GC,No,Yes,,,,,,,,,,,,,,,,,,
chr2,44103063,AC,A,No,Yes,,,,,,,,,,,,,,,,,,
chr2,63938916,C,CA,No,Yes,,,,,,,,,,,,,,,,,,
chr2,63938940,AT,A,No,Yes,,,,,,,,,,,,,,,,,,
chr2,98385532,TG,T,No,Yes,,,,,,,,,,,,,,,,,,
chr2,121368619,C,T,No,Yes,,,,MODIFIER,,intergenic_variant,,,,,,,,,,,,
chr2,121368625,CT,C,No,Yes,,,,,,,,,,,,,,,,,,
chr2,121368631,A,G,No,Yes,,,,MODIFIER,,intergenic_variant,,,,,,,,,,,,
chr2,121368653,AC,A,No,Yes,,,,,,,,,,,,,,,,,,
chr2,121368662,AC,A,No,Yes,,,,,,,,,,,,,,,,,,
chr2,121368669,G,GA,No,Yes,,,,,,,,,,,,,,,,,,
chr2,152682629,C,T,No,Yes,,ARL5A,,MODIFIER,,NMD_transcript_variant;downstream_gene_variant;intron_variant,,ENST00000295087.8:c.46+2016G>A;ENST00000428992.2:c.-66+2274G>A;ENST00000446896.3:c.-66+2274G>A;ENST00000458140.2:c.-66+2274G>A,,,,,,,,,,
chr2,152682630,A,G,No,Yes,,ARL5A,,MODIFIER,,NMD_transcript_variant;downstream_gene_variant;intron_variant,,ENST00000295087.8:c.46+2015T>C;ENST00000428992.2:c.-66+2273T>C;ENST00000446896.3:c.-66+2273T>C;ENST00000458140.2:c.-66+2273T>C,,,,,,,,,,
chr2,152682631,T,C,No,Yes,,ARL5A,,MODIFIER,,NMD_transcript_variant;downstream_gene_variant;intron_variant,,ENST00000295087.8:c.46+2014A>G;ENST00000428992.2:c.-66+2272A>G;ENST00000446896.3:c.-66+2272A>G;ENST00000458140.2:c.-66+2272A>G,,,,,,,,,,
chr2,152682634,CA,C,No,Yes,,,,,,,,,,,,,,,,,,
chr2,152682635,A,C,No,Yes,,ARL5A,,MODIFIER,,NMD_transcript_variant;downstream_gene_variant;intron_variant,,ENST00000295087.8:c.46+2010T>G;ENST00000428992.2:c.-66+2268T>G;ENST00000446896.3:c.-66+2268T>G;ENST00000458140.2:c.-66+2268T>G,,,,,,,,,,
chr2,152682648,CA,C,No,Yes,,,,,,,,,,,,,,,,,,
chr2,152682654,C,CA,No,Yes,,,,,,,,,,,,,,,,,,
chr2,152682664,C,CA,No,Yes,,,,,,,,,,,,,,,,,,
chr2,152682690,T,TG,No,Yes,,,,,,,,,,,,,,,,,,
chr2,152682700,GA,G,No,Yes,,,,,,,,,,,,,,,,,,
chr2,159942572,GC,G,No,Yes,,,,,,,,,,,,,,,,,,
chr2,159942596,AC,A,No,Yes,,,,,,,,,,,,,,,,,,
chr2,193025723,AT,A,No,Yes,,,,,,,,,,,,,,,,,,
chr2,193025762,A,AC,No,Yes,,,,,,,,,,,,,,,,,,
chr2,193025784,T,C,No,Yes,,TMEFF2,,MODIFIER,,intron_variant,,ENST00000272771.5:c.439+18610A>G;ENST00000392314.1:c.439+18610A>G,,,,,,,,,,
chr2,193025833,C,A,No,Yes,,TMEFF2,,MODIFIER,,intron_variant,,ENST00000272771.5:c.439+18561G>T;ENST00000392314.1:c.439+18561G>T,,,,,,,,,,
chr2,193025837,C,T,No,Yes,,TMEFF2,,MODIFIER,,intron_variant,,ENST00000272771.5:c.439+18557G>A;ENST00000392314.1:c.439+18557G>A,,,,,,,,,,rs529386804
chr2,193025839,C,CTT,No,Yes,,,,,,,,,,,,,,,,,,
chr2,193025842,TC,T,No,Yes,,,,,,,,,,,,,,,,,,
chr2,193025846,GT,G,No,Yes,,,,,,,,,,,,,,,,,,
chr2,193025849,T,G,No,Yes,,TMEFF2,,MODIFIER,,intron_variant,,ENST00000272771.5:c.439+18545A>C;ENST00000392314.1:c.439+18545A>C,,,,,,,,,,
chr2,193025850,G,T,No,Yes,,TMEFF2,,MODIFIER,,intron_variant,,ENST00000272771.5:c.439+18544C>A;ENST00000392314.1:c.439+18544C>A,,,,,,,,,,
chr2,193025853,T,C,No,Yes,,TMEFF2,,MODIFIER,,intron_variant,,ENST00000272771.5:c.439+18541A>G;ENST00000392314.1:c.439+18541A>G,,,,,,,,,,rs1160562340
chr2,193025859,C,T,No,Yes,,TMEFF2,,MODIFIER,,intron_variant,,ENST00000272771.5:c.439+18535G>A;ENST00000392314.1:c.439+18535G>A,,,,,,,,,,rs10210756
chr2,193025877,C,CA,No,Yes,,,,,,,,,,,,,,,,,,
chr2,193025895,A,AT,No,Yes,,,,,,,,,,,,,,,,,,
chr2,193025905,AT,A,No,Yes,,,,,,,,,,,,,,,,,,
chr2,193025912,T,G,No,Yes,,TMEFF2,,MODIFIER,,intron_variant,,ENST00000272771.5:c.439+18482A>C;ENST00000392314.1:c.439+18482A>C,,,,,,,,,,
chr2,193025913,G,T,No,Yes,,TMEFF2,,MODIFIER,,intron_variant,,ENST00000272771.5:c.439+18481C>A;ENST00000392314.1:c.439+18481C>A,,,,,,,,,,
chr2,193025930,TG,T,No,Yes,,,,,,,,,,,,,,,,,,
chr20,412927,GC,G,No,Yes,,,,,,,,,,,,,,,,,,
chr20,412941,CT,C,No,Yes,,,,,,,,,,,,,,,,,,
chr20,412961,A,G,No,Yes,,RBCK1;TBC1D20,,MODIFIER,,downstream_gene_variant,,,,,,,,,,,,rs2017038652
chr20,412967,TG,T,No,Yes,,,,,,,,,,,,,,,,,,
chr20,722243,A,AAAAC,No,Yes,,,,,,,,,,,,,,,,,,
chr20,722274,GT,G,No,Yes,,,,,,,,,,,,,,,,,,
chr20,722287,TC,T,No,Yes,,,,,,,,,,,,,,,,,,
chr20,722295,CA,C,No,Yes,,,,,,,,,,,,,,,,,,
chr20,722296,A,G,No,Yes,,,,MODIFIER,,intergenic_variant,,,,,,,,,,,,
chr20,722326,T,A,No,Yes,,,,MODIFIER,,intergenic_variant,,,,,,,,,,,,
chr20,722328,G,T,No,Yes,,,,MODIFIER,,intergenic_variant,,,,,,,,,,,,
chr20,722330,A,G,No,Yes,,,,MODIFIER,,intergenic_variant,,,,,,,,,,,,
chr20,722343,TG,T,No,Yes,,,,,,,,,,,,,,,,,,
chr20,722361,TG,T,No,Yes,,,,,,,,,,,,,,,,,,
chr20,722367,C,CG,No,Yes,,,,,,,,,,,,,,,,,,
chr20,722373,TC,T,No,Yes,,,,,,,,,,,,,,,,,,
chr20,722412,G,A,No,Yes,,,,MODIFIER,,intergenic_variant,,,,,,,,,,,,rs80269253
chr20,2205726,TC,T,No,Yes,,,,,,,,,,,,,,,,,,
chr20,2205778,G,GC,No,Yes,,,,,,,,,,,,,,,,,,
chr20,2205780,G,GT,No,Yes,,,,,,,,,,,,,,,,,,
chr20,3934655,A,T,No,Yes,,RNF24,,MODIFIER,,intron_variant,,ENST00000336095.6:c.144-5729T>A;ENST00000358395.6:c.144-5729T>A;ENST00000432261.2:c.207-5729T>A;ENST00000545616.2:c.207-5729T>A,,,,,,,,,,
chr20,9586766,TG,T,No,Yes,,,,,,,,,,,,,,,,,,
chr20,9586801,TC,T,No,Yes,,,,,,,,,,,,,,,,,,
chr20,9586838,T,A,No,Yes,,PAK7,,MODIFIER,,intron_variant,,ENST00000353224.5:c.205-25261A>T;ENST00000378423.1:c.205-25261A>T;ENST00000378429.3:c.205-25261A>T,,,,,,,,,,
chr20,9586856,CA,C,No,Yes,,,,,,,,,,,,,,,,,,
chr20,17732422,AT,A,No,Yes,,,,,,,,,,,,,,,,,,
chr20,30355163,CT,C,No,Yes,,,,,,,,,,,,,,,,,,
chr20,30355173,C,CT,No,Yes,,,,,,,,,,,,,,,,,,
chr20,30355179,CT,C,No,Yes,,,,,,,,,,,,,,,,,,
chr20,30355188,C,CT,No,Yes,,,,,,,,,,,,,,,,,,
chr20,30355197,A,AG,No,Yes,,,,,,,,,,,,,,,,,,
chr20,30355199,G,A,No,Yes,,TPX2,,MODIFIER,,intron_variant,,ENST00000300403.6:c.356+714G>A;ENST00000340513.4:c.356+714G>A,,,,,,,,,,
chr20,42055612,GC,G,No,Yes,,,,,,,,,,,,,,,,,,
chr20,42055613,C,G,No,Yes,,EIF4EBP2P1,,MODIFIER,,upstream_gene_variant,,,,,,,,,,,,
chr20,42055699,GA,G,No,Yes,,,,,,,,,,,,,,,,,,
chr20,42055739,CA,C,No,Yes,,,,,,,,,,,,,,,,,,
chr20,44836109,GC,G,No,Yes,,,,,,,,,,,,,,,,,,
chr20,44836130,GC,G,No,Yes,,,,,,,,,,,,,,,,,,
chr20,44836154,T,C,No,Yes,,CDH22,,MODIFIER,,downstream_gene_variant;intron_variant,,ENST00000372262.3:c.1286+2792A>G;ENST00000537909.1:c.1286+2792A>G,,,,,,,,,,
chr20,44836159,A,AG,No,Yes,,,,,,,,,,,,,,,,,,
chr20,44836163,A,G,No,Yes,,CDH22,,MODIFIER,,downstream_gene_variant;intron_variant,,ENST00000372262.3:c.1286+2783T>C;ENST00000537909.1:c.1286+2783T>C,,,,,,,,,,
chr20,44836178,CG,C,No,Yes,,,,,,,,,,,,,,,,,,
chr20,44836241,GA,G,No,Yes,,,,,,,,,,,,,,,,,,
chr21,40398375,A,G,No,Yes,,AF064858.10,,MODIFIER,,downstream_gene_variant,,,,,,,,,,,,
chr22,32833267,A,G,No,Yes,,BPIFC,,MODIFIER,,intron_variant,,ENST00000300399.3:c.747+480T>C;ENST00000397452.1:c.747+480T>C;ENST00000432451.2:c.189+480T>C;ENST00000534972.1:c.-82+480T>C,,,,,,,,,,
chr22,32833350,A,AT,No,Yes,,,,,,,,,,,,,,,,,,
chr22,32833353,G,GT,No,Yes,,,,,,,,,,,,,,,,,,
chr22,32833383,G,GT,No,Yes,,,,,,,,,,,,,,,,,,
chr22,32833403,AG,A,No,Yes,,,,,,,,,,,,,,,,,,
chr22,41745126,GC,G,No,Yes,,,,,,,,,,,,,,,,,,
chr22,41745134,C,T,No,Yes,,ZC3H7B,,MODERATE,,missense_variant,,ENST00000351589.4:c.1777C>T;ENST00000352645.4:c.1777C>T,,ENSP00000263243.5:p.His593Tyr;ENSP00000345793.4:p.His593Tyr,,,,,,,,
chr22,41745137,A,G,No,Yes,,ZC3H7B,,MODERATE,,missense_variant,,ENST00000351589.4:c.1780A>G;ENST00000352645.4:c.1780A>G,,ENSP00000263243.5:p.Ile594Val;ENSP00000345793.4:p.Ile594Val,,,,,,,,rs1261197940
chr22,45947877,A,G,No,Yes,,FBLN1,,MODIFIER,,downstream_gene_variant;intron_variant,,ENST00000262722.7:c.1697+1382A>G;ENST00000327858.6:c.1697+1382A>G;ENST00000340923.5:c.1697+1382A>G;ENST00000348697.2:c.1697+1382A>G;ENST00000402984.3:c.1811+1382A>G;ENST00000442170.2:c.1697+1382A>G,,,,,,,,,,rs867670471
chr22,45947904,AG,A,No,Yes,,,,,,,,,,,,,,,,,,
chr22,45947928,T,C,No,Yes,,FBLN1,,MODIFIER,,downstream_gene_variant;intron_variant,,ENST00000262722.7:c.1697+1433T>C;ENST00000327858.6:c.1697+1433T>C;ENST00000340923.5:c.1697+1433T>C;ENST00000348697.2:c.1697+1433T>C;ENST00000402984.3:c.1811+1433T>C;ENST00000442170.2:c.1697+1433T>C,,,,,,,,,,
chr22,50687453,T,G,No,Yes,,HDAC10;MAPK12;TUBGCP6,,MODIFIER,,NMD_transcript_variant;downstream_gene_variant;intron_variant;non_coding_transcript_exon_variant;non_coding_transcript_variant;upstream_gene_variant,,ENST00000216271.5:c.756+79A>C;ENST00000349505.4:c.756+79A>C;ENST00000415993.1:c.*384+79A>C;ENST00000429374.1:c.*176-552A>C;ENST00000448072.1:c.756+79A>C;ENST00000454936.1:c.756+79A>C;ENST00000470378.1:n.180A>C;ENST00000471375.1:n.17A>C;ENST00000476310.1:n.52A>C;ENST00000477814.1:n.185A>C;ENST00000483222.1:n.803+79A>C;ENST00000496909.1:n.615+79A>C;ENST00000497036.1:n.5028+79A>C;ENST00000498366.1:n.865+79A>C,,,,,,,,,,
chr22,50687484,G,GT,No,Yes,,,,,,,,,,,,,,,,,,
chr22,50752121,C,T,No,Yes,,DENND6B;XX-C283C717.1,,LOW;MODIFIER,,downstream_gene_variant;non_coding_transcript_exon_variant;synonymous_variant;upstream_gene_variant,,ENST00000413817.3:c.1236G>A;ENST00000495607.1:n.1755G>A,,ENSP00000391524.2:p.Gln412%3D,,,,,,,,rs763855222
chr22,50752133,C,T,No,Yes,,DENND6B;XX-C283C717.1,,LOW;MODIFIER,,downstream_gene_variant;non_coding_transcript_exon_variant;synonymous_variant;upstream_gene_variant,,ENST00000413817.3:c.1224G>A;ENST00000495607.1:n.1743G>A,,ENSP00000391524.2:p.Pro408%3D,,,,,,,,rs137921722&COSV69807013
chr22,50752167,AG,A,No,Yes,,,,,,,,,,,,,,,,,,
chr22,50752169,G,A,No,Yes,,DENND6B;XX-C283C717.1,,LOW;MODIFIER,,downstream_gene_variant;intron_variant;non_coding_transcript_variant;splice_polypyrimidine_tract_variant;upstream_gene_variant,,ENST00000413817.3:c.1204-16C>T;ENST00000495607.1:n.1723-16C>T,,,,,,,,,,rs73891220&COSV69807814
chr22,50752187,CT,C,No,Yes,,,,,,,,,,,,,,,,,,
chr22,50752198,A,AC,No,Yes,,,,,,,,,,,,,,,,,,
chr22,50752231,CA,C,No,Yes,,,,,,,,,,,,,,,,,,
chr3,72397158,A,G,No,Yes,,,,MODIFIER,,intergenic_variant,,,,,,,,,,,,rs1705203549
chr3,72397188,A,G,No,Yes,,,,MODIFIER,,intergenic_variant,,,,,,,,,,,,rs1575731501
chr3,72397210,A,G,No,Yes,,,,MODIFIER,,intergenic_variant,,,,,,,,,,,,
chr3,72397216,GT,G,No,Yes,,,,,,,,,,,,,,,,,,
chr3,72397236,GC,G,No,Yes,,,,,,,,,,,,,,,,,,
chr3,123108273,C,CT,No,Yes,,,,,,,,,,,,,,,,,,
chr3,123108294,CT,C,No,Yes,,,,,,,,,,,,,,,,,,
chr3,123108312,AGG,A,No,Yes,,,,,,,,,,,,,,,,,,
chr3,123108334,GT,G,No,Yes,,,,,,,,,,,,,,,,,,
chr3,123108341,CAA,C,No,Yes,,,,,,,,,,,,,,,,,,
chr3,123108349,A,G,No,Yes,,ADCY5,,MODIFIER,,NMD_transcript_variant;intron_variant;non_coding_transcript_variant,,ENST00000309879.5:c.84+26682T>C;ENST00000462833.1:c.1135-36921T>C;ENST00000466617.1:c.-190+14937T>C;ENST00000470367.1:n.429+29279T>C;ENST00000476455.1:c.-110+14702T>C;ENST00000483566.1:c.-190+30657T>C;ENST00000491190.1:c.-109-21456T>C,,,,,,,,,,
chr3,156887724,TA,T,No,Yes,,,,,,,,,,,,,,,,,,
chr3,156887754,AT,A,No,Yes,,,,,,,,,,,,,,,,,,
chr3,156887760,A,AT,No,Yes,,,,,,,,,,,,,,,,,,
chr3,156887768,C,CT,No,Yes,,,,,,,,,,,,,,,,,,
chr3,156887784,G,A,No,Yes,,RNA5SP146;RP11-555M1.3,,MODIFIER,,downstream_gene_variant,,,,,,,,,,,,
chr4,1366584,C,G,No,Yes,,UVSSA,,MODIFIER,,intron_variant;upstream_gene_variant,,ENST00000389851.4:c.1289-2568C>G;ENST00000507531.1:c.1289-2568C>G;ENST00000511216.1:c.1289-2568C>G;ENST00000511563.1:c.-59-2568C>G,,,,,,,,,,
chr4,1366590,C,T,No,Yes,,UVSSA,,MODIFIER,,intron_variant;upstream_gene_variant,,ENST00000389851.4:c.1289-2562C>T;ENST00000507531.1:c.1289-2562C>T;ENST00000511216.1:c.1289-2562C>T;ENST00000511563.1:c.-59-2562C>T,,,,,,,,,,rs113033833
chr4,1366595,C,T,No,Yes,,UVSSA,,MODIFIER,,intron_variant;upstream_gene_variant,,ENST00000389851.4:c.1289-2557C>T;ENST00000507531.1:c.1289-2557C>T;ENST00000511216.1:c.1289-2557C>T;ENST00000511563.1:c.-59-2557C>T,,,,,,,,,,rs111425030
chr4,1366598,G,T,No,Yes,,UVSSA,,MODIFIER,,intron_variant;upstream_gene_variant,,ENST00000389851.4:c.1289-2554G>T;ENST00000507531.1:c.1289-2554G>T;ENST00000511216.1:c.1289-2554G>T;ENST00000511563.1:c.-59-2554G>T,,,,,,,,,,rs796481133
chr4,1366599,T,A,No,Yes,,UVSSA,,MODIFIER,,intron_variant;upstream_gene_variant,,ENST00000389851.4:c.1289-2553T>A;ENST00000507531.1:c.1289-2553T>A;ENST00000511216.1:c.1289-2553T>A;ENST00000511563.1:c.-59-2553T>A,,,,,,,,,,rs796580293
chr4,1366603,AGG,A,No,Yes,,,,,,,,,,,,,,,,,,
chr4,2047000,A,AG,No,Yes,,,,,,,,,,,,,,,,,,
chr4,2047002,TG,T,No,Yes,,,,,,,,,,,,,,,,,,
chr4,2047003,G,T,No,Yes,,C4orf48;NELFA,,MODIFIER,,downstream_gene_variant;upstream_gene_variant,,,,,,,,,,,,
chr4,2047008,C,CG,No,Yes,,,,,,,,,,,,,,,,,,
chr4,2047035,TG,T,No,Yes,,,,,,,,,,,,,,,,,,
chr4,2047049,TC,T,No,Yes,,,,,,,,,,,,,,,,,,
chr4,2047050,C,T,No,Yes,,C4orf48;NELFA,,MODIFIER,,downstream_gene_variant;upstream_gene_variant,,,,,,,,,,,,
chr4,2047113,G,T,No,Yes,,C4orf48;NELFA,,MODIFIER,,downstream_gene_variant;upstream_gene_variant,,,,,,,,,,,,
chr4,5425414,AGG,A,No,Yes,,,,,,,,,,,,,,,,,,
chr4,5425470,CA,C,No,Yes,,,,,,,,,,,,,,,,,,
chr4,5425499,T,TC,No,Yes,,,,,,,,,,,,,,,,,,
chr4,5425510,CAG,C,No,Yes,,,,,,,,,,,,,,,,,,
chr4,17487999,AG,A,No,Yes,,,,,,,,,,,,,,,,,,
chr4,17488011,G,GT,No,Yes,,,,,,,,,,,,,,,,,,
chr4,17488013,C,CT,No,Yes,,,,,,,,,,,,,,,,,,
chr4,17488020,C,CT,No,Yes,,,,,,,,,,,,,,,,,,
chr4,17488025,G,GT,No,Yes,,,,,,,,,,,,,,,,,,
chr4,17488028,GA,G,No,Yes,,,,,,,,,,,,,,,,,,
chr4,17488037,AT,A,No,Yes,,,,,,,,,,,,,,,,,,
chr4,17488048,TA,T,No,Yes,,,,,,,,,,,,,,,,,,
chr4,17488052,TC,T,No,Yes,,,,,,,,,,,,,,,,,,
chr4,17488055,AC,A,No,Yes,,,,,,,,,,,,,,,,,,
chr4,17488078,TA,T,No,Yes,,,,,,,,,,,,,,,,,,
chr4,17488168,G,GT,No,Yes,,,,,,,,,,,,,,,,,,
chr4,17488178,TA,T,No,Yes,,,,,,,,,,,,,,,,,,
chr4,17488179,AG,A,No,Yes,,,,,,,,,,,,,,,,,,
chr4,17488184,C,CA,No,Yes,,,,,,,,,,,,,,,,,,
chr4,17488188,AT,A,No,Yes,,,,,,,,,,,,,,,,,,
chr4,17488193,GA,G,No,Yes,,,,,,,,,,,,,,,,,,
chr4,17488195,A,AT,No,Yes,,,,,,,,,,,,,,,,,,
chr4,17488199,TC,T,No,Yes,,,,,,,,,,,,,,,,,,
chr4,17488205,G,GT,No,Yes,,,,,,,,,,,,,,,,,,
chr4,17488217,C,CG,No,Yes,,,,,,,,,,,,,,,,,,
chr4,17488219,C,CT,No,Yes,,,,,,,,,,,,,,,,,,
chr4,17488225,AC,A,No,Yes,,,,,,,,,,,,,,,,,,
chr4,17488230,A,AG,No,Yes,,,,,,,,,,,,,,,,,,
chr4,17488243,CG,C,No,Yes,,,,,,,,,,,,,,,,,,
chr4,17488259,GA,G,No,Yes,,,,,,,,,,,,,,,,,,
chr4,17488260,A,G,No,Yes,,QDPR,,MODIFIER,,3_prime_UTR_variant;NMD_transcript_variant;downstream_gene_variant;intron_variant,,ENST00000281243.5:c.*494T>C;ENST00000428702.2:c.*494T>C;ENST00000507439.1:c.*661T>C;ENST00000513615.1:c.*119+542T>C,,,,,,,,,,
chr4,17488286,T,G,No,Yes,,QDPR,,MODIFIER,,3_prime_UTR_variant;NMD_transcript_variant;downstream_gene_variant;intron_variant,,ENST00000281243.5:c.*468A>C;ENST00000428702.2:c.*468A>C;ENST00000507439.1:c.*635A>C;ENST00000513615.1:c.*119+516A>C,,,,Benign,,Dihydropteridine_reductase_deficiency&not_provided,,criteria_provided&_multiple_submitters&_no_conflicts,,rs699460
chr4,17488303,CA,C,No,Yes,,,,,,,,,,,,,,,,,,
chr4,17488337,G,GA,No,Yes,,,,,,,,,,,,,,,,,,
chr4,17488369,CA,C,No,Yes,,,,,,,,,,,,,,,,,,
chr4,17488415,CA,C,No,Yes,,,,,,,,,,,,,,,,,,
chr4,17488441,TC,T,No,Yes,,,,,,,,,,,,,,,,,,
chr4,17488451,AT,A,No,Yes,,,,,,,,,,,,,,,,,,
chr4,17488462,CA,C,No,Yes,,,,,,,,,,,,,,,,,,
chr4,17488468,C,T,No,Yes,,QDPR,,MODIFIER,,3_prime_UTR_variant;NMD_transcript_variant;downstream_gene_variant;intron_variant;non_coding_transcript_exon_variant,,ENST00000281243.5:c.*286G>A;ENST00000428702.2:c.*286G>A;ENST00000501943.2:n.758G>A;ENST00000507439.1:c.*453G>A;ENST00000513615.1:c.*119+334G>A,,,,,,,,,,rs1717973574
chr4,17488507,GC,G,No,Yes,,,,,,,,,,,,,,,,,,
chr4,17488533,C,T,No,Yes,,QDPR,,MODIFIER,,3_prime_UTR_variant;NMD_transcript_variant;downstream_gene_variant;intron_variant;non_coding_transcript_exon_variant,,ENST00000281243.5:c.*221G>A;ENST00000428702.2:c.*221G>A;ENST00000501943.2:n.693G>A;ENST00000507439.1:c.*388G>A;ENST00000513615.1:c.*119+269G>A,,,,Benign,,Dihydropteridine_reductase_deficiency&not_provided,,criteria_provided&_multiple_submitters&_no_conflicts,,rs1049582
chr4,17488534,A,G,No,Yes,,QDPR,,MODIFIER,,3_prime_UTR_variant;NMD_transcript_variant;downstream_gene_variant;intron_variant;non_coding_transcript_exon_variant,,ENST00000281243.5:c.*220T>C;ENST00000428702.2:c.*220T>C;ENST00000501943.2:n.692T>C;ENST00000507439.1:c.*387T>C;ENST00000513615.1:c.*119+268T>C,,,,Benign,,Dihydropteridine_reductase_deficiency&not_provided,,criteria_provided&_multiple_submitters&_no_conflicts,,rs1049581
chr4,17488629,GA,G,No,Yes,,,,,,,,,,,,,,,,,,
chr4,17488662,AG,A,No,Yes,,,,,,,,,,,,,,,,,,
chr4,17488672,GA,G,No,Yes,,,,,,,,,,,,,,,,,,
chr4,17488677,C,CG,No,Yes,,,,,,,,,,,,,,,,,,
chr4,17488679,C,CA,No,Yes,,,,,,,,,,,,,,,,,,
chr4,17488681,A,AG,No,Yes,,,,,,,,,,,,,,,,,,
chr4,17488683,G,GA,No,Yes,,,,,,,,,,,,,,,,,,
chr4,17488688,A,AG,No,Yes,,,,,,,,,,,,,,,,,,
chr4,17488691,AG,A,No,Yes,,,,,,,,,,,,,,,,,,
chr4,17488697,C,CA,No,Yes,,,,,,,,,,,,,,,,,,
chr4,17488700,T,TG,No,Yes,,,,,,,,,,,,,,,,,,
chr4,17488702,A,AG,No,Yes,,,,,,,,,,,,,,,,,,
chr4,17488716,CT,C,No,Yes,,,,,,,,,,,,,,,,,,
chr4,17488728,GC,G,No,Yes,,,,,,,,,,,,,,,,,,
chr4,17488732,C,T,No,Yes,,QDPR,,MODIFIER,,3_prime_UTR_variant;NMD_transcript_variant;downstream_gene_variant;intron_variant;non_coding_transcript_exon_variant,,ENST00000281243.5:c.*22G>A;ENST00000428702.2:c.*22G>A;ENST00000501943.2:n.494G>A;ENST00000507439.1:c.*189G>A;ENST00000508623.1:c.*75G>A;ENST00000513615.1:c.*119+70G>A,,,,,,,,,,rs1375204306
chr4,17488733,T,TC,No,Yes,,,,,,,,,,,,,,,,,,
chr4,17488755,TA,T,No,Yes,,,,,,,,,,,,,,,,,,
chr4,17488818,G,GT,No,Yes,,,,,,,,,,,,,,,,,,
chr4,17488823,C,CG,No,Yes,,,,,,,,,,,,,,,,,,
chr4,17488827,C,T,No,Yes,,QDPR,,MODERATE;MODIFIER,,3_prime_UTR_variant;NMD_transcript_variant;downstream_gene_variant;missense_variant;non_coding_transcript_exon_variant,,ENST00000281243.5:c.662G>A;ENST00000428702.2:c.569G>A;ENST00000501943.2:n.399G>A;ENST00000507439.1:c.*94G>A;ENST00000508623.1:c.469G>A;ENST00000513615.1:c.*94G>A;ENST00000514300.1:c.*484G>A,,ENSP00000281243.5:p.Arg221Gln;ENSP00000390944.2:p.Arg190Gln;ENSP00000426377.1:p.Asp157Asn,,Uncertain_significance,,Dihydropteridine_reductase_deficiency,,criteria_provided&_multiple_submitters&_no_conflicts,,rs1478668973&COSV55551865&COSV99845822
chr4,17488828,G,C,No,Yes,,QDPR,,LOW;MODERATE;MODIFIER,,3_prime_UTR_variant;NMD_transcript_variant;downstream_gene_variant;missense_variant;non_coding_transcript_exon_variant;synonymous_variant,,ENST00000281243.5:c.661C>G;ENST00000428702.2:c.568C>G;ENST00000501943.2:n.398C>G;ENST00000507439.1:c.*93C>G;ENST00000508623.1:c.468C>G;ENST00000513615.1:c.*93C>G;ENST00000514300.1:c.*483C>G,,ENSP00000281243.5:p.Arg221Gly;ENSP00000390944.2:p.Arg190Gly;ENSP00000426377.1:p.Thr156%3D,,,,,,,,CM951101
chr4,17488829,GT,G,No,Yes,,,,,,,,,,,,,,,,,,
chr4,17488830,T,G,No,Yes,,QDPR,,MODERATE;MODIFIER,,3_prime_UTR_variant;NMD_transcript_variant;downstream_gene_variant;missense_variant;non_coding_transcript_exon_variant,,ENST00000281243.5:c.659A>C;ENST00000428702.2:c.566A>C;ENST00000501943.2:n.396A>C;ENST00000507439.1:c.*91A>C;ENST00000508623.1:c.466A>C;ENST00000513615.1:c.*91A>C;ENST00000514300.1:c.*481A>C,,ENSP00000281243.5:p.Asn220Thr;ENSP00000390944.2:p.Asn189Thr;ENSP00000426377.1:p.Thr156Pro,,,,,,,,COSV55549886
chr4,17488851,T,TG,No,Yes,,,,,,,,,,,,,,,,,,
chr4,17488853,G,GA,No,Yes,,,,,,,,,,,,,,,,,,
chr4,17488859,T,TA,No,Yes,,,,,,,,,,,,,,,,,,
chr4,17488866,C,CA,No,Yes,,,,,,,,,,,,,,,,,,
chr4,17488868,GA,G,No,Yes,,,,,,,,,,,,,,,,,,
chr4,17488874,A,T,No,Yes,,QDPR,,LOW;MODIFIER,,NMD_transcript_variant;downstream_gene_variant;intron_variant;non_coding_transcript_variant;splice_polypyrimidine_tract_variant,,ENST00000281243.5:c.630-15T>A;ENST00000428702.2:c.537-15T>A;ENST00000501943.2:n.367-15T>A;ENST00000507439.1:c.*62-15T>A;ENST00000508623.1:c.437-15T>A;ENST00000513615.1:c.*62-15T>A;ENST00000514300.1:c.*452-15T>A,,,,,,,,,,
chr4,17488878,GT,G,No,Yes,,,,,,,,,,,,,,,,,,
chr4,17488886,T,A,No,Yes,,QDPR,,MODIFIER,,NMD_transcript_variant;downstream_gene_variant;intron_variant;non_coding_transcript_variant,,ENST00000281243.5:c.630-27A>T;ENST00000428702.2:c.537-27A>T;ENST00000501943.2:n.367-27A>T;ENST00000507439.1:c.*62-27A>T;ENST00000508623.1:c.437-27A>T;ENST00000513615.1:c.*62-27A>T;ENST00000514300.1:c.*452-27A>T,,,,,,,,,,rs767213476&COSV55550320
chr4,17488887,A,T,No,Yes,,QDPR,,MODIFIER,,NMD_transcript_variant;downstream_gene_variant;intron_variant;non_coding_transcript_variant,,ENST00000281243.5:c.630-28T>A;ENST00000428702.2:c.537-28T>A;ENST00000501943.2:n.367-28T>A;ENST00000507439.1:c.*62-28T>A;ENST00000508623.1:c.437-28T>A;ENST00000513615.1:c.*62-28T>A;ENST00000514300.1:c.*452-28T>A,,,,,,,,,,
chr4,17488888,T,TA,No,Yes,,,,,,,,,,,,,,,,,,
chr4,17488892,C,CT,No,Yes,,,,,,,,,,,,,,,,,,
chr4,17488894,CA,C,No,Yes,,,,,,,,,,,,,,,,,,
chr4,17488899,CA,C,No,Yes,,,,,,,,,,,,,,,,,,
chr4,17488900,A,C,No,Yes,,QDPR,,MODIFIER,,NMD_transcript_variant;downstream_gene_variant;intron_variant;non_coding_transcript_variant,,ENST00000281243.5:c.630-41T>G;ENST00000428702.2:c.537-41T>G;ENST00000501943.2:n.367-41T>G;ENST00000507439.1:c.*62-41T>G;ENST00000508623.1:c.437-41T>G;ENST00000513615.1:c.*62-41T>G;ENST00000514300.1:c.*452-41T>G,,,,,,,,,,
chr4,17488907,TG,T,No,Yes,,,,,,,,,,,,,,,,,,
chr4,17492219,G,A,No,Yes,,QDPR,,MODIFIER,,3_prime_UTR_variant;NMD_transcript_variant;intron_variant;non_coding_transcript_exon_variant;non_coding_transcript_variant,,ENST00000281243.5:c.629+66C>T;ENST00000428702.2:c.536+66C>T;ENST00000501943.2:n.366+66C>T;ENST00000505710.1:c.*127C>T;ENST00000507439.1:c.*61+66C>T;ENST00000508623.1:c.437-3360C>T;ENST00000511609.1:n.427C>T;ENST00000513615.1:c.*61+66C>T;ENST00000514300.1:c.*451+66C>T,,,,,,,,,,rs1165626050
chr4,17492220,G,T,No,Yes,,QDPR,,MODIFIER,,3_prime_UTR_variant;NMD_transcript_variant;intron_variant;non_coding_transcript_exon_variant;non_coding_transcript_variant,,ENST00000281243.5:c.629+65C>A;ENST00000428702.2:c.536+65C>A;ENST00000501943.2:n.366+65C>A;ENST00000505710.1:c.*126C>A;ENST00000507439.1:c.*61+65C>A;ENST00000508623.1:c.437-3361C>A;ENST00000511609.1:n.426C>A;ENST00000513615.1:c.*61+65C>A;ENST00000514300.1:c.*451+65C>A,,,,,,,,,,
chr4,17492240,AG,A,No,Yes,,,,,,,,,,,,,,,,,,
chr4,17492244,G,C,No,Yes,,QDPR,,MODIFIER,,3_prime_UTR_variant;NMD_transcript_variant;intron_variant;non_coding_transcript_exon_variant;non_coding_transcript_variant,,ENST00000281243.5:c.629+41C>G;ENST00000428702.2:c.536+41C>G;ENST00000501943.2:n.366+41C>G;ENST00000505710.1:c.*102C>G;ENST00000507439.1:c.*61+41C>G;ENST00000508623.1:c.437-3385C>G;ENST00000511609.1:n.402C>G;ENST00000513615.1:c.*61+41C>G;ENST00000514300.1:c.*451+41C>G,,,,,,,,,,
chr4,17492258,A,AG,No,Yes,,,,,,,,,,,,,,,,,,
chr4,17492275,TA,T,No,Yes,,,,,,,,,,,,,,,,,,
chr4,17492324,GC,G,No,Yes,,,,,,,,,,,,,,,,,,
chr4,17492337,AT,A,No,Yes,,,,,,,,,,,,,,,,,,
chr4,17493761,C,T,No,Yes,,QDPR,,MODIFIER,,NMD_transcript_variant;intron_variant;non_coding_transcript_variant,,ENST00000281243.5:c.545+94G>A;ENST00000428702.2:c.452+94G>A;ENST00000501943.2:n.282+94G>A;ENST00000505710.1:c.364-1393G>A;ENST00000507439.1:c.437-1393G>A;ENST00000508623.1:c.437-4902G>A;ENST00000511609.1:n.277+94G>A;ENST00000513615.1:c.437-1393G>A;ENST00000514300.1:c.*368-1393G>A,,,,,,,,,,
chr4,17493762,C,T,No,Yes,,QDPR,,MODIFIER,,NMD_transcript_variant;intron_variant;non_coding_transcript_variant,,ENST00000281243.5:c.545+93G>A;ENST00000428702.2:c.452+93G>A;ENST00000501943.2:n.282+93G>A;ENST00000505710.1:c.364-1394G>A;ENST00000507439.1:c.437-1394G>A;ENST00000508623.1:c.437-4903G>A;ENST00000511609.1:n.277+93G>A;ENST00000513615.1:c.437-1394G>A;ENST00000514300.1:c.*368-1394G>A,,,,,,,,,,
chr4,17493769,GC,G,No,Yes,,,,,,,,,,,,,,,,,,
chr4,17493771,CT,C,No,Yes,,,,,,,,,,,,,,,,,,
chr4,17493796,C,CG,No,Yes,,,,,,,,,,,,,,,,,,
chr4,17493812,TG,T,No,Yes,,,,,,,,,,,,,,,,,,
chr4,17493820,AG,A,No,Yes,,,,,,,,,,,,,,,,,,
chr4,17493832,GC,G,No,Yes,,,,,,,,,,,,,,,,,,
chr4,17493834,C,A,No,Yes,,QDPR,,MODIFIER,,NMD_transcript_variant;intron_variant;non_coding_transcript_variant,,ENST00000281243.5:c.545+21G>T;ENST00000428702.2:c.452+21G>T;ENST00000501943.2:n.282+21G>T;ENST00000505710.1:c.364-1466G>T;ENST00000507439.1:c.437-1466G>T;ENST00000508623.1:c.437-4975G>T;ENST00000511609.1:n.277+21G>T;ENST00000513615.1:c.437-1466G>T;ENST00000514300.1:c.*368-1466G>T,,,,,,,,,,
chr4,17493850,CT,C,No,Yes,,,,,,,,,,,,,,,,,,
chr4,17493854,CG,C,No,Yes,,,,,,,,,,,,,,,,,,
chr4,17493863,A,AG,No,Yes,,,,,,,,,,,,,,,,,,
chr4,17493868,T,TG,No,Yes,,,,,,,,,,,,,,,,,,
chr4,17493870,G,GC,No,Yes,,,,,,,,,,,,,,,,,,
chr4,17493873,G,GC,No,Yes,,,,,,,,,,,,,,,,,,
chr4,17493875,T,C,No,Yes,,QDPR,,LOW;MODIFIER,,NMD_transcript_variant;intron_variant;non_coding_transcript_exon_variant;synonymous_variant,,ENST00000281243.5:c.525A>G;ENST00000428702.2:c.432A>G;ENST00000501943.2:n.262A>G;ENST00000505710.1:c.364-1507A>G;ENST00000507439.1:c.437-1507A>G;ENST00000508623.1:c.437-5016A>G;ENST00000511609.1:n.257A>G;ENST00000513615.1:c.437-1507A>G;ENST00000514300.1:c.*368-1507A>G,,ENSP00000281243.5:p.Ala175%3D;ENSP00000390944.2:p.Ala144%3D,,,,,,,,
chr4,17493876,GC,G,No,Yes,,,,,,,,,,,,,,,,,,
chr4,17493884,CG,C,No,Yes,,,,,,,,,,,,,,,,,,
chr4,17493935,AC,A,No,Yes,,,,,,,,,,,,,,,,,,
chr4,17493968,GA,G,No,Yes,,,,,,,,,,,,,,,,,,
chr4,17493973,G,C,No,Yes,,QDPR,,LOW;MODIFIER,,NMD_transcript_variant;intron_variant;non_coding_transcript_exon_variant;splice_polypyrimidine_tract_variant,,ENST00000281243.5:c.437-10C>G;ENST00000428702.2:c.344-10C>G;ENST00000501943.2:n.164C>G;ENST00000505710.1:c.364-1605C>G;ENST00000507439.1:c.437-1605C>G;ENST00000508623.1:c.437-5114C>G;ENST00000511609.1:n.159C>G;ENST00000513615.1:c.437-1605C>G;ENST00000514300.1:c.*368-1605C>G,,,,Likely_benign,,Dihydropteridine_reductase_deficiency,,criteria_provided&_single_submitter,,rs1399923801
chr4,17493978,G,GA,No,Yes,,,,,,,,,,,,,,,,,,
chr4,17493983,TG,T,No,Yes,,,,,,,,,,,,,,,,,,
chr4,17493985,G,GC,No,Yes,,,,,,,,,,,,,,,,,,
chr4,17493988,C,CA,No,Yes,,,,,,,,,,,,,,,,,,
chr4,17493993,AC,A,No,Yes,,,,,,,,,,,,,,,,,,
chr4,17493995,C,CG,No,Yes,,,,,,,,,,,,,,,,,,
chr4,17493996,A,AC,No,Yes,,,,,,,,,,,,,,,,,,
chr4,17493998,T,TG,No,Yes,,,,,,,,,,,,,,,,,,
chr4,17494001,C,CG,No,Yes,,,,,,,,,,,,,,,,,,
chr4,17494003,GC,G,No,Yes,,,,,,,,,,,,,,,,,,
chr4,17494006,AG,A,No,Yes,,,,,,,,,,,,,,,,,,
chr4,17494007,G,A,No,Yes,,QDPR,,MODIFIER,,NMD_transcript_variant;intron_variant;non_coding_transcript_exon_variant,,ENST00000281243.5:c.437-44C>T;ENST00000428702.2:c.344-44C>T;ENST00000501943.2:n.130C>T;ENST00000505710.1:c.364-1639C>T;ENST00000507439.1:c.437-1639C>T;ENST00000508623.1:c.437-5148C>T;ENST00000511609.1:n.125C>T;ENST00000513615.1:c.437-1639C>T;ENST00000514300.1:c.*368-1639C>T,,,,,,,,,,rs772936104
chr4,17494012,A,AC,No,Yes,,,,,,,,,,,,,,,,,,
chr4,17494014,A,AG,No,Yes,,,,,,,,,,,,,,,,,,
chr4,17494015,G,GT,No,Yes,,,,,,,,,,,,,,,,,,
chr4,17494016,C,G,No,Yes,,QDPR,,MODIFIER,,NMD_transcript_variant;intron_variant;non_coding_transcript_exon_variant,,ENST00000281243.5:c.437-53G>C;ENST00000428702.2:c.344-53G>C;ENST00000501943.2:n.121G>C;ENST00000505710.1:c.364-1648G>C;ENST00000507439.1:c.437-1648G>C;ENST00000508623.1:c.437-5157G>C;ENST00000511609.1:n.116G>C;ENST00000513615.1:c.437-1648G>C;ENST00000514300.1:c.*368-1648G>C,,,,,,,,,,
chr4,17494018,A,AG,No,Yes,,,,,,,,,,,,,,,,,,
chr4,17494021,A,AC,No,Yes,,,,,,,,,,,,,,,,,,
chr4,17494026,C,CA,No,Yes,,,,,,,,,,,,,,,,,,
chr4,17494030,C,CT,No,Yes,,,,,,,,,,,,,,,,,,
chr4,17503331,TA,T,No,Yes,,,,,,,,,,,,,,,,,,
chr4,17503356,AG,A,No,Yes,,,,,,,,,,,,,,,,,,
chr4,17503393,CT,C,No,Yes,,,,,,,,,,,,,,,,,,
chr4,17503433,C,T,No,Yes,,QDPR,,LOW;MODIFIER,,3_prime_UTR_variant;NMD_transcript_variant;synonymous_variant,,ENST00000281243.5:c.345G>A;ENST00000428702.2:c.252G>A;ENST00000505710.1:c.273G>A;ENST00000507439.1:c.345G>A;ENST00000508623.1:c.345G>A;ENST00000513615.1:c.345G>A;ENST00000514300.1:c.*276G>A,,ENSP00000281243.5:p.Ser115%3D;ENSP00000390944.2:p.Ser84%3D;ENSP00000420873.1:p.Ser91%3D;ENSP00000422759.1:p.Ser115%3D;ENSP00000423227.1:p.Ser115%3D;ENSP00000426377.1:p.Ser115%3D,,Benign,,not_specified&Dihydropteridine_reductase_deficiency&not_provided,,criteria_provided&_multiple_submitters&_no_conflicts,,rs3733570&COSV55550112
chr4,17503444,T,C,No,Yes,,QDPR,,MODERATE;MODIFIER,,3_prime_UTR_variant;NMD_transcript_variant;missense_variant,,ENST00000281243.5:c.334A>G;ENST00000428702.2:c.241A>G;ENST00000505710.1:c.262A>G;ENST00000507439.1:c.334A>G;ENST00000508623.1:c.334A>G;ENST00000513615.1:c.334A>G;ENST00000514300.1:c.*265A>G,,ENSP00000281243.5:p.Ile112Val;ENSP00000390944.2:p.Ile81Val;ENSP00000420873.1:p.Ile88Val;ENSP00000422759.1:p.Ile112Val;ENSP00000423227.1:p.Ile112Val;ENSP00000426377.1:p.Ile112Val,,Uncertain_significance,,Inborn_genetic_diseases&Dihydropteridine_reductase_deficiency,,criteria_provided&_multiple_submitters&_no_conflicts,,rs112686538
chr4,17503455,C,CA,No,Yes,,,,,,,,,,,,,,,,,,
chr4,17503456,A,AT,No,Yes,,,,,,,,,,,,,,,,,,
chr4,17503461,A,AG,No,Yes,,,,,,,,,,,,,,,,,,
chr4,17503463,G,GT,No,Yes,,,,,,,,,,,,,,,,,,
chr4,17503466,A,AT,No,Yes,,,,,,,,,,,,,,,,,,
chr4,17503467,C,CA,No,Yes,,,,,,,,,,,,,,,,,,
chr4,17503474,TA,T,No,Yes,,,,,,,,,,,,,,,,,,
chr4,17503478,G,GA,No,Yes,,,,,,,,,,,,,,,,,,
chr4,17503479,A,AG,No,Yes,,,,,,,,,,,,,,,,,,
chr4,17503481,AG,A,No,Yes,,,,,,,,,,,,,,,,,,
chr4,17503483,C,CA,No,Yes,,,,,,,,,,,,,,,,,,
chr4,17503485,G,GA,No,Yes,,,,,,,,,,,,,,,,,,
chr4,17503487,G,GA,No,Yes,,,,,,,,,,,,,,,,,,
chr4,17503488,T,A,No,Yes,,QDPR,,LOW,,NMD_transcript_variant;intron_variant;splice_polypyrimidine_tract_variant;splice_region_variant,,ENST00000281243.5:c.296-6A>T;ENST00000428702.2:c.203-6A>T;ENST00000505710.1:c.223-6A>T;ENST00000507439.1:c.296-6A>T;ENST00000508623.1:c.296-6A>T;ENST00000513615.1:c.296-6A>T;ENST00000514300.1:c.*227-6A>T,,,,,,,,,,
chr4,17503489,G,T,No,Yes,,QDPR,,LOW,,NMD_transcript_variant;intron_variant;splice_polypyrimidine_tract_variant;splice_region_variant,,ENST00000281243.5:c.296-7C>A;ENST00000428702.2:c.203-7C>A;ENST00000505710.1:c.223-7C>A;ENST00000507439.1:c.296-7C>A;ENST00000508623.1:c.296-7C>A;ENST00000513615.1:c.296-7C>A;ENST00000514300.1:c.*227-7C>A,,,,,,,,,,
chr4,17503491,A,C,No,Yes,,QDPR,,LOW,,NMD_transcript_variant;intron_variant;splice_polypyrimidine_tract_variant,,ENST00000281243.5:c.296-9T>G;ENST00000428702.2:c.203-9T>G;ENST00000505710.1:c.223-9T>G;ENST00000507439.1:c.296-9T>G;ENST00000508623.1:c.296-9T>G;ENST00000513615.1:c.296-9T>G;ENST00000514300.1:c.*227-9T>G,,,,,,,,,,
chr4,17503496,A,C,No,Yes,,QDPR,,LOW,,NMD_transcript_variant;intron_variant;splice_polypyrimidine_tract_variant,,ENST00000281243.5:c.296-14T>G;ENST00000428702.2:c.203-14T>G;ENST00000505710.1:c.223-14T>G;ENST00000507439.1:c.296-14T>G;ENST00000508623.1:c.296-14T>G;ENST00000513615.1:c.296-14T>G;ENST00000514300.1:c.*227-14T>G,,,,,,,,,,COSV99845876
chr4,17503502,G,T,No,Yes,,QDPR,,MODIFIER,,NMD_transcript_variant;intron_variant,,ENST00000281243.5:c.296-20C>A;ENST00000428702.2:c.203-20C>A;ENST00000505710.1:c.223-20C>A;ENST00000507439.1:c.296-20C>A;ENST00000508623.1:c.296-20C>A;ENST00000513615.1:c.296-20C>A;ENST00000514300.1:c.*227-20C>A,,,,,,,,,,
chr4,17503503,G,T,No,Yes,,QDPR,,MODIFIER,,NMD_transcript_variant;intron_variant,,ENST00000281243.5:c.296-21C>A;ENST00000428702.2:c.203-21C>A;ENST00000505710.1:c.223-21C>A;ENST00000507439.1:c.296-21C>A;ENST00000508623.1:c.296-21C>A;ENST00000513615.1:c.296-21C>A;ENST00000514300.1:c.*227-21C>A,,,,,,,,,,
chr4,17503504,G,C,No,Yes,,QDPR,,MODIFIER,,NMD_transcript_variant;intron_variant,,ENST00000281243.5:c.296-22C>G;ENST00000428702.2:c.203-22C>G;ENST00000505710.1:c.223-22C>G;ENST00000507439.1:c.296-22C>G;ENST00000508623.1:c.296-22C>G;ENST00000513615.1:c.296-22C>G;ENST00000514300.1:c.*227-22C>G,,,,,,,,,,
chr4,17503517,A,AG,No,Yes,,,,,,,,,,,,,,,,,,
chr4,17505961,G,GA,No,Yes,,,,,,,,,,,,,,,,,,
chr4,17505967,AG,A,No,Yes,,,,,,,,,,,,,,,,,,
chr4,17505974,CA,C,No,Yes,,,,,,,,,,,,,,,,,,
chr4,17506008,AT,A,No,Yes,,,,,,,,,,,,,,,,,,
chr4,17506018,GC,G,No,Yes,,,,,,,,,,,,,,,,,,
chr4,17506030,T,TC,No,Yes,,,,,,,,,,,,,,,,,,
chr4,17506042,G,A,No,Yes,,QDPR,,LOW;MODIFIER,,3_prime_UTR_variant;NMD_transcript_variant;synonymous_variant,,ENST00000281243.5:c.255C>T;ENST00000428702.2:c.162C>T;ENST00000505710.1:c.183C>T;ENST00000507439.1:c.255C>T;ENST00000508623.1:c.255C>T;ENST00000513615.1:c.255C>T;ENST00000514300.1:c.*186C>T,,ENSP00000281243.5:p.Cys85%3D;ENSP00000390944.2:p.Cys54%3D;ENSP00000420873.1:p.Cys61%3D;ENSP00000422759.1:p.Cys85%3D;ENSP00000423227.1:p.Cys85%3D;ENSP00000426377.1:p.Cys85%3D,,Benign,,Dihydropteridine_reductase_deficiency&not_provided,,criteria_provided&_multiple_submitters&_no_conflicts,,rs12645938&COSV55549642
chr4,17506113,CA,C,No,Yes,,,,,,,,,,,,,,,,,,
chr4,17506114,A,G,No,Yes,,QDPR,,LOW,,NMD_transcript_variant;intron_variant;splice_polypyrimidine_tract_variant,,ENST00000281243.5:c.199-16T>C;ENST00000428702.2:c.106-16T>C;ENST00000505710.1:c.126-16T>C;ENST00000507439.1:c.199-16T>C;ENST00000508623.1:c.199-16T>C;ENST00000513615.1:c.199-16T>C;ENST00000514300.1:c.*130-16T>C,,,,,,,,,,
chr4,17506125,T,TA,No,Yes,,,,,,,,,,,,,,,,,,
chr4,17510836,A,AG,No,Yes,,,,,,,,,,,,,,,,,,
chr4,17510838,T,TG,No,Yes,,,,,,,,,,,,,,,,,,
chr4,17510848,TC,T,No,Yes,,,,,,,,,,,,,,,,,,
chr4,17510853,AG,A,No,Yes,,,,,,,,,,,,,,,,,,
chr4,17510858,T,TC,No,Yes,,,,,,,,,,,,,,,,,,
chr4,17510863,T,TC,No,Yes,,,,,,,,,,,,,,,,,,
chr4,17510870,GT,G,No,Yes,,,,,,,,,,,,,,,,,,
chr4,17510873,TG,T,No,Yes,,,,,,,,,,,,,,,,,,
chr4,17510880,C,CT,No,Yes,,,,,,,,,,,,,,,,,,
chr4,17510886,G,GA,No,Yes,,,,,,,,,,,,,,,,,,
chr4,17510925,A,AT,No,Yes,,,,,,,,,,,,,,,,,,
chr4,17510949,GC,G,No,Yes,,,,,,,,,,,,,,,,,,
chr4,17510971,CA,C,No,Yes,,,,,,,,,,,,,,,,,,
chr4,17510996,G,GA,No,Yes,,,,,,,,,,,,,,,,,,
chr4,17511008,G,A,No,Yes,,QDPR,,MODIFIER,,NMD_transcript_variant;intron_variant,,ENST00000281243.5:c.106-22C>T;ENST00000428702.2:c.105+2565C>T;ENST00000505710.1:c.33-22C>T;ENST00000507439.1:c.106-22C>T;ENST00000508623.1:c.106-22C>T;ENST00000513615.1:c.106-22C>T;ENST00000514300.1:c.*37-22C>T,,,,,,,,,,
chr4,17511009,GT,G,No,Yes,,,,,,,,,,,,,,,,,,
chr4,17511010,T,G,No,Yes,,QDPR,,MODIFIER,,NMD_transcript_variant;intron_variant,,ENST00000281243.5:c.106-24A>C;ENST00000428702.2:c.105+2563A>C;ENST00000505710.1:c.33-24A>C;ENST00000507439.1:c.106-24A>C;ENST00000508623.1:c.106-24A>C;ENST00000513615.1:c.106-24A>C;ENST00000514300.1:c.*37-24A>C,,,,,,,,,,
chr4,17513447,C,T,No,Yes,,CLRN2;QDPR,,MODIFIER,,NMD_transcript_variant;intron_variant;upstream_gene_variant,,ENST00000281243.5:c.105+126G>A;ENST00000428702.2:c.105+126G>A;ENST00000505710.1:c.32+126G>A;ENST00000507439.1:c.105+126G>A;ENST00000508623.1:c.105+126G>A;ENST00000513615.1:c.105+126G>A;ENST00000514300.1:c.105+126G>A,,,,,,,,,,
chr4,17513462,A,AG,No,Yes,,,,,,,,,,,,,,,,,,
chr4,17513474,G,A,No,Yes,,CLRN2;QDPR,,MODIFIER,,NMD_transcript_variant;intron_variant;upstream_gene_variant,,ENST00000281243.5:c.105+99C>T;ENST00000428702.2:c.105+99C>T;ENST00000505710.1:c.32+99C>T;ENST00000507439.1:c.105+99C>T;ENST00000508623.1:c.105+99C>T;ENST00000513615.1:c.105+99C>T;ENST00000514300.1:c.105+99C>T,,,,,,,,,,rs1560318218
chr4,17513497,TG,T,No,Yes,,,,,,,,,,,,,,,,,,
chr4,17513498,GC,G,No,Yes,,,,,,,,,,,,,,,,,,
chr4,17513499,C,G,No,Yes,,CLRN2;QDPR,,MODIFIER,,NMD_transcript_variant;intron_variant;upstream_gene_variant,,ENST00000281243.5:c.105+74G>C;ENST00000428702.2:c.105+74G>C;ENST00000505710.1:c.32+74G>C;ENST00000507439.1:c.105+74G>C;ENST00000508623.1:c.105+74G>C;ENST00000513615.1:c.105+74G>C;ENST00000514300.1:c.105+74G>C,,,,,,,,,,rs1577197556
chr4,17513504,C,G,No,Yes,,CLRN2;QDPR,,MODIFIER,,NMD_transcript_variant;intron_variant;upstream_gene_variant,,ENST00000281243.5:c.105+69G>C;ENST00000428702.2:c.105+69G>C;ENST00000505710.1:c.32+69G>C;ENST00000507439.1:c.105+69G>C;ENST00000508623.1:c.105+69G>C;ENST00000513615.1:c.105+69G>C;ENST00000514300.1:c.105+69G>C,,,,,,,,,,rs1250480039
chr4,17513533,AC,A,No,Yes,,,,,,,,,,,,,,,,,,
chr4,17513550,G,GC,No,Yes,,,,,,,,,,,,,,,,,,
chr4,17513568,AT,A,No,Yes,,,,,,,,,,,,,,,,,,
chr4,17513587,GA,G,No,Yes,,,,,,,,,,,,,,,,,,
chr4,17513609,AC,A,No,Yes,,,,,,,,,,,,,,,,,,
chr4,17513618,GC,G,No,Yes,,,,,,,,,,,,,,,,,,
chr4,17513634,A,AC,No,Yes,,,,,,,,,,,,,,,,,,
chr4,17513753,AC,A,No,Yes,,,,,,,,,,,,,,,,,,
chr4,17513765,G,C,No,Yes,,CLRN2;QDPR,,MODIFIER,,5_prime_UTR_variant;NMD_transcript_variant;upstream_gene_variant,,ENST00000281243.5:c.-88C>G;ENST00000514300.1:c.-88C>G,,,,,,,,,,
chr4,17513806,GC,G,No,Yes,,,,,,,,,,,,,,,,,,
chr4,17513820,T,C,No,Yes,,CLRN2;QDPR,,MODIFIER,,5_prime_UTR_variant;NMD_transcript_variant;upstream_gene_variant,,ENST00000281243.5:c.-143A>G;ENST00000514300.1:c.-143A>G,,,,,,,,,,rs1719050483
chr4,17513825,C,T,No,Yes,,CLRN2;QDPR,,MODIFIER,,5_prime_UTR_variant;NMD_transcript_variant;upstream_gene_variant,,ENST00000281243.5:c.-148G>A;ENST00000514300.1:c.-148G>A,,,,,,,,,,rs1003955532
chr4,17513829,CG,C,No,Yes,,,,,,,,,,,,,,,,,,
chr4,17513835,GC,G,No,Yes,,,,,,,,,,,,,,,,,,
chr4,17513840,G,GC,No,Yes,,,,,,,,,,,,,,,,,,
chr4,17513857,TA,T,No,Yes,,,,,,,,,,,,,,,,,,
chr4,17513863,C,CG,No,Yes,,,,,,,,,,,,,,,,,,
chr4,17513868,A,AC,No,Yes,,,,,,,,,,,,,,,,,,
chr4,17513881,G,A,No,Yes,,CLRN2;QDPR,,MODIFIER,,upstream_gene_variant,,,,,,,,,,,,rs1719053559
chr4,17513885,CG,C,No,Yes,,,,,,,,,,,,,,,,,,
chr4,91264558,AG,A,No,Yes,,,,,,,,,,,,,,,,,,
chr4,91264579,C,G,No,Yes,,CCSER1,,MODIFIER,,NMD_transcript_variant;intron_variant;non_coding_transcript_variant,,ENST00000333691.8:c.1509+30381C>G;ENST00000432775.2:c.1509+30381C>G;ENST00000505073.1:c.1509+30381C>G;ENST00000508086.1:n.35+30381C>G;ENST00000508550.1:c.*1+17721C>G;ENST00000509176.1:c.1509+30381C>G;ENST00000514352.1:n.88+30381C>G,,,,,,,,,,rs917481552
chr4,91264585,C,CG,No,Yes,,,,,,,,,,,,,,,,,,
chr4,91264613,CA,C,No,Yes,,,,,,,,,,,,,,,,,,
chr4,91264650,T,TC,No,Yes,,,,,,,,,,,,,,,,,,
chr4,91264654,G,GC,No,Yes,,,,,,,,,,,,,,,,,,
chr4,91264657,C,A,No,Yes,,CCSER1,,MODIFIER,,NMD_transcript_variant;intron_variant;non_coding_transcript_variant,,ENST00000333691.8:c.1509+30459C>A;ENST00000432775.2:c.1509+30459C>A;ENST00000505073.1:c.1509+30459C>A;ENST00000508086.1:n.35+30459C>A;ENST00000508550.1:c.*1+17799C>A;ENST00000509176.1:c.1509+30459C>A;ENST00000514352.1:n.88+30459C>A,,,,,,,,,,
chr4,91264664,AG,A,No,Yes,,,,,,,,,,,,,,,,,,
chr4,91264689,GC,G,No,Yes,,,,,,,,,,,,,,,,,,
chr4,91739356,A,G,No,Yes,,CCSER1,,MODIFIER,,NMD_transcript_variant;intron_variant;non_coding_transcript_variant,,ENST00000333691.8:c.2094+2360A>G;ENST00000503421.1:c.153+2360A>G;ENST00000505073.1:c.*193+2360A>G;ENST00000509109.1:c.153+2360A>G;ENST00000509176.1:c.2094+2360A>G;ENST00000513522.1:c.370+2360A>G;ENST00000515693.1:n.33+2360A>G,,,,,,,,,,
chr4,91739370,TA,T,No,Yes,,,,,,,,,,,,,,,,,,
chr4,91739375,A,G,No,Yes,,CCSER1,,MODIFIER,,NMD_transcript_variant;intron_variant;non_coding_transcript_variant,,ENST00000333691.8:c.2094+2379A>G;ENST00000503421.1:c.153+2379A>G;ENST00000505073.1:c.*193+2379A>G;ENST00000509109.1:c.153+2379A>G;ENST00000509176.1:c.2094+2379A>G;ENST00000513522.1:c.370+2379A>G;ENST00000515693.1:n.33+2379A>G,,,,,,,,,,
chr4,91739379,A,AG,No,Yes,,,,,,,,,,,,,,,,,,
chr4,91739404,A,G,No,Yes,,CCSER1,,MODIFIER,,NMD_transcript_variant;intron_variant;non_coding_transcript_variant,,ENST00000333691.8:c.2094+2408A>G;ENST00000503421.1:c.153+2408A>G;ENST00000505073.1:c.*193+2408A>G;ENST00000509109.1:c.153+2408A>G;ENST00000509176.1:c.2094+2408A>G;ENST00000513522.1:c.370+2408A>G;ENST00000515693.1:n.33+2408A>G,,,,,,,,,,COSV61455923
chr4,91739405,G,A,No,Yes,,CCSER1,,MODIFIER,,NMD_transcript_variant;intron_variant;non_coding_transcript_variant,,ENST00000333691.8:c.2094+2409G>A;ENST00000503421.1:c.153+2409G>A;ENST00000505073.1:c.*193+2409G>A;ENST00000509109.1:c.153+2409G>A;ENST00000509176.1:c.2094+2409G>A;ENST00000513522.1:c.370+2409G>A;ENST00000515693.1:n.33+2409G>A,,,,,,,,,,rs1580627698
chr4,91739410,GTT,G,No,Yes,,,,,,,,,,,,,,,,,,
chr4,91739416,C,CT,No,Yes,,,,,,,,,,,,,,,,,,
chr4,91739421,C,T,No,Yes,,CCSER1,,MODIFIER,,NMD_transcript_variant;intron_variant;non_coding_transcript_variant,,ENST00000333691.8:c.2094+2425C>T;ENST00000503421.1:c.153+2425C>T;ENST00000505073.1:c.*193+2425C>T;ENST00000509109.1:c.153+2425C>T;ENST00000509176.1:c.2094+2425C>T;ENST00000513522.1:c.370+2425C>T;ENST00000515693.1:n.33+2425C>T,,,,,,,,,,rs1339735044
chr4,91739430,CTTTT,C,No,Yes,,,,,,,,,,,,,,,,,,
chr4,91739448,G,GT,No,Yes,,,,,,,,,,,,,,,,,,
chr4,91739452,GA,G,No,Yes,,,,,,,,,,,,,,,,,,
chr4,96553004,AT,A,No,Yes,,,,,,,,,,,,,,,,,,
chr4,129102900,G,GT,No,Yes,,,,,,,,,,,,,,,,,,
chr4,129102907,CT,C,No,Yes,,,,,,,,,,,,,,,,,,
chr4,129102919,C,CT,No,Yes,,,,,,,,,,,,,,,,,,
chr4,129102925,A,AT,No,Yes,,,,,,,,,,,,,,,,,,
chr4,129102935,CT,C,No,Yes,,,,,,,,,,,,,,,,,,
chr4,129102956,CTTTTT,C,No,Yes,,,,,,,,,,,,,,,,,,
chr4,129102989,C,CT,No,Yes,,,,,,,,,,,,,,,,,,
chr4,129102991,C,T,No,Yes,,LARP1B,,MODIFIER,,NMD_transcript_variant;downstream_gene_variant;intron_variant;non_coding_transcript_variant,,ENST00000264584.5:c.1826+2324C>T;ENST00000326639.6:c.2003+2324C>T;ENST00000354456.3:c.260+2324C>T;ENST00000441387.1:c.2003+2324C>T;ENST00000503725.1:n.166+2324C>T;ENST00000506199.1:n.199+2324C>T;ENST00000507259.1:c.*313+2324C>T;ENST00000508648.1:n.199+2324C>T,,,,,,,,,,rs778102226
chr4,164421350,C,T,No,Yes,,TMA16,,MODIFIER,,intron_variant;non_coding_transcript_variant,,ENST00000358572.5:c.3+5394C>T;ENST00000508268.1:c.3+5394C>T;ENST00000508652.1:n.169+5362C>T;ENST00000509657.1:c.118+5639C>T;ENST00000511562.1:n.169+5362C>T;ENST00000513134.1:c.3+5394C>T;ENST00000513272.1:c.3+5394C>T,,,,,,,,,,
chr4,164421351,A,AT,No,Yes,,,,,,,,,,,,,,,,,,
chr4,164421354,C,A,No,Yes,,TMA16,,MODIFIER,,intron_variant;non_coding_transcript_variant,,ENST00000358572.5:c.3+5398C>A;ENST00000508268.1:c.3+5398C>A;ENST00000508652.1:n.169+5366C>A;ENST00000509657.1:c.118+5643C>A;ENST00000511562.1:n.169+5366C>A;ENST00000513134.1:c.3+5398C>A;ENST00000513272.1:c.3+5398C>A,,,,,,,,,,
chr4,164421389,G,A,No,Yes,,TMA16,,MODIFIER,,intron_variant;non_coding_transcript_variant,,ENST00000358572.5:c.3+5433G>A;ENST00000508268.1:c.3+5433G>A;ENST00000508652.1:n.169+5401G>A;ENST00000509657.1:c.118+5678G>A;ENST00000511562.1:n.169+5401G>A;ENST00000513134.1:c.3+5433G>A;ENST00000513272.1:c.3+5433G>A,,,,,,,,,,
chr4,164421397,CT,C,No,Yes,,,,,,,,,,,,,,,,,,
chr4,182257319,G,GA,No,Yes,,,,,,,,,,,,,,,,,,
chr4,182257362,AT,A,No,Yes,,,,,,,,,,,,,,,,,,
chr4,182257380,T,TA,No,Yes,,,,,,,,,,,,,,,,,,
chr4,182257395,C,CT,No,Yes,,,,,,,,,,,,,,,,,,
chr4,182257434,C,CT,No,Yes,,,,,,,,,,,,,,,,,,
chr4,187492204,AG,A,No,Yes,,,,,,,,,,,,,,,,,,
chr4,190943883,C,T,No,Yes,,DUX4L9;FRG2;RNA5SP175,,MODIFIER,,downstream_gene_variant;upstream_gene_variant,,,,,,,,,,,,rs1554029389
chr4,190943890,C,T,No,Yes,,DUX4L9;FRG2;RNA5SP175,,MODIFIER,,downstream_gene_variant;upstream_gene_variant,,,,,,,,,,,,rs1554029395
chr4,190943896,C,G,No,Yes,,DUX4L9;FRG2;RNA5SP175,,MODIFIER,,downstream_gene_variant;upstream_gene_variant,,,,,,,,,,,,
chr4,190943897,G,A,No,Yes,,DUX4L9;FRG2;RNA5SP175,,MODIFIER,,downstream_gene_variant;upstream_gene_variant,,,,,,,,,,,,rs1554029398
chr4,190943901,T,C,No,Yes,,DUX4L9;FRG2;RNA5SP175,,MODIFIER,,downstream_gene_variant;upstream_gene_variant,,,,,,,,,,,,rs1554029401
chr5,1508763,GA,G,No,Yes,,,,,,,,,,,,,,,,,,
chr5,49993302,AT,A,No,Yes,,,,,,,,,,,,,,,,,,
chr5,49993317,CA,C,No,Yes,,,,,,,,,,,,,,,,,,
chr5,49993337,CT,C,No,Yes,,,,,,,,,,,,,,,,,,
chr5,49993342,CT,C,No,Yes,,,,,,,,,,,,,,,,,,
chr5,49993350,TA,T,No,Yes,,,,,,,,,,,,,,,,,,
chr5,49993357,AT,A,No,Yes,,,,,,,,,,,,,,,,,,
chr5,49993362,C,CA,No,Yes,,,,,,,,,,,,,,,,,,
chr5,49993375,GC,G,No,Yes,,,,,,,,,,,,,,,,,,
chr5,94486606,T,TA,No,Yes,,,,,,,,,,,,,,,,,,
chr5,94486617,T,TA,No,Yes,,,,,,,,,,,,,,,,,,
chr5,94486660,TA,T,No,Yes,,,,,,,,,,,,,,,,,,
chr5,94486669,GA,G,No,Yes,,,,,,,,,,,,,,,,,,
chr5,94486674,T,TA,No,Yes,,,,,,,,,,,,,,,,,,
chr5,94486695,C,T,No,Yes,,MCTP1,,MODIFIER,,intron_variant;non_coding_transcript_variant,,ENST00000503301.1:c.145+132865G>A;ENST00000513695.1:n.86+3251G>A;ENST00000515393.1:c.720+132865G>A,,,,,,,,,,rs552804116
chr5,94486696,A,G,No,Yes,,MCTP1,,MODIFIER,,intron_variant;non_coding_transcript_variant,,ENST00000503301.1:c.145+132864T>C;ENST00000513695.1:n.86+3250T>C;ENST00000515393.1:c.720+132864T>C,,,,,,,,,,rs988945932
chr5,94486699,G,A,No,Yes,,MCTP1,,MODIFIER,,intron_variant;non_coding_transcript_variant,,ENST00000503301.1:c.145+132861C>T;ENST00000513695.1:n.86+3247C>T;ENST00000515393.1:c.720+132861C>T,,,,,,,,,,
chr5,151163626,A,AT,No,Yes,,,,,,,,,,,,,,,,,,
chr5,151163663,CT,C,No,Yes,,,,,,,,,,,,,,,,,,
chr5,151163675,G,T,No,Yes,,G3BP1,,MODIFIER,,NMD_transcript_variant;intron_variant;non_coding_transcript_variant,,ENST00000356245.3:c.-49-2458G>T;ENST00000394123.3:c.-18-2489G>T;ENST00000507878.2:c.-49-2458G>T;ENST00000517947.1:c.-18-2489G>T;ENST00000518726.1:n.86-2489G>T;ENST00000519832.1:n.86-2458G>T;ENST00000520006.1:c.-49-2458G>T;ENST00000520177.1:c.-49-2458G>T;ENST00000520578.1:c.-18-2489G>T;ENST00000522367.1:c.-49-2458G>T;ENST00000522666.1:c.-18-2489G>T;ENST00000522761.1:c.-49-2458G>T;ENST00000523519.1:c.-49-2458G>T;ENST00000543466.1:c.-661-2458G>T,,,,,,,,,,
chr5,152376890,T,C,No,Yes,,AC091969.1,,MODIFIER,,intron_variant;non_coding_transcript_variant,,ENST00000503048.1:n.193+71382A>G,,,,,,,,,,rs1760436706
chr5,152376940,AC,A,No,Yes,,,,,,,,,,,,,,,,,,
chr5,152376956,AT,A,No,Yes,,,,,,,,,,,,,,,,,,
chr5,152376959,TTTAAAA,T,No,Yes,,,,,,,,,,,,,,,,,,
chr5,152376965,AT,A,No,Yes,,,,,,,,,,,,,,,,,,
chr5,152376973,T,A,No,Yes,,AC091969.1,,MODIFIER,,intron_variant;non_coding_transcript_variant,,ENST00000503048.1:n.193+71299A>T,,,,,,,,,,
chr5,152376974,A,G,No,Yes,,AC091969.1,,MODIFIER,,intron_variant;non_coding_transcript_variant,,ENST00000503048.1:n.193+71298T>C,,,,,,,,,,
chr5,152376976,G,A,No,Yes,,AC091969.1,,MODIFIER,,intron_variant;non_coding_transcript_variant,,ENST00000503048.1:n.193+71296C>T,,,,,,,,,,
chr5,152376980,A,G,No,Yes,,AC091969.1,,MODIFIER,,intron_variant;non_coding_transcript_variant,,ENST00000503048.1:n.193+71292T>C,,,,,,,,,,
chr5,152376981,G,A,No,Yes,,AC091969.1,,MODIFIER,,intron_variant;non_coding_transcript_variant,,ENST00000503048.1:n.193+71291C>T,,,,,,,,,,rs942338119
chr5,152376989,CT,C,No,Yes,,,,,,,,,,,,,,,,,,
chr5,152376991,G,GC,No,Yes,,,,,,,,,,,,,,,,,,
chr5,178543428,AG,A,No,Yes,,,,,,,,,,,,,,,,,,
chr5,178543465,G,GC,No,Yes,,,,,,,,,,,,,,,,,,
chr6,15420653,AT,A,No,Yes,,,,,,,,,,,,,,,,,,
chr6,15420682,T,C,No,Yes,,JARID2,,MODIFIER,,intron_variant,,ENST00000341776.2:c.323+10086T>C;ENST00000397311.3:c.-194+10086T>C;ENST00000541660.1:c.209+10086T>C,,,,,,,,,,
chr6,15420759,A,AT,No,Yes,,,,,,,,,,,,,,,,,,
chr6,15420780,C,CA,No,Yes,,,,,,,,,,,,,,,,,,
chr6,44768933,A,G,No,Yes,,,,MODIFIER,,intergenic_variant,,,,,,,,,,,,
chr6,44768955,G,GA,No,Yes,,,,,,,,,,,,,,,,,,
chr6,79746600,C,CA,No,Yes,,,,,,,,,,,,,,,,,,
chr6,135504400,A,AG,No,Yes,,,,,,,,,,,,,,,,,,
chr6,135504479,A,AG,No,Yes,,,,,,,,,,,,,,,,,,
chr7,902784,CA,C,No,Yes,,,,,,,,,,,,,,,,,,
chr7,29491567,TA,T,No,Yes,,,,,,,,,,,,,,,,,,
chr7,29491579,G,C,No,Yes,,CHN2,,MODIFIER,,NMD_transcript_variant;intron_variant,,ENST00000222792.6:c.577-28316G>C;ENST00000435288.2:c.301+6806G>C;ENST00000446446.1:c.130-43989G>C;ENST00000474070.1:c.*267-28316G>C;ENST00000495789.2:c.616-28316G>C;ENST00000539389.1:c.145-28316G>C;ENST00000539406.1:c.802-28316G>C;ENST00000546235.1:c.532-28316G>C,,,,,,,,,,rs849925
chr7,29491591,G,GC,No,Yes,,,,,,,,,,,,,,,,,,
chr7,29491603,G,A,No,Yes,,CHN2,,MODIFIER,,NMD_transcript_variant;intron_variant,,ENST00000222792.6:c.577-28292G>A;ENST00000435288.2:c.301+6830G>A;ENST00000446446.1:c.130-43965G>A;ENST00000474070.1:c.*267-28292G>A;ENST00000495789.2:c.616-28292G>A;ENST00000539389.1:c.145-28292G>A;ENST00000539406.1:c.802-28292G>A;ENST00000546235.1:c.532-28292G>A,,,,,,,,,,rs849926
chr7,29491608,G,A,No,Yes,,CHN2,,MODIFIER,,NMD_transcript_variant;intron_variant,,ENST00000222792.6:c.577-28287G>A;ENST00000435288.2:c.301+6835G>A;ENST00000446446.1:c.130-43960G>A;ENST00000474070.1:c.*267-28287G>A;ENST00000495789.2:c.616-28287G>A;ENST00000539389.1:c.145-28287G>A;ENST00000539406.1:c.802-28287G>A;ENST00000546235.1:c.532-28287G>A,,,,,,,,,,rs1413032411
chr7,29491615,AGG,A,No,Yes,,,,,,,,,,,,,,,,,,
chr7,29491624,AGG,A,No,Yes,,,,,,,,,,,,,,,,,,
chr7,55209986,AG,A,No,Yes,,,,,,,,,,,,,,,,,,
chr7,55210139,CT,C,No,Yes,,,,,,,,,,,,,,,,,,
chr7,55210932,AT,A,No,Yes,,,,,,,,,,,,,,,,,,
chr7,55210960,CA,C,No,Yes,,,,,,,,,,,,,,,,,,
chr7,55210983,GT,G,No,Yes,,,,,,,,,,,,,,,,,,
chr7,55211061,GA,G,No,Yes,,,,,,,,,,,,,,,,,,
chr7,55211083,GA,G,No,Yes,,,,,,,,,,,,,,,,,,
chr7,55211141,TA,T,No,Yes,,,,,,,,,,,,,,,,,,
chr7,55211201,AG,A,No,Yes,,,,,,,,,,,,,,,,,,
chr7,55214337,GC,G,No,Yes,,,,,,,,,,,,,,,,,,
chr7,55214411,CT,C,No,Yes,,,,,,,,,,,,,,,,,,
chr7,55218973,CT,C,No,Yes,,,,,,,,,,,,,,,,,,
chr7,55219015,T,TC,No,Yes,,,,,,,,,,,,,,,,,,
chr7,55220230,CT,C,No,Yes,,,,,,,,,,,,,,,,,,
chr7,55220270,CG,C,No,Yes,,,,,,,,,,,,,,,,,,
chr7,55220289,TC,T,No,Yes,,,,,,,,,,,,,,,,,,
chr7,55221747,GC,G,No,Yes,,,,,,,,,,,,,,,,,,
chr7,55221748,C,G,No,Yes,,EGFR,,MODERATE,,missense_variant,,ENST00000275493.2:c.792C>G;ENST00000342916.3:c.792C>G;ENST00000344576.2:c.792C>G;ENST00000420316.2:c.792C>G;ENST00000442591.1:c.792C>G;ENST00000454757.2:c.633C>G;ENST00000455089.1:c.657C>G,,ENSP00000275493.2:p.Cys264Trp;ENSP00000342376.3:p.Cys264Trp;ENSP00000345973.2:p.Cys264Trp;ENSP00000395243.2:p.Cys211Trp;ENSP00000410031.1:p.Cys264Trp;ENSP00000413843.2:p.Cys264Trp;ENSP00000415559.1:p.Cys219Trp,,,,,,,,rs781427942
chr7,55221792,T,TC,No,Yes,,,,,,,,,,,,,,,,,,
chr7,55221801,AG,A,No,Yes,,,,,,,,,,,,,,,,,,
chr7,55221870,TA,T,No,Yes,,,,,,,,,,,,,,,,,,
chr7,55223545,CG,C,No,Yes,,,,,,,,,,,,,,,,,,
chr7,55223605,C,CA,No,Yes,,,,,,,,,,,,,,,,,,
chr7,55223635,CA,C,No,Yes,,,,,,,,,,,,,,,,,,
chr7,55224176,TC,T,No,Yes,,,,,,,,,,,,,,,,,,
chr7,55224262,CACT,C,No,Yes,,,,,,,,,,,,,,,,,,
chr7,55224344,AT,A,No,Yes,,,,,,,,,,,,,,,,,,
chr7,55224348,AG,A,No,Yes,,,,,,,,,,,,,,,,,,
chr7,55224516,GA,G,No,Yes,,,,,,,,,,,,,,,,,,
chr7,55225338,CT,C,No,Yes,,,,,,,,,,,,,,,,,,
chr7,55225357,GT,G,No,Yes,,,,,,,,,,,,,,,,,,
chr7,55229231,AG,A,No,Yes,,,,,,,,,,,,,,,,,,
chr7,55232961,AC,A,No,Yes,,,,,,,,,,,,,,,,,,
chr7,55232963,CT,C,No,Yes,,,,,,,,,,,,,,,,,,
chr7,55233075,A,G,No,Yes,,EGFR,,MODERATE,,missense_variant,,ENST00000275493.2:c.1825A>G;ENST00000342916.3:c.1825A>G;ENST00000344576.2:c.1825A>G;ENST00000442591.1:c.1825A>G;ENST00000454757.2:c.1666A>G;ENST00000455089.1:c.1690A>G,,ENSP00000275493.2:p.Lys609Glu;ENSP00000342376.3:p.Lys609Glu;ENSP00000345973.2:p.Lys609Glu;ENSP00000395243.2:p.Lys556Glu;ENSP00000410031.1:p.Lys609Glu;ENSP00000415559.1:p.Lys564Glu,,,,,,,,rs1785920926
chr7,55240641,A,AC,No,Yes,,,,,,,,,,,,,,,,,,
chr7,55240684,TC,T,No,Yes,,,,,,,,,,,,,,,,,,
chr7,55240700,TG,T,No,Yes,,,,,,,,,,,,,,,,,,
chr7,55240720,T,C,No,Yes,,EGFR,,MODERATE;MODIFIER,,downstream_gene_variant;intron_variant;missense_variant,,ENST00000275493.2:c.1964T>C;ENST00000442591.1:c.*28+99T>C;ENST00000454757.2:c.1805T>C;ENST00000455089.1:c.1829T>C,,ENSP00000275493.2:p.Leu655Pro;ENSP00000395243.2:p.Leu602Pro;ENSP00000415559.1:p.Leu610Pro,,Uncertain_significance,,Hereditary_cancer-predisposing_syndrome&EGFR-related_lung_cancer,,criteria_provided&_multiple_submitters&_no_conflicts,,
chr7,55240776,GT,G,No,Yes,,,,,,,,,,,,,,,,,,
chr7,55240836,TG,T,No,Yes,,,,,,,,,,,,,,,,,,
chr7,55240847,GC,G,No,Yes,,,,,,,,,,,,,,,,,,
chr7,55240898,C,CG,No,Yes,,,,,,,,,,,,,,,,,,
chr7,55241611,C,A,No,Yes,,EGFR,,LOW;MODIFIER,,downstream_gene_variant;intron_variant;splice_polypyrimidine_tract_variant;splice_region_variant,,ENST00000275493.2:c.2062-3C>A;ENST00000442591.1:c.*28+990C>A;ENST00000454757.2:c.1903-3C>A;ENST00000455089.1:c.1927-3C>A,,,,Uncertain_significance,,Hereditary_cancer-predisposing_syndrome&EGFR-related_lung_cancer,,criteria_provided&_multiple_submitters&_no_conflicts,,rs778075962&COSV51767406
chr7,55241612,A,G,No,Yes,,EGFR,,HIGH;MODIFIER,,downstream_gene_variant;intron_variant;splice_acceptor_variant,,ENST00000275493.2:c.2062-2A>G;ENST00000442591.1:c.*28+991A>G;ENST00000454757.2:c.1903-2A>G;ENST00000455089.1:c.1927-2A>G,,,,,,,,,,
chr7,55241683,G,GA,No,Yes,,,,,,,,,,,,,,,,,,
chr7,55241688,CA,C,No,Yes,,,,,,,,,,,,,,,,,,
chr7,55242425,TC,T,No,Yes,,,,,,,,,,,,,,,,,,
chr7,55242567,CT,C,No,Yes,,,,,,,,,,,,,,,,,,
chr7,55248929,GC,G,No,Yes,,,,,,,,,,,,,,,,,,
chr7,55249014,AC,A,No,Yes,,,,,,,,,,,,,,,,,,
chr7,55249173,TA,T,No,Yes,,,,,,,,,,,,,,,,,,
chr7,55260453,CCCA,C,No,Yes,,,,,,,,,,,,,,,,,,
chr7,55260459,G,C,No,Yes,,EGFR;EGFR-AS1,,MODERATE;MODIFIER,,intron_variant;missense_variant;splice_region_variant;upstream_gene_variant,,ENST00000275493.2:c.2626G>C;ENST00000442591.1:c.*28+19838G>C;ENST00000454757.2:c.2467G>C;ENST00000455089.1:c.2491G>C,,ENSP00000275493.2:p.Val876Leu;ENSP00000395243.2:p.Val823Leu;ENSP00000415559.1:p.Val831Leu,,Uncertain_significance,,Hereditary_cancer-predisposing_syndrome,,criteria_provided&_single_submitter,,rs2128965473
chr7,55260475,TG,T,No,Yes,,,,,,,,,,,,,,,,,,
chr7,55260489,AT,A,No,Yes,,,,,,,,,,,,,,,,,,
chr7,55266375,TC,T,No,Yes,,,,,,,,,,,,,,,,,,
chr7,55266387,CT,C,No,Yes,,,,,,,,,,,,,,,,,,
chr7,55268012,G,C,No,Yes,,EGFR,,MODERATE;MODIFIER,,intron_variant;missense_variant;non_coding_transcript_exon_variant,,ENST00000275493.2:c.2852G>C;ENST00000442591.1:c.*28+27391G>C;ENST00000454757.2:c.2693G>C;ENST00000455089.1:c.2717G>C;ENST00000485503.1:n.182G>C,,ENSP00000275493.2:p.Trp951Ser;ENSP00000395243.2:p.Trp898Ser;ENSP00000415559.1:p.Trp906Ser,,Uncertain_significance,,EGFR-related_lung_cancer,,criteria_provided&_single_submitter,,rs2128969775
chr7,55268067,CA,C,No,Yes,,,,,,,,,,,,,,,,,,
chr7,55268110,CA,C,No,Yes,,,,,,,,,,,,,,,,,,
chr7,55268932,GC,G,No,Yes,,,,,,,,,,,,,,,,,,
chr7,55268963,TG,T,No,Yes,,,,,,,,,,,,,,,,,,
chr7,55268996,AG,A,No,Yes,,,,,,,,,,,,,,,,,,
chr7,55269014,C,A,No,Yes,,EGFR,,MODERATE;MODIFIER,,downstream_gene_variant;intron_variant;missense_variant,,ENST00000275493.2:c.3080C>A;ENST00000442591.1:c.*28+28393C>A;ENST00000454757.2:c.2921C>A;ENST00000455089.1:c.2945C>A,,ENSP00000275493.2:p.Pro1027His;ENSP00000395243.2:p.Pro974His;ENSP00000415559.1:p.Pro982His,,,,,,,,rs1787839040
chr7,55269021,GT,G,No,Yes,,,,,,,,,,,,,,,,,,
chr7,55269024,AC,A,No,Yes,,,,,,,,,,,,,,,,,,
chr7,55269062,GTC,G,No,Yes,,,,,,,,,,,,,,,,,,
chr7,55269077,TCAA,T,No,Yes,,,,,,,,,,,,,,,,,,
chr7,55269078,CA,C,No,Yes,,,,,,,,,,,,,,,,,,
chr7,55269079,AAG,A,No,Yes,,,,,,,,,,,,,,,,,,
chr7,55269094,AT,A,No,Yes,,,,,,,,,,,,,,,,,,
chr7,55269419,CT,C,No,Yes,,,,,,,,,,,,,,,,,,
chr7,55270196,AT,A,No,Yes,,,,,,,,,,,,,,,,,,
chr7,55270307,TC,T,No,Yes,,,,,,,,,,,,,,,,,,
chr7,55270327,CT,C,No,Yes,,,,,,,,,,,,,,,,,,
chr7,55273010,CA,C,No,Yes,,,,,,,,,,,,,,,,,,
chr7,55273347,CTT,C,No,Yes,,,,,,,,,,,,,,,,,,
chr7,55273388,C,CA,No,Yes,,,,,,,,,,,,,,,,,,
chr7,55273398,G,GC,No,Yes,,,,,,,,,,,,,,,,,,
chr7,55273452,GC,G,No,Yes,,,,,,,,,,,,,,,,,,
chr7,55273453,C,T,No,Yes,,EGFR,,MODIFIER,,3_prime_UTR_variant;downstream_gene_variant;intron_variant,,ENST00000275493.2:c.*143C>T;ENST00000442591.1:c.*28+32832C>T;ENST00000454757.2:c.*143C>T,,,,,,,,,,
chr7,55273483,TG,T,No,Yes,,,,,,,,,,,,,,,,,,
chr7,55273527,G,GA,No,Yes,,,,,,,,,,,,,,,,,,
chr7,55273566,AT,A,No,Yes,,,,,,,,,,,,,,,,,,
chr7,55273591,GAAA,G,No,Yes,,,,,,,,,,,,,,,,,,
chr7,55273595,A,G,No,Yes,,EGFR,,MODIFIER,,3_prime_UTR_variant;downstream_gene_variant;intron_variant,,ENST00000275493.2:c.*285A>G;ENST00000442591.1:c.*28+32974A>G,,,,,,,,,,rs1252487454
chr7,55273597,A,G,No,Yes,,EGFR,,MODIFIER,,3_prime_UTR_variant;downstream_gene_variant;intron_variant,,ENST00000275493.2:c.*287A>G;ENST00000442591.1:c.*28+32976A>G,,,,,,,,,,
chr7,55273617,AT,A,No,Yes,,,,,,,,,,,,,,,,,,
chr7,55273622,T,A,No,Yes,,EGFR,,MODIFIER,,3_prime_UTR_variant;downstream_gene_variant;intron_variant,,ENST00000275493.2:c.*312T>A;ENST00000442591.1:c.*28+33001T>A,,,,,,,,,,
chr7,55273642,G,GT,No,Yes,,,,,,,,,,,,,,,,,,
chr7,55273662,AT,A,No,Yes,,,,,,,,,,,,,,,,,,
chr7,55273804,C,CA,No,Yes,,,,,,,,,,,,,,,,,,
chr7,55273973,TA,T,No,Yes,,,,,,,,,,,,,,,,,,
chr7,55273981,TC,T,No,Yes,,,,,,,,,,,,,,,,,,
chr7,55273997,TC,T,No,Yes,,,,,,,,,,,,,,,,,,
chr7,55274225,C,CT,No,Yes,,,,,,,,,,,,,,,,,,
chr7,55274242,A,C,No,Yes,,EGFR,,MODIFIER,,3_prime_UTR_variant;downstream_gene_variant;intron_variant,,ENST00000275493.2:c.*932A>C;ENST00000442591.1:c.*28+33621A>C,,,,,,,,,,
chr7,55274309,CA,C,No,Yes,,,,,,,,,,,,,,,,,,
chr7,55274352,AC,A,No,Yes,,,,,,,,,,,,,,,,,,
chr7,55274358,CA,C,No,Yes,,,,,,,,,,,,,,,,,,
chr7,55274411,CA,C,No,Yes,,,,,,,,,,,,,,,,,,
chr7,55274456,GC,G,No,Yes,,,,,,,,,,,,,,,,,,
chr7,55274488,CAA,C,No,Yes,,,,,,,,,,,,,,,,,,
chr7,55274493,A,G,No,Yes,,EGFR,,MODIFIER,,3_prime_UTR_variant;downstream_gene_variant;intron_variant,,ENST00000275493.2:c.*1183A>G;ENST00000442591.1:c.*28+33872A>G,,,,,,,,,,
chr7,55274521,AG,A,No,Yes,,,,,,,,,,,,,,,,,,
chr7,55274642,CA,C,No,Yes,,,,,,,,,,,,,,,,,,
chr7,55274654,A,AT,No,Yes,,,,,,,,,,,,,,,,,,
chr7,55274656,G,GT,No,Yes,,,,,,,,,,,,,,,,,,
chr7,55274657,T,G,No,Yes,,EGFR,,MODIFIER,,3_prime_UTR_variant;downstream_gene_variant;intron_variant,,ENST00000275493.2:c.*1347T>G;ENST00000442591.1:c.*28+34036T>G,,,,,,,,,,
chr7,55274666,GA,G,No,Yes,,,,,,,,,,,,,,,,,,
chr7,55274672,A,G,No,Yes,,EGFR,,MODIFIER,,3_prime_UTR_variant;downstream_gene_variant;intron_variant,,ENST00000275493.2:c.*1362A>G;ENST00000442591.1:c.*28+34051A>G,,,,,,,,,,
chr7,55274676,C,T,No,Yes,,EGFR,,MODIFIER,,3_prime_UTR_variant;downstream_gene_variant;intron_variant,,ENST00000275493.2:c.*1366C>T;ENST00000442591.1:c.*28+34055C>T,,,,,,,,,,rs1583667446
chr7,55274682,TA,T,No,Yes,,,,,,,,,,,,,,,,,,
chr7,55274685,A,G,No,Yes,,EGFR,,MODIFIER,,3_prime_UTR_variant;downstream_gene_variant;intron_variant,,ENST00000275493.2:c.*1375A>G;ENST00000442591.1:c.*28+34064A>G,,,,,,,,,,
chr7,55274692,T,C,No,Yes,,EGFR,,MODIFIER,,3_prime_UTR_variant;downstream_gene_variant;intron_variant,,ENST00000275493.2:c.*1382T>C;ENST00000442591.1:c.*28+34071T>C,,,,,,,,,,
chr7,55274713,A,G,No,Yes,,EGFR,,MODIFIER,,3_prime_UTR_variant;downstream_gene_variant;intron_variant,,ENST00000275493.2:c.*1403A>G;ENST00000442591.1:c.*28+34092A>G,,,,,,,,,,
chr7,55274725,G,GT,No,Yes,,,,,,,,,,,,,,,,,,
chr7,55274958,GC,G,No,Yes,,,,,,,,,,,,,,,,,,
chr7,55274988,AT,A,No,Yes,,,,,,,,,,,,,,,,,,
chr7,55275074,TG,T,No,Yes,,,,,,,,,,,,,,,,,,
chr7,56093246,C,T,No,Yes,,PSPH,,MODIFIER,,NMD_transcript_variant;intron_variant;non_coding_transcript_variant,,ENST00000275605.3:c.-19-4322G>A;ENST00000395471.3:c.-19-4322G>A;ENST00000413218.1:c.-19-4322G>A;ENST00000416592.1:c.-19-4322G>A;ENST00000419984.2:c.-19-4322G>A;ENST00000421312.1:c.-19-4322G>A;ENST00000421626.1:c.-19-4322G>A;ENST00000424596.1:c.-19-4322G>A;ENST00000427797.1:c.-19-4322G>A;ENST00000437355.2:c.-19-4322G>A;ENST00000459834.1:n.211+8408G>A,,,,,,,,,,
chr7,56093256,A,G,No,Yes,,PSPH,,MODIFIER,,NMD_transcript_variant;intron_variant;non_coding_transcript_variant,,ENST00000275605.3:c.-19-4332T>C;ENST00000395471.3:c.-19-4332T>C;ENST00000413218.1:c.-19-4332T>C;ENST00000416592.1:c.-19-4332T>C;ENST00000419984.2:c.-19-4332T>C;ENST00000421312.1:c.-19-4332T>C;ENST00000421626.1:c.-19-4332T>C;ENST00000424596.1:c.-19-4332T>C;ENST00000427797.1:c.-19-4332T>C;ENST00000437355.2:c.-19-4332T>C;ENST00000459834.1:n.211+8398T>C,,,,,,,,,,
chr7,56093287,CT,C,No,Yes,,,,,,,,,,,,,,,,,,
chr7,56093300,G,T,No,Yes,,PSPH,,MODIFIER,,NMD_transcript_variant;intron_variant;non_coding_transcript_variant,,ENST00000275605.3:c.-19-4376C>A;ENST00000395471.3:c.-19-4376C>A;ENST00000413218.1:c.-19-4376C>A;ENST00000416592.1:c.-19-4376C>A;ENST00000419984.2:c.-19-4376C>A;ENST00000421312.1:c.-19-4376C>A;ENST00000421626.1:c.-19-4376C>A;ENST00000424596.1:c.-19-4376C>A;ENST00000427797.1:c.-19-4376C>A;ENST00000437355.2:c.-19-4376C>A;ENST00000459834.1:n.211+8354C>A,,,,,,,,,,rs1288147656
chr7,56093304,C,T,No,Yes,,PSPH,,MODIFIER,,NMD_transcript_variant;intron_variant;non_coding_transcript_variant,,ENST00000275605.3:c.-19-4380G>A;ENST00000395471.3:c.-19-4380G>A;ENST00000413218.1:c.-19-4380G>A;ENST00000416592.1:c.-19-4380G>A;ENST00000419984.2:c.-19-4380G>A;ENST00000421312.1:c.-19-4380G>A;ENST00000421626.1:c.-19-4380G>A;ENST00000424596.1:c.-19-4380G>A;ENST00000427797.1:c.-19-4380G>A;ENST00000437355.2:c.-19-4380G>A;ENST00000459834.1:n.211+8350G>A,,,,,,,,,,rs769186749
chr7,56093308,GT,G,No,Yes,,,,,,,,,,,,,,,,,,
chr7,72084631,TCAAAAAA,T,No,Yes,,,,,,,,,,,,,,,,,,
chr7,72084632,CAAAA,C,No,Yes,,,,,,,,,,,,,,,,,,
chr7,72084663,GA,G,No,Yes,,,,,,,,,,,,,,,,,,
chr7,72084702,TA,T,No,Yes,,,,,,,,,,,,,,,,,,
chr7,95988641,AT,A,No,Yes,,,,,,,,,,,,,,,,,,
chr7,95988665,G,GC,No,Yes,,,,,,,,,,,,,,,,,,
chr7,95988675,A,AT,No,Yes,,,,,,,,,,,,,,,,,,
chr7,95988681,T,TA,No,Yes,,,,,,,,,,,,,,,,,,
chr7,95988721,C,T,No,Yes,,,,MODIFIER,,intergenic_variant,,,,,,,,,,,,
chr7,95988727,G,GC,No,Yes,,,,,,,,,,,,,,,,,,
chr7,95988731,GA,G,No,Yes,,,,,,,,,,,,,,,,,,
chr7,95988737,CT,C,No,Yes,,,,,,,,,,,,,,,,,,
chr7,95988743,T,TC,No,Yes,,,,,,,,,,,,,,,,,,
chr7,95988757,T,TC,No,Yes,,,,,,,,,,,,,,,,,,
chr7,95988794,ATTTTTTT,A,No,Yes,,,,,,,,,,,,,,,,,,
chr7,95988822,C,T,No,Yes,,,,MODIFIER,,intergenic_variant,,,,,,,,,,,,rs533209942
chr7,107350533,CT,C,No,Yes,,,,,,,,,,,,,,,,,,
chr7,107350563,CT,C,No,Yes,,,,,,,,,,,,,,,,,,
chr7,107350639,G,GA,No,Yes,,,,,,,,,,,,,,,,,,
chr7,107350646,TA,T,No,Yes,,,,,,,,,,,,,,,,,,
chr7,107350699,TA,T,No,Yes,,,,,,,,,,,,,,,,,,
chr7,107350706,C,CA,No,Yes,,,,,,,,,,,,,,,,,,
chr8,17457018,A,AC,No,Yes,,,,,,,,,,,,,,,,,,
chr8,20981601,GT,G,No,Yes,,,,,,,,,,,,,,,,,,
chr8,20981660,C,CT,No,Yes,,,,,,,,,,,,,,,,,,
chr8,20981674,A,AT,No,Yes,,,,,,,,,,,,,,,,,,
chr8,20981696,G,GT,No,Yes,,,,,,,,,,,,,,,,,,
chr8,21397681,CT,C,No,Yes,,,,,,,,,,,,,,,,,,
chr8,21397735,G,GT,No,Yes,,,,,,,,,,,,,,,,,,
chr8,21397758,AT,A,No,Yes,,,,,,,,,,,,,,,,,,
chr8,21397777,GT,G,No,Yes,,,,,,,,,,,,,,,,,,
chr8,21397785,A,G,No,Yes,,,,MODIFIER,,intergenic_variant,,,,,,,,,,,,rs915559342
chr8,21397788,GA,G,No,Yes,,,,,,,,,,,,,,,,,,
chr8,21397790,A,G,No,Yes,,,,MODIFIER,,intergenic_variant,,,,,,,,,,,,rs1802641519
chr8,22461892,T,TA,No,Yes,,,,,,,,,,,,,,,,,,
chr8,38729444,G,GA,No,Yes,,,,,,,,,,,,,,,,,,
chr8,61383523,T,TA,No,Yes,,,,,,,,,,,,,,,,,,
chr8,61383531,C,CA,No,Yes,,,,,,,,,,,,,,,,,,
chr8,61383546,C,CA,No,Yes,,,,,,,,,,,,,,,,,,
chr8,61383556,CA,C,No,Yes,,,,,,,,,,,,,,,,,,
chr8,61383594,CA,C,No,Yes,,,,,,,,,,,,,,,,,,
chr8,61383611,T,TA,No,Yes,,,,,,,,,,,,,,,,,,
chr8,61383620,TA,T,No,Yes,,,,,,,,,,,,,,,,,,
chr8,61383662,CA,C,No,Yes,,,,,,,,,,,,,,,,,,
chr8,61383674,CA,C,No,Yes,,,,,,,,,,,,,,,,,,
chr8,61383689,CT,C,No,Yes,,,,,,,,,,,,,,,,,,
chr8,61401086,GA,G,No,Yes,,,,,,,,,,,,,,,,,,
chr8,69242983,T,A,No,Yes,,C8orf34;RP11-664D7.4,,MODIFIER,,5_prime_UTR_variant;intron_variant;upstream_gene_variant,,ENST00000512294.3:c.181+559A>T;ENST00000518698.1:c.-265T>A;ENST00000539993.1:c.-523T>A,,,,,,,,,,rs1971527
chr8,93442885,C,CA,No,Yes,,,,,,,,,,,,,,,,,,
chr8,93442887,C,CA,No,Yes,,,,,,,,,,,,,,,,,,
chr8,93442903,GA,G,No,Yes,,,,,,,,,,,,,,,,,,
chr8,93442916,G,GA,No,Yes,,,,,,,,,,,,,,,,,,
chr9,5021619,CT,C,No,Yes,,,,,,,,,,,,,,,,,,
chr9,5021639,AT,A,No,Yes,,,,,,,,,,,,,,,,,,
chr9,5021645,G,T,No,Yes,,JAK2,,MODIFIER,,intron_variant;non_coding_transcript_variant,,ENST00000381652.3:c.-25-318G>T;ENST00000476574.1:n.225-318G>T;ENST00000539801.1:c.-25-318G>T,,,,,,,,,,
chr9,65913794,CA,C,No,Yes,,,,,,,,,,,,,,,,,,
chr9,65913898,T,TA,No,Yes,,,,,,,,,,,,,,,,,,
chr9,65913922,C,CA,No,Yes,,,,,,,,,,,,,,,,,,
chr9,115106129,T,TG,No,Yes,,,,,,,,,,,,,,,,,,
chr9,115106139,T,C,No,Yes,,,,MODIFIER,,intergenic_variant,,,,,,,,,,,,
chr9,131482601,AG,A,No,Yes,,,,,,,,,,,,,,,,,,
chr9,131482609,TG,T,No,Yes,,,,,,,,,,,,,,,,,,
chr9,131482654,GC,G,No,Yes,,,,,,,,,,,,,,,,,,
chr9,138681321,C,T,No,Yes,,KCNT1,,MODIFIER,,NMD_transcript_variant;downstream_gene_variant;intron_variant;non_coding_transcript_exon_variant,,ENST00000263604.3:c.3487+1313C>T;ENST00000298480.5:c.3565+1313C>T;ENST00000371757.2:c.3503-2322C>T;ENST00000460750.1:c.*3175+1313C>T;ENST00000475008.1:n.487C>T;ENST00000486577.2:c.3436+1313C>T;ENST00000487664.1:c.3430+1313C>T;ENST00000488444.2:c.3502+1313C>T;ENST00000490355.2:c.3499+1313C>T;ENST00000491806.2:c.3460+1313C>T,,,,,,,,,,
chr9,138681322,A,G,No,Yes,,KCNT1,,MODIFIER,,NMD_transcript_variant;downstream_gene_variant;intron_variant;non_coding_transcript_exon_variant,,ENST00000263604.3:c.3487+1314A>G;ENST00000298480.5:c.3565+1314A>G;ENST00000371757.2:c.3503-2321A>G;ENST00000460750.1:c.*3175+1314A>G;ENST00000475008.1:n.488A>G;ENST00000486577.2:c.3436+1314A>G;ENST00000487664.1:c.3430+1314A>G;ENST00000488444.2:c.3502+1314A>G;ENST00000490355.2:c.3499+1314A>G;ENST00000491806.2:c.3460+1314A>G,,,,,,,,,,
chr9,138681328,GC,G,No,Yes,,,,,,,,,,,,,,,,,,
chr9,139725024,CG,C,No,Yes,,,,,,,,,,,,,,,,,,
chr9,139725052,G,T,No,Yes,,MIR4292;RABL6,,MODIFIER,,NMD_transcript_variant;intron_variant;non_coding_transcript_variant;upstream_gene_variant,,ENST00000311502.7:c.458+1116G>T;ENST00000357466.2:c.458+1116G>T;ENST00000371663.4:c.458+1116G>T;ENST00000371671.4:c.458+1116G>T;ENST00000371675.3:c.113+1116G>T;ENST00000425121.1:c.189+1116G>T;ENST00000432842.2:c.344+1116G>T;ENST00000436380.1:c.327+1116G>T;ENST00000461992.1:n.167+1116G>T;ENST00000464941.1:c.344+1116G>T;ENST00000466096.1:n.2042+1116G>T;ENST00000484471.2:c.458+1116G>T,,,,,,,,,,
chr9,139725072,CT,C,No,Yes,,,,,,,,,,,,,,,,,,
chr9,139725091,A,G,No,Yes,,MIR4292;RABL6,,MODIFIER,,NMD_transcript_variant;intron_variant;non_coding_transcript_variant;upstream_gene_variant,,ENST00000311502.7:c.459-1082A>G;ENST00000357466.2:c.459-1082A>G;ENST00000371663.4:c.459-1082A>G;ENST00000371671.4:c.459-1082A>G;ENST00000371675.3:c.114-1082A>G;ENST00000425121.1:c.190-1082A>G;ENST00000432842.2:c.345-1082A>G;ENST00000436380.1:c.328-1082A>G;ENST00000461992.1:n.168-1082A>G;ENST00000464941.1:c.345-1082A>G;ENST00000466096.1:n.2043-1082A>G;ENST00000484471.2:c.459-1082A>G,,,,,,,,,,
chr9,139725106,T,C,No,Yes,,MIR4292;RABL6,,MODIFIER,,NMD_transcript_variant;intron_variant;non_coding_transcript_variant;upstream_gene_variant,,ENST00000311502.7:c.459-1067T>C;ENST00000357466.2:c.459-1067T>C;ENST00000371663.4:c.459-1067T>C;ENST00000371671.4:c.459-1067T>C;ENST00000371675.3:c.114-1067T>C;ENST00000425121.1:c.190-1067T>C;ENST00000432842.2:c.345-1067T>C;ENST00000436380.1:c.328-1067T>C;ENST00000461992.1:n.168-1067T>C;ENST00000464941.1:c.345-1067T>C;ENST00000466096.1:n.2043-1067T>C;ENST00000484471.2:c.459-1067T>C,,,,,,,,,,
chr9,139725120,C,T,No,Yes,,MIR4292;RABL6,,MODIFIER,,NMD_transcript_variant;intron_variant;non_coding_transcript_variant;upstream_gene_variant,,ENST00000311502.7:c.459-1053C>T;ENST00000357466.2:c.459-1053C>T;ENST00000371663.4:c.459-1053C>T;ENST00000371671.4:c.459-1053C>T;ENST00000371675.3:c.114-1053C>T;ENST00000425121.1:c.190-1053C>T;ENST00000432842.2:c.345-1053C>T;ENST00000436380.1:c.328-1053C>T;ENST00000461992.1:n.168-1053C>T;ENST00000464941.1:c.345-1053C>T;ENST00000466096.1:n.2043-1053C>T;ENST00000484471.2:c.459-1053C>T,,,,,,,,,,rs2811750
chr9,139725122,T,C,No,Yes,,MIR4292;RABL6,,MODIFIER,,NMD_transcript_variant;intron_variant;non_coding_transcript_variant;upstream_gene_variant,,ENST00000311502.7:c.459-1051T>C;ENST00000357466.2:c.459-1051T>C;ENST00000371663.4:c.459-1051T>C;ENST00000371671.4:c.459-1051T>C;ENST00000371675.3:c.114-1051T>C;ENST00000425121.1:c.190-1051T>C;ENST00000432842.2:c.345-1051T>C;ENST00000436380.1:c.328-1051T>C;ENST00000461992.1:n.168-1051T>C;ENST00000464941.1:c.345-1051T>C;ENST00000466096.1:n.2043-1051T>C;ENST00000484471.2:c.459-1051T>C,,,,,,,,,,
chr9,139725160,A,G,No,Yes,,MIR4292;RABL6,,MODIFIER,,NMD_transcript_variant;intron_variant;non_coding_transcript_variant;upstream_gene_variant,,ENST00000311502.7:c.459-1013A>G;ENST00000357466.2:c.459-1013A>G;ENST00000371663.4:c.459-1013A>G;ENST00000371671.4:c.459-1013A>G;ENST00000371675.3:c.114-1013A>G;ENST00000425121.1:c.190-1013A>G;ENST00000432842.2:c.345-1013A>G;ENST00000436380.1:c.328-1013A>G;ENST00000461992.1:n.168-1013A>G;ENST00000464941.1:c.345-1013A>G;ENST00000466096.1:n.2043-1013A>G;ENST00000484471.2:c.459-1013A>G,,,,,,,,,,
chrX,99753402,T,C,No,Yes,,,,MODIFIER,,intergenic_variant,,,,,,,,,,,,
chrX,99753403,C,T,No,Yes,,,,MODIFIER,,intergenic_variant,,,,,,,,,,,,
chrX,99753408,C,CA,No,Yes,,,,,,,,,,,,,,,,,,
chrX,99753410,CA,C,No,Yes,,,,,,,,,,,,,,,,,,
chrX,99753417,C,CA,No,Yes,,,,,,,,,,,,,,,,,,
chrX,99753424,A,G,No,Yes,,,,MODIFIER,,intergenic_variant,,,,,,,,,,,,
chrX,99753427,CA,C,No,Yes,,,,,,,,,,,,,,,,,,
chrX,99753435,A,AC,No,Yes,,,,,,,,,,,,,,,,,,
chrX,99753437,A,T,No,Yes,,,,MODIFIER,,intergenic_variant,,,,,,,,,,,,
chrX,99753451,T,TA,No,Yes,,,,,,,,,,,,,,,,,,
chrX,99753471,T,C,No,Yes,,,,MODIFIER,,intergenic_variant,,,,,,,,,,,,
chrX,99753476,CA,C,No,Yes,,,,,,,,,,,,,,,,,,
chrX,120608802,A,T,No,Yes,,,,MODIFIER,,intergenic_variant,,,,,,,,,,,,
chrX,153759582,A,AG,No,Yes,,,,,,,,,,,,,,,,,,
chrX,153759584,C,CG,No,Yes,,,,,,,,,,,,,,,,,,
chrX,153759618,AT,A,No,Yes,,,,,,,,,,,,,,,,,,
chrX,153759633,A,AG,No,Yes,,,,,,,,,,,,,,,,,,
chrX,153759645,AG,A,No,Yes,,,,,,,,,,,,,,,,,,
chrX,153759668,CT,C,No,Yes,,,,,,,,,,,,,,,,,,
chrX,153759737,A,AG,No,Yes,,,,,,,,,,,,,,,,,,
chrX,153759748,AG,A,No,Yes,,,,,,,,,,,,,,,,,,
chrX,153759832,TG,T,No,Yes,,,,,,,,,,,,,,,,,,
chrX,153759841,GC,G,No,Yes,,,,,,,,,,,,,,,,,,
chrX,153759851,TC,T,No,Yes,,,,,,,,,,,,,,,,,,
chrX,153759852,C,T,No,Yes,,G6PD,,MODIFIER,,3_prime_UTR_variant;downstream_gene_variant,,ENST00000393562.2:c.*363G>A,,,,,,,,,,
chrX,153759858,T,TC,No,Yes,,,,,,,,,,,,,,,,,,
chrX,153759859,G,GC,No,Yes,,,,,,,,,,,,,,,,,,
chrX,153759860,T,TC,No,Yes,,,,,,,,,,,,,,,,,,
chrX,153759864,TC,T,No,Yes,,,,,,,,,,,,,,,,,,
chrX,153759868,T,TC,No,Yes,,,,,,,,,,,,,,,,,,
chrX,153759872,A,AC,No,Yes,,,,,,,,,,,,,,,,,,
chrX,153759883,A,AC,No,Yes,,,,,,,,,,,,,,,,,,
chrX,153759887,A,AC,No,Yes,,,,,,,,,,,,,,,,,,
chrX,153759896,AC,A,No,Yes,,,,,,,,,,,,,,,,,,
chrX,153759909,TA,T,No,Yes,,,,,,,,,,,,,,,,,,
chrX,153759941,T,TC,No,Yes,,,,,,,,,,,,,,,,,,
chrX,153760000,A,AG,No,Yes,,,,,,,,,,,,,,,,,,
chrX,153760043,A,AG,No,Yes,,,,,,,,,,,,,,,,,,
chrX,153760078,AG,A,No,Yes,,,,,,,,,,,,,,,,,,
chrX,153760143,GT,G,No,Yes,,,,,,,,,,,,,,,,,,
chrX,153760153,C,CG,No,Yes,,,,,,,,,,,,,,,,,,
chrX,153760179,G,A,No,Yes,,G6PD,,MODIFIER,,3_prime_UTR_variant;downstream_gene_variant,,ENST00000393562.2:c.*36C>T,,,,,,,,,,rs781913124
chrX,153760180,T,TG,No,Yes,,,,,,,,,,,,,,,,,,
chrX,153760186,T,TG,No,Yes,,,,,,,,,,,,,,,,,,
chrX,153760189,CG,C,No,Yes,,,,,,,,,,,,,,,,,,
chrX,153760191,G,A,No,Yes,,G6PD,,MODIFIER,,3_prime_UTR_variant;downstream_gene_variant,,ENST00000393562.2:c.*24C>T,,,,,,,,,,
chrX,153760192,G,A,No,Yes,,G6PD,,MODIFIER,,3_prime_UTR_variant;downstream_gene_variant,,ENST00000393562.2:c.*23C>T,,,,,,,,,,rs1160441297
chrX,153760194,G,A,No,Yes,,G6PD,,MODIFIER,,3_prime_UTR_variant;downstream_gene_variant,,ENST00000393562.2:c.*21C>T,,,,,,,,,,rs782817663
chrX,153760195,T,TG,No,Yes,,,,,,,,,,,,,,,,,,
chrX,153760206,GC,G,No,Yes,,,,,,,,,,,,,,,,,,
chrX,153760209,C,G,No,Yes,,G6PD,,MODIFIER,,3_prime_UTR_variant;downstream_gene_variant,,ENST00000393562.2:c.*6G>C,,,,,,,,,,
chrX,153760213,G,A,No,Yes,,G6PD,,MODIFIER,,3_prime_UTR_variant;downstream_gene_variant,,ENST00000393562.2:c.*2C>T,,,,,,,,,,
chrX,153760214,C,CG,No,Yes,,,,,,,,,,,,,,,,,,
chrX,153761142,GA,G,No,Yes,,,,,,,,,,,,,,,,,,
chrX,153761159,TCC,T,No,Yes,,,,,,,,,,,,,,,,,,
chrX,153761196,CA,C,No,Yes,,,,,,,,,,,,,,,,,,
chrX,153761211,T,TG,No,Yes,,,,,,,,,,,,,,,,,,
chrX,153761240,A,AG,No,Yes,,,,,,,,,,,,,,,,,,
chrX,153761245,C,A,No,Yes,,G6PD,,LOW;MODIFIER,,downstream_gene_variant;non_coding_transcript_exon_variant;synonymous_variant,,ENST00000369620.2:c.1101G>T;ENST00000393562.2:c.1053G>T;ENST00000393564.2:c.963G>T;ENST00000439227.1:c.966G>T;ENST00000490651.1:n.45G>T,,ENSP00000358633.2:p.Gly367%3D;ENSP00000377192.2:p.Gly351%3D;ENSP00000377194.2:p.Gly321%3D;ENSP00000395599.1:p.Gly322%3D,,,,,,,,
chrX,153761729,T,TG,No,Yes,,,,,,,,,,,,,,,,,,
chrX,153761763,C,CG,No,Yes,,,,,,,,,,,,,,,,,,
chrX,153761774,T,TG,No,Yes,,,,,,,,,,,,,,,,,,
chrX,153761783,C,A,No,Yes,,G6PD,,LOW;MODIFIER,,downstream_gene_variant;intron_variant;non_coding_transcript_exon_variant;splice_region_variant;upstream_gene_variant,,ENST00000369620.2:c.1002+8G>T;ENST00000393562.2:c.954+8G>T;ENST00000393564.2:c.864+8G>T;ENST00000439227.1:c.867+8G>T;ENST00000440967.1:c.867+8G>T;ENST00000489497.1:n.261G>T,,,,,,,,,,rs782017285
chrX,153762276,GC,G,No,Yes,,,,,,,,,,,,,,,,,,
chrX,153762297,A,C,No,Yes,,G6PD,,MODERATE;MODIFIER,,downstream_gene_variant;missense_variant;non_coding_transcript_exon_variant;upstream_gene_variant,,ENST00000369620.2:c.723T>G;ENST00000393562.2:c.813T>G;ENST00000393564.2:c.723T>G;ENST00000433845.1:c.723T>G;ENST00000439227.1:c.726T>G;ENST00000440967.1:c.726T>G;ENST00000489497.1:n.112T>G,,ENSP00000358633.2:p.Phe241Leu;ENSP00000377192.2:p.Phe271Leu;ENSP00000377194.2:p.Phe241Leu;ENSP00000394690.1:p.Phe241Leu;ENSP00000395599.1:p.Phe242Leu;ENSP00000400648.1:p.Phe242Leu,,,,,,,,
chrX,153762299,AG,A,No,Yes,,,,,,,,,,,,,,,,,,
chrX,153762300,G,A,No,Yes,,G6PD,,LOW;MODIFIER,,downstream_gene_variant;non_coding_transcript_exon_variant;synonymous_variant;upstream_gene_variant,,ENST00000369620.2:c.720C>T;ENST00000393562.2:c.810C>T;ENST00000393564.2:c.720C>T;ENST00000433845.1:c.720C>T;ENST00000439227.1:c.723C>T;ENST00000440967.1:c.723C>T;ENST00000489497.1:n.109C>T,,ENSP00000358633.2:p.Pro240%3D;ENSP00000377192.2:p.Pro270%3D;ENSP00000377194.2:p.Pro240%3D;ENSP00000394690.1:p.Pro240%3D;ENSP00000395599.1:p.Pro241%3D;ENSP00000400648.1:p.Pro241%3D,,Likely_benign,,Anemia&_nonspherocytic_hemolytic&_due_to_G6PD_deficiency,,criteria_provided&_single_submitter,,rs2148330281
chrX,153762350,TG,T,No,Yes,,,,,,,,,,,,,,,,,,
chrX,153762521,A,AC,No,Yes,,,,,,,,,,,,,,,,,,
chrX,153762528,TC,T,No,Yes,,,,,,,,,,,,,,,,,,
chrX,153762554,T,TC,No,Yes,,,,,,,,,,,,,,,,,,
chrX,153762585,GC,G,No,Yes,,,,,,,,,,,,,,,,,,
chrX,153762595,TG,T,No,Yes,,,,,,,,,,,,,,,,,,
chrX,153762604,C,CG,No,Yes,,,,,,,,,,,,,,,,,,
chrX,153762620,C,CG,No,Yes,,,,,,,,,,,,,,,,,,
chrX,153762628,A,AG,No,Yes,,,,,,,,,,,,,,,,,,
chrX,153762680,AGG,A,No,Yes,,,,,,,,,,,,,,,,,,
chrX,153762683,G,A,No,Yes,,G6PD,,MODERATE;MODIFIER,,downstream_gene_variant;missense_variant;upstream_gene_variant,,ENST00000369620.2:c.514C>T;ENST00000393562.2:c.604C>T;ENST00000393564.2:c.514C>T;ENST00000433845.1:c.514C>T;ENST00000439227.1:c.517C>T;ENST00000440967.1:c.517C>T,,ENSP00000358633.2:p.Pro172Ser;ENSP00000377192.2:p.Pro202Ser;ENSP00000377194.2:p.Pro172Ser;ENSP00000394690.1:p.Pro172Ser;ENSP00000395599.1:p.Pro173Ser;ENSP00000400648.1:p.Pro173Ser,,Likely_pathogenic,,Anemia&_nonspherocytic_hemolytic&_due_to_G6PD_deficiency,,criteria_provided&_single_submitter,,CM993165&COSV63703804
chrX,153762746,AC,A,No,Yes,,,,,,,,,,,,,,,,,,
chrX,153763324,T,TG,No,Yes,,,,,,,,,,,,,,,,,,
chrX,153763330,C,CG,No,Yes,,,,,,,,,,,,,,,,,,
chrX,153763344,G,GC,No,Yes,,,,,,,,,,,,,,,,,,
chrX,153763370,C,CG,No,Yes,,,,,,,,,,,,,,,,,,
chrX,153763422,GC,G,No,Yes,,,,,,,,,,,,,,,,,,
chrX,153763458,A,AG,No,Yes,,,,,,,,,,,,,,,,,,
chrX,153763611,CG,C,No,Yes,,,,,,,,,,,,,,,,,,
chrX,153764302,G,A,No,Yes,,G6PD,,MODIFIER,,intron_variant;non_coding_transcript_variant;upstream_gene_variant,,ENST00000369620.2:c.159-42C>T;ENST00000393562.2:c.249-42C>T;ENST00000393564.2:c.159-42C>T;ENST00000433845.1:c.159-42C>T;ENST00000439227.1:c.159-42C>T;ENST00000440967.1:c.159-42C>T;ENST00000488434.1:n.113-42C>T;ENST00000497281.1:n.113-42C>T,,,,,,,,,,rs371970814
chrX,153764331,AG,A,No,Yes,,,,,,,,,,,,,,,,,,
chrX,153764339,T,C,No,Yes,,G6PD,,MODIFIER,,intron_variant;non_coding_transcript_variant;upstream_gene_variant,,ENST00000369620.2:c.158+17A>G;ENST00000393562.2:c.248+17A>G;ENST00000393564.2:c.158+17A>G;ENST00000433845.1:c.158+17A>G;ENST00000439227.1:c.158+17A>G;ENST00000440967.1:c.158+17A>G;ENST00000488434.1:n.112+17A>G;ENST00000497281.1:n.112+17A>G,,,,Likely_benign,,Anemia&_nonspherocytic_hemolytic&_due_to_G6PD_deficiency,,criteria_provided&_single_submitter,,rs782818094
chrX,153764378,T,TC,No,Yes,,,,,,,,,,,,,,,,,,
chrX,153764391,AC,A,No,Yes,,,,,,,,,,,,,,,,,,
chrX,153764397,TG,T,No,Yes,,,,,,,,,,,,,,,,,,
chrX,153774217,TG,T,No,Yes,,,,,,,,,,,,,,,,,,
chrX,153774220,CT,C,No,Yes,,,,,,,,,,,,,,,,,,
chrX,153774237,TG,T,No,Yes,,,,,,,,,,,,,,,,,,
chrX,153774257,AC,A,No,Yes,,,,,,,,,,,,,,,,,,
chrX,153774290,A,AC,No,Yes,,,,,,,,,,,,,,,,,,
chrX,153774293,G,GA,No,Yes,,,,,,,,,,,,,,,,,,
chrX,153774295,A,AG,No,Yes,,,,,,,,,,,,,,,,,,
chrX,153774299,AT,A,No,Yes,,,,,,,,,,,,,,,,,,
chrX,153774302,G,GC,No,Yes,,,,,,,,,,,,,,,,,,
chrX,153774308,GA,G,No,Yes,,,,,,,,,,,,,,,,,,
chrX,153774318,T,TC,No,Yes,,,,,,,,,,,,,,,,,,
chrX,153774339,TG,T,No,Yes,,,,,,,,,,,,,,,,,,
chrX,153775143,C,T,No,Yes,,G6PD;IKBKG,,MODIFIER,,5_prime_UTR_variant;intron_variant;upstream_gene_variant,,ENST00000369607.1:c.-16+4541C>T;ENST00000369609.5:c.189+4476C>T;ENST00000369620.2:c.-9+540G>A;ENST00000393562.2:c.-58G>A;ENST00000393564.2:c.-9+540G>A;ENST00000422680.1:c.-16+4476C>T;ENST00000440286.1:c.-15-5060C>T;ENST00000440967.1:c.-5+540G>A;ENST00000445622.1:c.-16+738C>T,,,,,,,,,,
chrX,153775162,G,GC,No,Yes,,,,,,,,,,,,,,,,,,
chrX,153775168,AC,A,No,Yes,,,,,,,,,,,,,,,,,,
chrX,153775550,C,CG,No,Yes,,,,,,,,,,,,,,,,,,
chrX,153775556,CT,C,No,Yes,,,,,,,,,,,,,,,,,,
chrX,153775558,TC,T,No,Yes,,,,,,,,,,,,,,,,,,
chrX,153775559,C,CT,No,Yes,,,,,,,,,,,,,,,,,,
chrX,153775568,TC,T,No,Yes,,,,,,,,,,,,,,,,,,
chrX,153775575,G,A,No,Yes,,G6PD;IKBKG,,MODIFIER,,5_prime_UTR_variant;intron_variant;upstream_gene_variant,,ENST00000369606.4:c.-401G>A;ENST00000369607.1:c.-15-4628G>A;ENST00000369609.5:c.190-4628G>A;ENST00000369620.2:c.-9+108C>T;ENST00000393564.2:c.-9+108C>T;ENST00000413620.1:c.-304G>A;ENST00000422680.1:c.-15-4628G>A;ENST00000440286.1:c.-15-4628G>A;ENST00000440967.1:c.-5+108C>T;ENST00000445622.1:c.-16+1170G>A,,,,,,,,,,
chrX,153775576,A,AC,No,Yes,,,,,,,,,,,,,,,,,,
chrX,153775582,C,CG,No,Yes,,,,,,,,,,,,,,,,,,
chrX,153775587,C,CG,No,Yes,,,,,,,,,,,,,,,,,,
chrX,153775592,G,GC,No,Yes,,,,,,,,,,,,,,,,,,
chrX,153775600,C,G,No,Yes,,G6PD;IKBKG,,MODIFIER,,5_prime_UTR_variant;intron_variant;upstream_gene_variant,,ENST00000369606.4:c.-376C>G;ENST00000369607.1:c.-15-4603C>G;ENST00000369609.5:c.190-4603C>G;ENST00000369620.2:c.-9+83G>C;ENST00000393564.2:c.-9+83G>C;ENST00000413620.1:c.-279C>G;ENST00000422680.1:c.-15-4603C>G;ENST00000440286.1:c.-15-4603C>G;ENST00000440967.1:c.-5+83G>C;ENST00000445622.1:c.-16+1195C>G,,,,,,,,,,
chrX,153775601,G,A,No,Yes,,G6PD;IKBKG,,MODIFIER,,5_prime_UTR_variant;intron_variant;upstream_gene_variant,,ENST00000369606.4:c.-375G>A;ENST00000369607.1:c.-15-4602G>A;ENST00000369609.5:c.190-4602G>A;ENST00000369620.2:c.-9+82C>T;ENST00000393564.2:c.-9+82C>T;ENST00000413620.1:c.-278G>A;ENST00000422680.1:c.-15-4602G>A;ENST00000440286.1:c.-15-4602G>A;ENST00000440967.1:c.-5+82C>T;ENST00000445622.1:c.-16+1196G>A,,,,,,,,,,rs1404346097
chrX,153775603,G,A,No,Yes,,G6PD;IKBKG,,MODIFIER,,5_prime_UTR_variant;intron_variant;upstream_gene_variant,,ENST00000369606.4:c.-373G>A;ENST00000369607.1:c.-15-4600G>A;ENST00000369609.5:c.190-4600G>A;ENST00000369620.2:c.-9+80C>T;ENST00000393564.2:c.-9+80C>T;ENST00000413620.1:c.-276G>A;ENST00000422680.1:c.-15-4600G>A;ENST00000440286.1:c.-15-4600G>A;ENST00000440967.1:c.-5+80C>T;ENST00000445622.1:c.-16+1198G>A,,,,,,,,,,rs946439673
chrX,153775614,G,GC,No,Yes,,,,,,,,,,,,,,,,,,
chrX,153775622,A,AG,No,Yes,,,,,,,,,,,,,,,,,,
chrX,153775626,AC,A,No,Yes,,,,,,,,,,,,,,,,,,
chrX,153775629,AG,A,No,Yes,,,,,,,,,,,,,,,,,,
chrX,153775638,GT,G,No,Yes,,,,,,,,,,,,,,,,,,
chrX,153775650,GC,G,No,Yes,,,,,,,,,,,,,,,,,,
chrX,153775656,CA,C,No,Yes,,,,,,,,,,,,,,,,,,
chrX,153775663,GC,G,No,Yes,,,,,,,,,,,,,,,,,,
chrX,153775678,AT,A,No,Yes,,,,,,,,,,,,,,,,,,
chrX,153775683,C,T,No,Yes,,G6PD;IKBKG,,LOW;MODIFIER,,5_prime_UTR_variant;intron_variant;splice_region_variant;upstream_gene_variant,,ENST00000369606.4:c.-293C>T;ENST00000369607.1:c.-15-4520C>T;ENST00000369609.5:c.190-4520C>T;ENST00000369620.2:c.-9G>A;ENST00000393564.2:c.-9G>A;ENST00000413620.1:c.-196C>T;ENST00000422680.1:c.-15-4520C>T;ENST00000440286.1:c.-15-4520C>T;ENST00000440967.1:c.-5G>A;ENST00000445622.1:c.-16+1278C>T,,,,,,,,,,
chrX,153775689,TC,T,No,Yes,,,,,,,,,,,,,,,,,,
chrX,153775696,GC,G,No,Yes,,,,,,,,,,,,,,,,,,
chrX,153775701,CA,C,No,Yes,,,,,,,,,,,,,,,,,,
chrX,153775704,A,C,No,Yes,,G6PD;IKBKG,,MODIFIER,,5_prime_UTR_variant;intron_variant;upstream_gene_variant,,ENST00000369606.4:c.-272A>C;ENST00000369607.1:c.-15-4499A>C;ENST00000369609.5:c.190-4499A>C;ENST00000369620.2:c.-30T>G;ENST00000393564.2:c.-30T>G;ENST00000413620.1:c.-175A>C;ENST00000422680.1:c.-15-4499A>C;ENST00000440286.1:c.-15-4499A>C;ENST00000440967.1:c.-26T>G;ENST00000445622.1:c.-16+1299A>C,,,,,,,,,,
chrX,153775708,TG,T,No,Yes,,,,,,,,,,,,,,,,,,
chrX,153775711,CG,C,No,Yes,,,,,,,,,,,,,,,,,,
chrX,153775713,GA,G,No,Yes,,,,,,,,,,,,,,,,,,
chrX,153775727,T,TC,No,Yes,,,,,,,,,,,,,,,,,,
chrX,153775733,G,GC,No,Yes,,,,,,,,,,,,,,,,,,
chrX,153775734,CG,C,No,Yes,,,,,,,,,,,,,,,,,,
chrX,153775741,CG,C,No,Yes,,,,,,,,,,,,,,,,,,
chrX,153775757,T,TC,No,Yes,,,,,,,,,,,,,,,,,,
chrX,153775764,T,C,No,Yes,,G6PD;IKBKG,,MODIFIER,,5_prime_UTR_variant;intron_variant;upstream_gene_variant,,ENST00000369606.4:c.-212T>C;ENST00000369607.1:c.-15-4439T>C;ENST00000369609.5:c.190-4439T>C;ENST00000369620.2:c.-90A>G;ENST00000393564.2:c.-90A>G;ENST00000413620.1:c.-115T>C;ENST00000422680.1:c.-15-4439T>C;ENST00000440286.1:c.-15-4439T>C;ENST00000440967.1:c.-86A>G;ENST00000445622.1:c.-16+1359T>C,,,,,,,,,,rs2070780482
chrX,153775772,GC,G,No,Yes,,,,,,,,,,,,,,,,,,
chrX,153775775,T,TC,No,Yes,,,,,,,,,,,,,,,,,,
chrX,153775781,GT,G,No,Yes,,,,,,,,,,,,,,,,,,
chrX,153775786,CG,C,No,Yes,,,,,,,,,,,,,,,,,,
chrX,153775792,CG,C,No,Yes,,,,,,,,,,,,,,,,,,
chrX,153775802,GT,G,No,Yes,,,,,,,,,,,,,,,,,,
chrX,153775813,CG,C,No,Yes,,,,,,,,,,,,,,,,,,
chrY,13470504,GC,G,No,Yes,,,,,,,,,,,,,,,,,,
chrY,13470506,C,T,No,Yes,,DUX4L17,,MODIFIER,,upstream_gene_variant,,,,,,,,,,,,rs975173334
chrY,13470511,T,G,No,Yes,,DUX4L17,,MODIFIER,,upstream_gene_variant,,,,,,,,,,,,rs1368819161
chrY,13470517,G,A,No,Yes,,DUX4L17,,MODIFIER,,upstream_gene_variant,,,,,,,,,,,,
chrY,13470520,T,C,No,Yes,,DUX4L17,,MODIFIER,,upstream_gene_variant,,,,,,,,,,,,rs199978962
chrY,13470521,G,A,No,Yes,,DUX4L17,,MODIFIER,,upstream_gene_variant,,,,,,,,,,,,rs986402018
chrY,13470524,T,G,No,Yes,,DUX4L17,,MODIFIER,,upstream_gene_variant,,,,,,,,,,,,rs1256603236
chrY,13470525,G,A,No,Yes,,DUX4L17,,MODIFIER,,upstream_gene_variant,,,,,,,,,,,,
chrY,13470527,G,A,No,Yes,,DUX4L17,,MODIFIER,,upstream_gene_variant,,,,,,,,,,,,rs923919840
chrY,13470532,AC,A,No,Yes,,,,,,,,,,,,,,,,,,
chrY,13470533,C,G,No,Yes,,DUX4L17,,MODIFIER,,upstream_gene_variant,,,,,,,,,,,,rs1054771894
chrY,13470538,GC,G,No,Yes,,,,,,,,,,,,,,,,,,
chrY,13470541,C,T,No,Yes,,DUX4L17,,MODIFIER,,upstream_gene_variant,,,,,,,,,,,,rs1045199722
chrY,13470542,G,T,No,Yes,,DUX4L17,,MODIFIER,,upstream_gene_variant,,,,,,,,,,,,rs905247772
chrY,13470544,C,T,No,Yes,,DUX4L17,,MODIFIER,,upstream_gene_variant,,,,,,,,,,,,rs1003565168
chrY,13470545,A,G,No,Yes,,DUX4L17,,MODIFIER,,upstream_gene_variant,,,,,,,,,,,,rs111933958
chrY,13470546,G,A,No,Yes,,DUX4L17,,MODIFIER,,upstream_gene_variant,,,,,,,,,,,,rs1602986143
chrY,13470547,C,A,No,Yes,,DUX4L17,,MODIFIER,,upstream_gene_variant,,,,,,,,,,,,rs1602986145
chrY,13470548,C,T,No,Yes,,DUX4L17,,MODIFIER,,upstream_gene_variant,,,,,,,,,,,,rs1602986147
chrY,13470558,CA,C,No,Yes,,,,,,,,,,,,,,,,,,
chrY,13470559,A,C,No,Yes,,DUX4L17,,MODIFIER,,upstream_gene_variant,,,,,,,,,,,,rs112542771
chrY,13470566,A,G,No,Yes,,DUX4L17,,MODIFIER,,upstream_gene_variant,,,,,,,,,,,,rs962934937
chrY,13470569,C,A,No,Yes,,DUX4L17,,MODIFIER,,upstream_gene_variant,,,,,,,,,,,,rs996957803
chrY,13470570,G,A,No,Yes,,DUX4L17,,MODIFIER,,upstream_gene_variant,,,,,,,,,,,,rs1028043470
chrY,13470572,G,C,No,Yes,,DUX4L17,,MODIFIER,,upstream_gene_variant,,,,,,,,,,,,
chrY,13470579,C,A,No,Yes,,DUX4L17,,MODIFIER,,upstream_gene_variant,,,,,,,,,,,,rs112800671
chrY,13470580,G,A,No,Yes,,DUX4L17,,MODIFIER,,upstream_gene_variant,,,,,,,,,,,,rs1031368780
chrY,13470581,G,A,No,Yes,,DUX4L17,,MODIFIER,,upstream_gene_variant,,,,,,,,,,,,
chrY,13470583,C,T,No,Yes,,DUX4L17,,MODIFIER,,upstream_gene_variant,,,,,,,,,,,,rs1321865380
chrY,13470587,G,A,No,Yes,,DUX4L17,,MODIFIER,,upstream_gene_variant,,,,,,,,,,,,rs1229954599
chrY,13470593,C,A,No,Yes,,DUX4L17,,MODIFIER,,upstream_gene_variant,,,,,,,,,,,,rs926698531
chrY,13470594,G,A,No,Yes,,DUX4L17,,MODIFIER,,upstream_gene_variant,,,,,,,,,,,,rs1167096537
chrY,13470595,C,A,No,Yes,,DUX4L17,,MODIFIER,,upstream_gene_variant,,,,,,,,,,,,rs939385535
chrY,13470597,A,T,No,Yes,,DUX4L17,,MODIFIER,,non_coding_transcript_exon_variant,,ENST00000557360.1:n.1A>T,,,,,,,,,,rs1228550189
chrY,13470600,GC,G,No,Yes,,,,,,,,,,,,,,,,,,
chrY,13470605,C,G,No,Yes,,DUX4L17,,MODIFIER,,non_coding_transcript_exon_variant,,ENST00000557360.1:n.9C>G,,,,,,,,,,rs1183836338
chrY,13470607,C,T,No,Yes,,DUX4L17,,MODIFIER,,non_coding_transcript_exon_variant,,ENST00000557360.1:n.11C>T,,,,,,,,,,rs887157303
chrY,13470610,C,A,No,Yes,,DUX4L17,,MODIFIER,,non_coding_transcript_exon_variant,,ENST00000557360.1:n.14C>A,,,,,,,,,,rs1038645520
chrY,13470613,C,A,No,Yes,,DUX4L17,,MODIFIER,,non_coding_transcript_exon_variant,,ENST00000557360.1:n.17C>A,,,,,,,,,,rs898715686
chrY,13470619,AC,A,No,Yes,,,,,,,,,,,,,,,,,,
chrY,13470620,C,T,No,Yes,,DUX4L17,,MODIFIER,,non_coding_transcript_exon_variant,,ENST00000557360.1:n.24C>T,,,,,,,,,,rs1028413267
chrY,13470623,C,G,No,Yes,,DUX4L17,,MODIFIER,,non_coding_transcript_exon_variant,,ENST00000557360.1:n.27C>G,,,,,,,,,,rs1556191396
chrY,13470626,A,C,No,Yes,,DUX4L17,,MODIFIER,,non_coding_transcript_exon_variant,,ENST00000557360.1:n.30A>C,,,,,,,,,,rs112151107
chrY,13470631,C,A,No,Yes,,DUX4L17,,MODIFIER,,non_coding_transcript_exon_variant,,ENST00000557360.1:n.35C>A,,,,,,,,,,rs990192105
chrY,13470633,G,C,No,Yes,,DUX4L17,,MODIFIER,,non_coding_transcript_exon_variant,,ENST00000557360.1:n.37G>C,,,,,,,,,,rs969926169
chrY,13470635,G,A,No,Yes,,DUX4L17,,MODIFIER,,non_coding_transcript_exon_variant,,ENST00000557360.1:n.39G>A,,,,,,,,,,rs928489331
chrY,13470639,GC,G,No,Yes,,,,,,,,,,,,,,,,,,
chrY,28466473,AG,A,No,Yes,,,,,,,,,,,,,,,,,,
chrY,28466476,G,A,No,Yes,,PPP1R12BP1,,MODIFIER,,intron_variant;non_coding_transcript_variant,,ENST00000367272.4:n.1032+8617C>T,,,,,,,,,,
