CHROM,POS,REF,ALT,SYMBOL,IMPACT,Consequence,HGVSc,HGVSp,Existing_variation,ClinVar_CLNSIG,ClinVar_CLNDN,ClinVar_CLNREVSTAT,ClinVar_CLNHGVS,Final_score,Final_priority_reasons,Final_priority
chr12,103237555,G,T,PAH,HIGH,stop_gained&splice_region_variant,ENST00000307000.2:c.1053C>A,ENSP00000303500.2:p.Tyr351Ter,rs62516095&CM930560&CM941138,Pathogenic,not_provided&Phenylketonuria,reviewed_by_expert_panel,NC_000012.11:g.103237555G>T,15,ClinVar pathogenic; HIGH impact; severe functional consequence; splice region,High
chr12,103237555,G,T,PAH,HIGH,stop_gained&splice_region_variant,ENST00000553106.1:c.1068C>A,ENSP00000448059.1:p.Tyr356Ter,rs62516095&CM930560&CM941138,Pathogenic,not_provided&Phenylketonuria,reviewed_by_expert_panel,NC_000012.11:g.103237555G>T,15,ClinVar pathogenic; HIGH impact; severe functional consequence; splice region,High
chr12,103271240,AG,A,PAH,HIGH,frameshift_variant&splice_region_variant,ENST00000307000.2:c.425del,ENSP00000303500.2:p.Pro142LeufsTer48,CM1111672&COSV100187785,Likely_pathogenic,Phenylketonuria,criteria_provided&_single_submitter,NC_000012.11:g.103271243del,14,ClinVar likely pathogenic; HIGH impact; severe functional consequence; splice region,High
chr12,103271240,AG,A,PAH,HIGH,frameshift_variant&splice_region_variant,ENST00000553106.1:c.440del,ENSP00000448059.1:p.Pro147LeufsTer48,CM1111672&COSV100187785,Likely_pathogenic,Phenylketonuria,criteria_provided&_single_submitter,NC_000012.11:g.103271243del,14,ClinVar likely pathogenic; HIGH impact; severe functional consequence; splice region,High
chr12,103237469,AG,A,PAH,HIGH,frameshift_variant,ENST00000307000.2:c.1138del,ENSP00000303500.2:p.Leu380SerfsTer15,rs1565842203,Pathogenic,Phenylketonuria,criteria_provided&_single_submitter,NC_000012.11:g.103237473del,13,ClinVar pathogenic; HIGH impact; severe functional consequence,High
chr12,103237469,AG,A,PAH,HIGH,frameshift_variant,ENST00000553106.1:c.1153del,ENSP00000448059.1:p.Leu385SerfsTer15,rs1565842203,Pathogenic,Phenylketonuria,criteria_provided&_single_submitter,NC_000012.11:g.103237473del,13,ClinVar pathogenic; HIGH impact; severe functional consequence,High
chr12,103237495,AT,A,PAH,HIGH,frameshift_variant,ENST00000307000.2:c.1112del,ENSP00000303500.2:p.Asn371IlefsTer24,rs62642921&CD068112,Pathogenic,not_provided&Phenylketonuria,reviewed_by_expert_panel,NC_000012.11:g.103237499del,13,ClinVar pathogenic; HIGH impact; severe functional consequence,High
chr12,103237495,AT,A,PAH,HIGH,frameshift_variant,ENST00000553106.1:c.1127del,ENSP00000448059.1:p.Asn376IlefsTer24,rs62642921&CD068112,Pathogenic,not_provided&Phenylketonuria,reviewed_by_expert_panel,NC_000012.11:g.103237499del,13,ClinVar pathogenic; HIGH impact; severe functional consequence,High
chr12,103237523,AG,A,PAH,HIGH,frameshift_variant,ENST00000307000.2:c.1084del,ENSP00000303500.2:p.Leu362TrpfsTer33,rs62506951&CD015350&HM971459,Pathogenic,not_provided&Phenylketonuria,reviewed_by_expert_panel,NC_000012.11:g.103237528del,13,ClinVar pathogenic; HIGH impact; severe functional consequence,High
chr12,103237523,AG,A,PAH,HIGH,frameshift_variant,ENST00000553106.1:c.1099del,ENSP00000448059.1:p.Leu367TrpfsTer33,rs62506951&CD015350&HM971459,Pathogenic,not_provided&Phenylketonuria,reviewed_by_expert_panel,NC_000012.11:g.103237528del,13,ClinVar pathogenic; HIGH impact; severe functional consequence,High
chr12,103238154,GC,G,PAH,HIGH,frameshift_variant,ENST00000307000.2:c.1009del,ENSP00000303500.2:p.Ala337HisfsTer58,rs63581460&CD982849&CM930558&CM971134,Pathogenic,not_provided&Phenylketonuria,reviewed_by_expert_panel,NC_000012.11:g.103238156del,13,ClinVar pathogenic; HIGH impact; severe functional consequence,High
chr12,103238154,GC,G,PAH,HIGH,frameshift_variant,ENST00000553106.1:c.1024del,ENSP00000448059.1:p.Ala342HisfsTer58,rs63581460&CD982849&CM930558&CM971134,Pathogenic,not_provided&Phenylketonuria,reviewed_by_expert_panel,NC_000012.11:g.103238156del,13,ClinVar pathogenic; HIGH impact; severe functional consequence,High
chr12,103245469,GA,G,PAH,HIGH,frameshift_variant,ENST00000307000.2:c.892del,ENSP00000303500.2:p.Ser298ProfsTer38,rs62642920&CD056833&CM010973&CM981448,Pathogenic,not_provided&Phenylketonuria,reviewed_by_expert_panel,NC_000012.11:g.103245473del,13,ClinVar pathogenic; HIGH impact; severe functional consequence,High
chr12,103245469,GA,G,PAH,HIGH,frameshift_variant,ENST00000553106.1:c.907del,ENSP00000448059.1:p.Ser303ProfsTer38,rs62642920&CD056833&CM010973&CM981448,Pathogenic,not_provided&Phenylketonuria,reviewed_by_expert_panel,NC_000012.11:g.103245473del,13,ClinVar pathogenic; HIGH impact; severe functional consequence,High
chr12,103246597,CG,C,PAH,HIGH,frameshift_variant,ENST00000307000.2:c.822del,ENSP00000303500.2:p.Glu275AsnfsTer61,rs281865429&CD993067&COSV104596248&COSV61015202,Pathogenic,Phenylketonuria,reviewed_by_expert_panel,NC_000012.11:g.103246602del,13,ClinVar pathogenic; HIGH impact; severe functional consequence,High
chr12,103246597,CG,C,PAH,HIGH,frameshift_variant,ENST00000553106.1:c.837del,ENSP00000448059.1:p.Glu280AsnfsTer61,rs281865429&CD993067&COSV104596248&COSV61015202,Pathogenic,Phenylketonuria,reviewed_by_expert_panel,NC_000012.11:g.103246602del,13,ClinVar pathogenic; HIGH impact; severe functional consequence,High
chr12,103249056,GC,G,PAH,HIGH,frameshift_variant,ENST00000307000.2:c.548del,ENSP00000303500.2:p.Gly183AlafsTer7,rs62507260&CD011181&CM078134,Pathogenic,not_provided&Phenylketonuria,criteria_provided&_single_submitter,NC_000012.11:g.103249060del,13,ClinVar pathogenic; HIGH impact; severe functional consequence,High
chr12,103249056,GC,G,PAH,HIGH,frameshift_variant,ENST00000553106.1:c.563del,ENSP00000448059.1:p.Gly188AlafsTer7,rs62507260&CD011181&CM078134,Pathogenic,not_provided&Phenylketonuria,criteria_provided&_single_submitter,NC_000012.11:g.103249060del,13,ClinVar pathogenic; HIGH impact; severe functional consequence,High
chr12,103260435,TA,T,PAH,HIGH,frameshift_variant,ENST00000307000.2:c.432del,ENSP00000303500.2:p.Phe144LeufsTer46,,Pathogenic,Phenylketonuria,criteria_provided&_single_submitter,NC_000012.11:g.103260439del,13,ClinVar pathogenic; HIGH impact; severe functional consequence,High
chr12,103260435,TA,T,PAH,HIGH,frameshift_variant,ENST00000553106.1:c.447del,ENSP00000448059.1:p.Phe149LeufsTer46,,Pathogenic,Phenylketonuria,criteria_provided&_single_submitter,NC_000012.11:g.103260439del,13,ClinVar pathogenic; HIGH impact; severe functional consequence,High
chr12,103260442,C,T,PAH,HIGH,splice_acceptor_variant,ENST00000307000.2:c.427-1G>A,,rs62514907&CS910453&COSV100188291,Pathogenic,not_provided&Phenylketonuria,reviewed_by_expert_panel,NC_000012.11:g.103260442C>T,13,ClinVar pathogenic; HIGH impact; severe functional consequence,High
chr12,103260442,C,T,PAH,HIGH,splice_acceptor_variant&non_coding_transcript_variant,ENST00000549111.1:n.538-1G>A,,rs62514907&CS910453&COSV100188291,Pathogenic,not_provided&Phenylketonuria,reviewed_by_expert_panel,NC_000012.11:g.103260442C>T,13,ClinVar pathogenic; HIGH impact; severe functional consequence,High
chr12,103260442,C,T,PAH,HIGH,splice_acceptor_variant,ENST00000553106.1:c.442-1G>A,,rs62514907&CS910453&COSV100188291,Pathogenic,not_provided&Phenylketonuria,reviewed_by_expert_panel,NC_000012.11:g.103260442C>T,13,ClinVar pathogenic; HIGH impact; severe functional consequence,High
chr12,103310895,AC,A,PAH,HIGH,frameshift_variant,ENST00000546844.1:c.13del,ENSP00000446658.1:p.Val5SerfsTer33,rs1592991243&CD1511415,Pathogenic,Phenylketonuria,reviewed_by_expert_panel,NC_000012.11:g.103310897del,13,ClinVar pathogenic; HIGH impact; severe functional consequence,High
chr12,103310895,AC,A,PAH,HIGH,frameshift_variant,ENST00000551337.1:c.13del,ENSP00000447620.1:p.Val5SerfsTer33,rs1592991243&CD1511415,Pathogenic,Phenylketonuria,reviewed_by_expert_panel,NC_000012.11:g.103310897del,13,ClinVar pathogenic; HIGH impact; severe functional consequence,High
chr12,103310895,AC,A,PAH,HIGH,frameshift_variant,ENST00000553106.1:c.13del,ENSP00000448059.1:p.Val5SerfsTer33,rs1592991243&CD1511415,Pathogenic,Phenylketonuria,reviewed_by_expert_panel,NC_000012.11:g.103310897del,13,ClinVar pathogenic; HIGH impact; severe functional consequence,High
chr12,103234192,G,T,PAH,MODERATE,missense_variant,ENST00000307000.2:c.1286C>A,ENSP00000303500.2:p.Ala429Asp,rs199475659&CM043320&CM1314653,Pathogenic,not_provided&Phenylketonuria,reviewed_by_expert_panel,NC_000012.11:g.103234192G>T,10,ClinVar pathogenic; MODERATE impact; missense,High
chr12,103234192,G,T,PAH,MODERATE,missense_variant,ENST00000553106.1:c.1301C>A,ENSP00000448059.1:p.Ala434Asp,rs199475659&CM043320&CM1314653,Pathogenic,not_provided&Phenylketonuria,reviewed_by_expert_panel,NC_000012.11:g.103234192G>T,10,ClinVar pathogenic; MODERATE impact; missense,High
chr12,103234255,C,G,PAH,MODERATE,missense_variant,ENST00000307000.2:c.1223G>C,ENSP00000303500.2:p.Arg408Pro,rs79931499&CM920563&COSV61015579,Pathogenic,not_provided&Phenylketonuria,reviewed_by_expert_panel,NC_000012.11:g.103234255C>G,10,ClinVar pathogenic; MODERATE impact; missense,High
chr12,103234255,C,G,PAH,MODERATE,missense_variant,ENST00000553106.1:c.1238G>C,ENSP00000448059.1:p.Arg413Pro,rs79931499&CM920563&COSV61015579,Pathogenic,not_provided&Phenylketonuria,reviewed_by_expert_panel,NC_000012.11:g.103234255C>G,10,ClinVar pathogenic; MODERATE impact; missense,High
chr12,103249009,T,C,PAH,MODERATE,missense_variant,ENST00000307000.2:c.596A>G,ENSP00000303500.2:p.Tyr199Cys,rs62514927&CM123352&CS971842,Pathogenic,not_provided&Phenylketonuria,reviewed_by_expert_panel,NC_000012.11:g.103249009T>C,10,ClinVar pathogenic; MODERATE impact; missense,High
chr12,103249009,T,C,PAH,MODERATE,missense_variant,ENST00000553106.1:c.611A>G,ENSP00000448059.1:p.Tyr204Cys,rs62514927&CM123352&CS971842,Pathogenic,not_provided&Phenylketonuria,reviewed_by_expert_panel,NC_000012.11:g.103249009T>C,10,ClinVar pathogenic; MODERATE impact; missense,High
chr12,103260401,A,G,PAH,MODERATE,missense_variant,ENST00000307000.2:c.467T>C,ENSP00000303500.2:p.Phe156Ser,rs79635844&CM920545,Pathogenic,not_provided&Phenylketonuria,criteria_provided&_multiple_submitters&_no_conflicts,NC_000012.11:g.103260401A>G,10,ClinVar pathogenic; MODERATE impact; missense,High
chr12,103260401,A,G,PAH,MODERATE,missense_variant,ENST00000553106.1:c.482T>C,ENSP00000448059.1:p.Phe161Ser,rs79635844&CM920545,Pathogenic,not_provided&Phenylketonuria,criteria_provided&_multiple_submitters&_no_conflicts,NC_000012.11:g.103260401A>G,10,ClinVar pathogenic; MODERATE impact; missense,High
chr12,103238134,A,C,PAH,MODERATE,missense_variant,ENST00000307000.2:c.1030T>G,ENSP00000303500.2:p.Ser344Ala,rs62508646&CM056673&CM910293,Pathogenic/Likely_pathogenic,not_provided&Phenylketonuria,criteria_provided&_multiple_submitters&_no_conflicts,NC_000012.11:g.103238134A>C,9,ClinVar likely pathogenic; MODERATE impact; missense,High
chr12,103238134,A,C,PAH,MODERATE,missense_variant,ENST00000553106.1:c.1045T>G,ENSP00000448059.1:p.Ser349Ala,rs62508646&CM056673&CM910293,Pathogenic/Likely_pathogenic,not_provided&Phenylketonuria,criteria_provided&_multiple_submitters&_no_conflicts,NC_000012.11:g.103238134A>C,9,ClinVar likely pathogenic; MODERATE impact; missense,High
chr12,103246707,C,T,PAH,MODERATE,missense_variant,ENST00000307000.2:c.713G>A,ENSP00000303500.2:p.Arg238Gln,rs62508588&CM910283&CM993955,Pathogenic/Likely_pathogenic,PAH-related_disorder&Inborn_genetic_diseases&not_provided&Phenylketonuria,criteria_provided&_multiple_submitters&_no_conflicts,NC_000012.11:g.103246707C>T,9,ClinVar likely pathogenic; MODERATE impact; missense,High
chr12,103246707,C,T,PAH,MODERATE,missense_variant,ENST00000553106.1:c.728G>A,ENSP00000448059.1:p.Arg243Gln,rs62508588&CM910283&CM993955,Pathogenic/Likely_pathogenic,PAH-related_disorder&Inborn_genetic_diseases&not_provided&Phenylketonuria,criteria_provided&_multiple_submitters&_no_conflicts,NC_000012.11:g.103246707C>T,9,ClinVar likely pathogenic; MODERATE impact; missense,High
chr12,103232960,AT,A,PAH,HIGH,frameshift_variant,ENST00000307000.2:c.1336del,ENSP00000303500.2:p.Ile446Ter,,,,,,8,HIGH impact; severe functional consequence,High
chr12,103232960,AT,A,PAH,HIGH,frameshift_variant,ENST00000553106.1:c.1351del,ENSP00000448059.1:p.Ile451Ter,,,,,,8,HIGH impact; severe functional consequence,High
chr12,103232969,AG,A,PAH,HIGH,frameshift_variant,ENST00000307000.2:c.1327del,ENSP00000303500.2:p.Leu443SerfsTer4,COSV100188345,,,,,8,HIGH impact; severe functional consequence,High
chr12,103232969,AG,A,PAH,HIGH,frameshift_variant,ENST00000553106.1:c.1342del,ENSP00000448059.1:p.Leu448SerfsTer4,COSV100188345,,,,,8,HIGH impact; severe functional consequence,High
chr12,103232978,CA,C,PAH,HIGH,frameshift_variant,ENST00000307000.2:c.1318del,ENSP00000303500.2:p.Cys440AlafsTer7,,,,,,8,HIGH impact; severe functional consequence,High
chr12,103232978,CA,C,PAH,HIGH,frameshift_variant,ENST00000553106.1:c.1333del,ENSP00000448059.1:p.Cys445AlafsTer7,,,,,,8,HIGH impact; severe functional consequence,High
chr12,103232984,AT,A,PAH,HIGH,frameshift_variant,ENST00000307000.2:c.1312del,ENSP00000303500.2:p.Ile438SerfsTer9,,,,,,8,HIGH impact; severe functional consequence,High
chr12,103232984,AT,A,PAH,HIGH,frameshift_variant,ENST00000553106.1:c.1327del,ENSP00000448059.1:p.Ile443SerfsTer9,,,,,,8,HIGH impact; severe functional consequence,High
chr12,103232988,C,CA,PAH,HIGH,frameshift_variant,ENST00000307000.2:c.1308dup,ENSP00000303500.2:p.Gly437TrpfsTer47,,,,,,8,HIGH impact; severe functional consequence,High
chr12,103232988,C,CA,PAH,HIGH,frameshift_variant,ENST00000553106.1:c.1323dup,ENSP00000448059.1:p.Gly442TrpfsTer47,,,,,,8,HIGH impact; severe functional consequence,High
chr12,103234194,CA,C,PAH,HIGH,frameshift_variant,ENST00000307000.2:c.1283del,ENSP00000303500.2:p.Leu428TrpfsTer19,,,,,,8,HIGH impact; severe functional consequence,High
chr12,103234194,CA,C,PAH,HIGH,frameshift_variant,ENST00000553106.1:c.1298del,ENSP00000448059.1:p.Leu433TrpfsTer19,,,,,,8,HIGH impact; severe functional consequence,High
chr12,103234237,TG,T,PAH,HIGH,frameshift_variant,ENST00000307000.2:c.1240del,ENSP00000303500.2:p.Gln414LysfsTer33,,,,,,8,HIGH impact; severe functional consequence,High
chr12,103234237,TG,T,PAH,HIGH,frameshift_variant,ENST00000553106.1:c.1255del,ENSP00000448059.1:p.Gln419LysfsTer33,,,,,,8,HIGH impact; severe functional consequence,High
chr12,103234280,TG,T,PAH,HIGH,frameshift_variant,ENST00000307000.2:c.1197del,ENSP00000303500.2:p.Thr400GlnfsTer47,,,,,,8,HIGH impact; severe functional consequence,High
chr12,103234280,TG,T,PAH,HIGH,frameshift_variant,ENST00000553106.1:c.1212del,ENSP00000448059.1:p.Thr405GlnfsTer47,,,,,,8,HIGH impact; severe functional consequence,High
chr12,103234286,CA,C,PAH,HIGH,frameshift_variant,ENST00000307000.2:c.1191del,ENSP00000303500.2:p.Phe397LeufsTer50,,,,,,8,HIGH impact; severe functional consequence,High
chr12,103234286,CA,C,PAH,HIGH,frameshift_variant,ENST00000553106.1:c.1206del,ENSP00000448059.1:p.Phe402LeufsTer50,,,,,,8,HIGH impact; severe functional consequence,High
chr12,103234289,AG,A,PAH,HIGH,frameshift_variant,ENST00000307000.2:c.1188del,ENSP00000303500.2:p.Phe397LeufsTer50,,,,,,8,HIGH impact; severe functional consequence,High
chr12,103234289,AG,A,PAH,HIGH,frameshift_variant,ENST00000553106.1:c.1203del,ENSP00000448059.1:p.Phe402LeufsTer50,,,,,,8,HIGH impact; severe functional consequence,High
chr12,103237428,CT,C,PAH,HIGH,frameshift_variant,ENST00000307000.2:c.1179del,ENSP00000303500.2:p.Val394Ter,CM071051&CS991476&COSV61018686&COSV61019558,,,,,8,HIGH impact; severe functional consequence,High
chr12,103237428,CT,C,PAH,HIGH,frameshift_variant,ENST00000553106.1:c.1194del,ENSP00000448059.1:p.Val399Ter,CM071051&CS991476&COSV61018686&COSV61019558,,,,,8,HIGH impact; severe functional consequence,High
chr12,103237440,C,CA,PAH,HIGH,frameshift_variant,ENST00000307000.2:c.1167dup,ENSP00000303500.2:p.Ala390CysfsTer28,,,,,,8,HIGH impact; severe functional consequence,High
chr12,103237440,C,CA,PAH,HIGH,frameshift_variant,ENST00000553106.1:c.1182dup,ENSP00000448059.1:p.Ala395CysfsTer28,,,,,,8,HIGH impact; severe functional consequence,High
chr12,103237456,T,TA,PAH,HIGH,frameshift_variant,ENST00000307000.2:c.1151_1152insT,ENSP00000303500.2:p.Glu385ArgfsTer4,,,,,,8,HIGH impact; severe functional consequence,High
chr12,103237456,T,TA,PAH,HIGH,frameshift_variant,ENST00000553106.1:c.1166_1167insT,ENSP00000448059.1:p.Glu390ArgfsTer4,,,,,,8,HIGH impact; severe functional consequence,High
chr12,103237544,T,TA,PAH,HIGH,frameshift_variant,ENST00000307000.2:c.1063_1064insT,ENSP00000303500.2:p.Glu355ValfsTer34,,,,,,8,HIGH impact; severe functional consequence,High
chr12,103237544,T,TA,PAH,HIGH,frameshift_variant,ENST00000553106.1:c.1078_1079insT,ENSP00000448059.1:p.Glu360ValfsTer34,,,,,,8,HIGH impact; severe functional consequence,High
chr12,103237555,G,T,PAH,LOW,splice_region_variant&non_coding_transcript_exon_variant,ENST00000549247.1:n.827C>A,,rs62516095&CM930560&CM941138,Pathogenic,not_provided&Phenylketonuria,reviewed_by_expert_panel,NC_000012.11:g.103237555G>T,8,ClinVar pathogenic; LOW impact; splice region,High
chr12,103237555,G,T,PAH,LOW,splice_region_variant&non_coding_transcript_exon_variant,ENST00000551114.1:n.730C>A,,rs62516095&CM930560&CM941138,Pathogenic,not_provided&Phenylketonuria,reviewed_by_expert_panel,NC_000012.11:g.103237555G>T,8,ClinVar pathogenic; LOW impact; splice region,High
chr12,103238125,CA,C,PAH,HIGH,frameshift_variant,ENST00000307000.2:c.1038del,ENSP00000303500.2:p.Phe346LeufsTer49,CD983364,,,,,8,HIGH impact; severe functional consequence,High
chr12,103238125,CA,C,PAH,HIGH,frameshift_variant,ENST00000553106.1:c.1053del,ENSP00000448059.1:p.Phe351LeufsTer49,CD983364,,,,,8,HIGH impact; severe functional consequence,High
chr12,103238185,CA,C,PAH,HIGH,frameshift_variant,ENST00000307000.2:c.978del,ENSP00000303500.2:p.Phe326LeufsTer10,,,,,,8,HIGH impact; severe functional consequence,High
chr12,103238185,CA,C,PAH,HIGH,frameshift_variant,ENST00000553106.1:c.993del,ENSP00000448059.1:p.Phe331LeufsTer10,,,,,,8,HIGH impact; severe functional consequence,High
chr12,103238205,TA,T,PAH,HIGH,frameshift_variant,ENST00000307000.2:c.958del,ENSP00000303500.2:p.Tyr320ThrfsTer16,,,,,,8,HIGH impact; severe functional consequence,High
chr12,103238205,TA,T,PAH,HIGH,frameshift_variant,ENST00000553106.1:c.973del,ENSP00000448059.1:p.Tyr325ThrfsTer16,,,,,,8,HIGH impact; severe functional consequence,High
chr12,103245475,T,TG,PAH,HIGH,frameshift_variant,ENST00000307000.2:c.886dup,ENSP00000303500.2:p.Gln296ProfsTer15,,,,,,8,HIGH impact; severe functional consequence,High
chr12,103245475,T,TG,PAH,HIGH,frameshift_variant,ENST00000553106.1:c.901dup,ENSP00000448059.1:p.Gln301ProfsTer15,,,,,,8,HIGH impact; severe functional consequence,High
chr12,103245479,CA,C,PAH,HIGH,frameshift_variant,ENST00000307000.2:c.882del,ENSP00000303500.2:p.Phe294LeufsTer42,CD993593,,,,,8,HIGH impact; severe functional consequence,High
chr12,103245479,CA,C,PAH,HIGH,frameshift_variant,ENST00000553106.1:c.897del,ENSP00000448059.1:p.Phe299LeufsTer42,CD993593,,,,,8,HIGH impact; severe functional consequence,High
chr12,103246609,T,TG,PAH,HIGH,frameshift_variant,ENST00000307000.2:c.810dup,ENSP00000303500.2:p.Met271HisfsTer7,,,,,,8,HIGH impact; severe functional consequence,High
chr12,103246609,T,TG,PAH,HIGH,frameshift_variant,ENST00000553106.1:c.825dup,ENSP00000448059.1:p.Met276HisfsTer7,,,,,,8,HIGH impact; severe functional consequence,High
chr12,103246657,AG,A,PAH,HIGH,frameshift_variant,ENST00000307000.2:c.762del,ENSP00000303500.2:p.Phe255SerfsTer81,COSV61016795,,,,,8,HIGH impact; severe functional consequence,High
chr12,103246657,AG,A,PAH,HIGH,frameshift_variant,ENST00000553106.1:c.777del,ENSP00000448059.1:p.Phe260SerfsTer81,COSV61016795,,,,,8,HIGH impact; severe functional consequence,High
chr12,103246664,GC,G,PAH,HIGH,frameshift_variant,ENST00000307000.2:c.755del,ENSP00000303500.2:p.Gly252AlafsTer84,CM010966&CM973039&COSV100187912,,,,,8,HIGH impact; severe functional consequence,High
chr12,103246664,GC,G,PAH,HIGH,frameshift_variant,ENST00000553106.1:c.770del,ENSP00000448059.1:p.Gly257AlafsTer84,CM010966&CM973039&COSV100187912,,,,,8,HIGH impact; severe functional consequence,High
chr12,103246673,GA,G,PAH,HIGH,frameshift_variant,ENST00000307000.2:c.746del,ENSP00000303500.2:p.Phe249SerfsTer87,,,,,,8,HIGH impact; severe functional consequence,High
chr12,103246673,GA,G,PAH,HIGH,frameshift_variant,ENST00000553106.1:c.761del,ENSP00000448059.1:p.Phe254SerfsTer87,,,,,,8,HIGH impact; severe functional consequence,High
chr12,103248975,CT,C,PAH,HIGH,frameshift_variant,ENST00000307000.2:c.629del,ENSP00000303500.2:p.Lys210SerfsTer126,COSV61017204,,,,,8,HIGH impact; severe functional consequence,High
chr12,103248975,CT,C,PAH,HIGH,frameshift_variant,ENST00000553106.1:c.644del,ENSP00000448059.1:p.Lys215SerfsTer126,COSV61017204,,,,,8,HIGH impact; severe functional consequence,High
chr12,103248989,GA,G,PAH,HIGH,frameshift_variant,ENST00000307000.2:c.615del,ENSP00000303500.2:p.Pro206HisfsTer130,,,,,,8,HIGH impact; severe functional consequence,High
chr12,103248989,GA,G,PAH,HIGH,frameshift_variant,ENST00000553106.1:c.630del,ENSP00000448059.1:p.Pro211HisfsTer130,,,,,,8,HIGH impact; severe functional consequence,High
chr12,103248998,G,GA,PAH,HIGH,frameshift_variant,ENST00000307000.2:c.606dup,ENSP00000303500.2:p.His203SerfsTer7,,,,,,8,HIGH impact; severe functional consequence,High
chr12,103248998,G,GA,PAH,HIGH,frameshift_variant,ENST00000553106.1:c.621dup,ENSP00000448059.1:p.His208SerfsTer7,,,,,,8,HIGH impact; severe functional consequence,High
chr12,103249014,A,AG,PAH,HIGH,frameshift_variant,ENST00000307000.2:c.590dup,ENSP00000303500.2:p.Cys198LeufsTer3,,,,,,8,HIGH impact; severe functional consequence,High
chr12,103249014,A,AG,PAH,HIGH,frameshift_variant,ENST00000553106.1:c.605dup,ENSP00000448059.1:p.Cys203LeufsTer3,,,,,,8,HIGH impact; severe functional consequence,High
chr12,103249021,GT,G,PAH,HIGH,frameshift_variant,ENST00000307000.2:c.583del,ENSP00000303500.2:p.Thr195ProfsTer141,,,,,,8,HIGH impact; severe functional consequence,High
chr12,103249021,GT,G,PAH,HIGH,frameshift_variant,ENST00000553106.1:c.598del,ENSP00000448059.1:p.Thr200ProfsTer141,,,,,,8,HIGH impact; severe functional consequence,High
chr12,103249044,C,CT,PAH,HIGH,frameshift_variant,ENST00000307000.2:c.560dup,ENSP00000303500.2:p.Thr188AspfsTer7,,,,,,8,HIGH impact; severe functional consequence,High
chr12,103249044,C,CT,PAH,HIGH,frameshift_variant,ENST00000553106.1:c.575dup,ENSP00000448059.1:p.Thr193AspfsTer7,,,,,,8,HIGH impact; severe functional consequence,High
chr12,103249061,A,AT,PAH,HIGH,frameshift_variant,ENST00000307000.2:c.543dup,ENSP00000303500.2:p.Trp182MetfsTer13,,,,,,8,HIGH impact; severe functional consequence,High
chr12,103249061,A,AT,PAH,HIGH,frameshift_variant,ENST00000553106.1:c.558dup,ENSP00000448059.1:p.Trp187MetfsTer13,,,,,,8,HIGH impact; severe functional consequence,High
chr12,103249093,C,CG,PAH,HIGH,frameshift_variant,ENST00000307000.2:c.511dup,ENSP00000303500.2:p.Arg171ProfsTer24,,,,,,8,HIGH impact; severe functional consequence,High
chr12,103249093,C,CG,PAH,HIGH,frameshift_variant,ENST00000553106.1:c.526dup,ENSP00000448059.1:p.Arg176ProfsTer24,,,,,,8,HIGH impact; severe functional consequence,High
chr12,103249095,AG,A,PAH,HIGH,frameshift_variant,ENST00000307000.2:c.509del,ENSP00000303500.2:p.Pro170LeufsTer20,COSV61016562,,,,,8,HIGH impact; severe functional consequence,High
chr12,103249095,AG,A,PAH,HIGH,frameshift_variant,ENST00000553106.1:c.524del,ENSP00000448059.1:p.Pro175LeufsTer20,COSV61016562,,,,,8,HIGH impact; severe functional consequence,High
chr12,103249100,TG,T,PAH,HIGH,frameshift_variant,ENST00000307000.2:c.504del,ENSP00000303500.2:p.Ile169SerfsTer21,,,,,,8,HIGH impact; severe functional consequence,High
chr12,103249100,TG,T,PAH,HIGH,frameshift_variant,ENST00000553106.1:c.519del,ENSP00000448059.1:p.Ile174SerfsTer21,,,,,,8,HIGH impact; severe functional consequence,High
chr12,103249106,GC,G,PAH,HIGH,frameshift_variant,ENST00000307000.2:c.498del,ENSP00000303500.2:p.Gln167SerfsTer23,,,,,,8,HIGH impact; severe functional consequence,High
chr12,103249106,GC,G,PAH,HIGH,frameshift_variant,ENST00000553106.1:c.513del,ENSP00000448059.1:p.Gln172SerfsTer23,,,,,,8,HIGH impact; severe functional consequence,High
chr12,103260406,CT,C,PAH,HIGH,frameshift_variant,ENST00000307000.2:c.461del,ENSP00000303500.2:p.Lys154SerfsTer36,,,,,,8,HIGH impact; severe functional consequence,High
chr12,103260406,CT,C,PAH,HIGH,frameshift_variant,ENST00000553106.1:c.476del,ENSP00000448059.1:p.Lys159SerfsTer36,,,,,,8,HIGH impact; severe functional consequence,High
chr12,103271244,T,TG,PAH,HIGH,frameshift_variant,ENST00000307000.2:c.421dup,ENSP00000303500.2:p.His141ProfsTer5,,,,,,8,HIGH impact; severe functional consequence,High
chr12,103271244,T,TG,PAH,HIGH,frameshift_variant,ENST00000553106.1:c.436dup,ENSP00000448059.1:p.His146ProfsTer5,,,,,,8,HIGH impact; severe functional consequence,High
chr12,103288536,GA,G,PAH,HIGH,frameshift_variant,ENST00000307000.2:c.313del,ENSP00000303500.2:p.Ser105HisfsTer85,CD130698,,,,,8,HIGH impact; severe functional consequence,High
chr12,103288536,GA,G,PAH,HIGH,frameshift_variant,ENST00000546844.1:c.328del,ENSP00000446658.1:p.Ser110HisfsTer?,CD130698,,,,,8,HIGH impact; severe functional consequence,High
chr12,103288536,GA,G,PAH,HIGH,frameshift_variant,ENST00000551337.1:c.328del,ENSP00000447620.1:p.Ser110HisfsTer?,CD130698,,,,,8,HIGH impact; severe functional consequence,High
chr12,103288536,GA,G,PAH,HIGH,frameshift_variant,ENST00000553106.1:c.328del,ENSP00000448059.1:p.Ser110HisfsTer85,CD130698,,,,,8,HIGH impact; severe functional consequence,High
chr12,103288595,AG,A,PAH,HIGH,frameshift_variant,ENST00000307000.2:c.254del,ENSP00000303500.2:p.Ala85ValfsTer2,,,,,,8,HIGH impact; severe functional consequence,High
chr12,103288595,AG,A,PAH,HIGH,frameshift_variant,ENST00000546844.1:c.269del,ENSP00000446658.1:p.Ala90ValfsTer2,,,,,,8,HIGH impact; severe functional consequence,High
chr12,103288595,AG,A,PAH,HIGH,frameshift_variant,ENST00000551337.1:c.269del,ENSP00000447620.1:p.Ala90ValfsTer2,,,,,,8,HIGH impact; severe functional consequence,High
chr12,103288595,AG,A,PAH,HIGH,frameshift_variant,ENST00000553106.1:c.269del,ENSP00000448059.1:p.Ala90ValfsTer2,,,,,,8,HIGH impact; severe functional consequence,High
chr12,103288616,CA,C,PAH,HIGH,frameshift_variant,ENST00000307000.2:c.233del,ENSP00000303500.2:p.Leu78TrpfsTer9,,,,,,8,HIGH impact; severe functional consequence,High
chr12,103288616,CA,C,PAH,HIGH,frameshift_variant,ENST00000546844.1:c.248del,ENSP00000446658.1:p.Leu83TrpfsTer9,,,,,,8,HIGH impact; severe functional consequence,High
chr12,103288616,CA,C,PAH,HIGH,frameshift_variant,ENST00000551337.1:c.248del,ENSP00000447620.1:p.Leu83TrpfsTer9,,,,,,8,HIGH impact; severe functional consequence,High
chr12,103288616,CA,C,PAH,HIGH,frameshift_variant,ENST00000553106.1:c.248del,ENSP00000448059.1:p.Leu83TrpfsTer9,,,,,,8,HIGH impact; severe functional consequence,High
chr12,103288625,GA,G,PAH,HIGH,frameshift_variant,ENST00000307000.2:c.224del,ENSP00000303500.2:p.Phe75SerfsTer12,,,,,,8,HIGH impact; severe functional consequence,High
chr12,103288625,GA,G,PAH,HIGH,frameshift_variant,ENST00000546844.1:c.239del,ENSP00000446658.1:p.Phe80SerfsTer12,,,,,,8,HIGH impact; severe functional consequence,High
chr12,103288625,GA,G,PAH,HIGH,frameshift_variant,ENST00000551337.1:c.239del,ENSP00000447620.1:p.Phe80SerfsTer12,,,,,,8,HIGH impact; severe functional consequence,High
chr12,103288625,GA,G,PAH,HIGH,frameshift_variant,ENST00000553106.1:c.239del,ENSP00000448059.1:p.Phe80SerfsTer12,,,,,,8,HIGH impact; severe functional consequence,High
chr12,103288666,AT,A,PAH,HIGH,frameshift_variant,ENST00000307000.2:c.183del,ENSP00000303500.2:p.Glu61AspfsTer7,,,,,,8,HIGH impact; severe functional consequence,High
chr12,103288666,AT,A,PAH,HIGH,frameshift_variant,ENST00000546844.1:c.198del,ENSP00000446658.1:p.Glu66AspfsTer7,,,,,,8,HIGH impact; severe functional consequence,High
chr12,103288666,AT,A,PAH,HIGH,frameshift_variant,ENST00000551337.1:c.198del,ENSP00000447620.1:p.Glu66AspfsTer7,,,,,,8,HIGH impact; severe functional consequence,High
chr12,103288666,AT,A,PAH,HIGH,frameshift_variant,ENST00000553106.1:c.198del,ENSP00000448059.1:p.Glu66AspfsTer7,,,,,,8,HIGH impact; severe functional consequence,High
chr12,103306641,AT,A,PAH,HIGH,frameshift_variant,ENST00000307000.2:c.80del,ENSP00000303500.2:p.Asn27MetfsTer6,,,,,,8,HIGH impact; severe functional consequence,High
chr12,103306641,AT,A,PAH,HIGH,frameshift_variant,ENST00000546844.1:c.95del,ENSP00000446658.1:p.Asn32MetfsTer6,,,,,,8,HIGH impact; severe functional consequence,High
chr12,103306641,AT,A,PAH,HIGH,frameshift_variant,ENST00000551337.1:c.95del,ENSP00000447620.1:p.Asn32MetfsTer6,,,,,,8,HIGH impact; severe functional consequence,High
chr12,103306641,AT,A,PAH,HIGH,frameshift_variant,ENST00000553106.1:c.95del,ENSP00000448059.1:p.Asn32MetfsTer6,,,,,,8,HIGH impact; severe functional consequence,High
chr12,103310854,CA,C,PAH,HIGH,frameshift_variant,ENST00000546844.1:c.54del,ENSP00000446658.1:p.Phe18LeufsTer20,,,,,,8,HIGH impact; severe functional consequence,High
chr12,103310854,CA,C,PAH,HIGH,frameshift_variant,ENST00000551337.1:c.54del,ENSP00000447620.1:p.Phe18LeufsTer20,,,,,,8,HIGH impact; severe functional consequence,High
chr12,103310854,CA,C,PAH,HIGH,frameshift_variant,ENST00000553106.1:c.54del,ENSP00000448059.1:p.Phe18LeufsTer20,,,,,,8,HIGH impact; severe functional consequence,High
chr12,103310866,GT,G,PAH,HIGH,frameshift_variant,ENST00000546844.1:c.42del,ENSP00000446658.1:p.Lys14AsnfsTer24,,,,,,8,HIGH impact; severe functional consequence,High
chr12,103310866,GT,G,PAH,HIGH,frameshift_variant,ENST00000551337.1:c.42del,ENSP00000447620.1:p.Lys14AsnfsTer24,,,,,,8,HIGH impact; severe functional consequence,High
chr12,103310866,GT,G,PAH,HIGH,frameshift_variant,ENST00000553106.1:c.42del,ENSP00000448059.1:p.Lys14AsnfsTer24,,,,,,8,HIGH impact; severe functional consequence,High
chr12,103310882,TG,T,PAH,HIGH,frameshift_variant,ENST00000546844.1:c.26del,ENSP00000446658.1:p.Pro9GlnfsTer29,COSV100187582,,,,,8,HIGH impact; severe functional consequence,High
chr12,103310882,TG,T,PAH,HIGH,frameshift_variant,ENST00000551337.1:c.26del,ENSP00000447620.1:p.Pro9GlnfsTer29,COSV100187582,,,,,8,HIGH impact; severe functional consequence,High
chr12,103310882,TG,T,PAH,HIGH,frameshift_variant,ENST00000553106.1:c.26del,ENSP00000448059.1:p.Pro9GlnfsTer29,COSV100187582,,,,,8,HIGH impact; severe functional consequence,High
chr12,103310892,A,AG,PAH,HIGH,frameshift_variant,ENST00000546844.1:c.16dup,ENSP00000446658.1:p.Leu6ProfsTer12,,,,,,8,HIGH impact; severe functional consequence,High
chr12,103310892,A,AG,PAH,HIGH,frameshift_variant,ENST00000551337.1:c.16dup,ENSP00000447620.1:p.Leu6ProfsTer12,,,,,,8,HIGH impact; severe functional consequence,High
chr12,103310892,A,AG,PAH,HIGH,frameshift_variant,ENST00000553106.1:c.16dup,ENSP00000448059.1:p.Leu6ProfsTer12,,,,,,8,HIGH impact; severe functional consequence,High
chr12,103232956,C,CT,PAH,MODERATE,inframe_insertion&stop_retained_variant,ENST00000307000.2:c.1340dup,,rs199475641,Pathogenic/Likely_pathogenic,not_provided&Phenylketonuria,criteria_provided&_multiple_submitters&_no_conflicts,NC_000012.11:g.103232959dup,7,ClinVar likely pathogenic; MODERATE impact,Medium
chr12,103232956,C,CT,PAH,MODERATE,inframe_insertion&stop_retained_variant,ENST00000553106.1:c.1355dup,,rs199475641,Pathogenic/Likely_pathogenic,not_provided&Phenylketonuria,criteria_provided&_multiple_submitters&_no_conflicts,NC_000012.11:g.103232959dup,7,ClinVar likely pathogenic; MODERATE impact,Medium
chr12,103271240,AG,A,PAH,LOW,splice_region_variant&non_coding_transcript_exon_variant,ENST00000549111.1:n.536del,,CM1111672&COSV100187785,Likely_pathogenic,Phenylketonuria,criteria_provided&_single_submitter,NC_000012.11:g.103271243del,7,ClinVar likely pathogenic; LOW impact; splice region,Medium
chr12,103271240,AG,A,PAH,LOW,splice_region_variant&non_coding_transcript_exon_variant,ENST00000551988.1:n.529del,,CM1111672&COSV100187785,Likely_pathogenic,Phenylketonuria,criteria_provided&_single_submitter,NC_000012.11:g.103271243del,7,ClinVar likely pathogenic; LOW impact; splice region,Medium
chr12,103260401,A,G,PAH,MODIFIER,intron_variant&non_coding_transcript_variant,ENST00000551988.1:n.530+10839T>C,,rs79635844&CM920545,Pathogenic,not_provided&Phenylketonuria,criteria_provided&_multiple_submitters&_no_conflicts,NC_000012.11:g.103260401A>G,6,ClinVar pathogenic; intronic candidate,Medium
chr12,103260435,TA,T,PAH,MODIFIER,intron_variant&non_coding_transcript_variant,ENST00000551988.1:n.530+10804del,,,Pathogenic,Phenylketonuria,criteria_provided&_single_submitter,NC_000012.11:g.103260439del,6,ClinVar pathogenic; intronic candidate,Medium
chr12,103260442,C,T,PAH,MODIFIER,intron_variant&non_coding_transcript_variant,ENST00000551988.1:n.530+10798G>A,,rs62514907&CS910453&COSV100188291,Pathogenic,not_provided&Phenylketonuria,reviewed_by_expert_panel,NC_000012.11:g.103260442C>T,6,ClinVar pathogenic; intronic candidate,Medium
chr12,103234192,G,T,PAH,MODIFIER,downstream_gene_variant,,,rs199475659&CM043320&CM1314653,Pathogenic,not_provided&Phenylketonuria,reviewed_by_expert_panel,NC_000012.11:g.103234192G>T,5,ClinVar pathogenic,Medium
chr12,103234192,G,T,PAH,MODIFIER,downstream_gene_variant,,,rs199475659&CM043320&CM1314653,Pathogenic,not_provided&Phenylketonuria,reviewed_by_expert_panel,NC_000012.11:g.103234192G>T,5,ClinVar pathogenic,Medium
chr12,103234255,C,G,PAH,MODIFIER,downstream_gene_variant,,,rs79931499&CM920563&COSV61015579,Pathogenic,not_provided&Phenylketonuria,reviewed_by_expert_panel,NC_000012.11:g.103234255C>G,5,ClinVar pathogenic,Medium
chr12,103234255,C,G,PAH,MODIFIER,downstream_gene_variant,,,rs79931499&CM920563&COSV61015579,Pathogenic,not_provided&Phenylketonuria,reviewed_by_expert_panel,NC_000012.11:g.103234255C>G,5,ClinVar pathogenic,Medium
chr12,103237469,AG,A,PAH,MODIFIER,non_coding_transcript_exon_variant,ENST00000549247.1:n.912del,,rs1565842203,Pathogenic,Phenylketonuria,criteria_provided&_single_submitter,NC_000012.11:g.103237473del,5,ClinVar pathogenic,Medium
chr12,103237469,AG,A,PAH,MODIFIER,downstream_gene_variant,,,rs1565842203,Pathogenic,Phenylketonuria,criteria_provided&_single_submitter,NC_000012.11:g.103237473del,5,ClinVar pathogenic,Medium
chr12,103237495,AT,A,PAH,MODIFIER,non_coding_transcript_exon_variant,ENST00000549247.1:n.886del,,rs62642921&CD068112,Pathogenic,not_provided&Phenylketonuria,reviewed_by_expert_panel,NC_000012.11:g.103237499del,5,ClinVar pathogenic,Medium
chr12,103237495,AT,A,PAH,MODIFIER,non_coding_transcript_exon_variant,ENST00000551114.1:n.789del,,rs62642921&CD068112,Pathogenic,not_provided&Phenylketonuria,reviewed_by_expert_panel,NC_000012.11:g.103237499del,5,ClinVar pathogenic,Medium
chr12,103237523,AG,A,PAH,MODIFIER,non_coding_transcript_exon_variant,ENST00000549247.1:n.858del,,rs62506951&CD015350&HM971459,Pathogenic,not_provided&Phenylketonuria,reviewed_by_expert_panel,NC_000012.11:g.103237528del,5,ClinVar pathogenic,Medium
chr12,103237523,AG,A,PAH,MODIFIER,non_coding_transcript_exon_variant,ENST00000551114.1:n.761del,,rs62506951&CD015350&HM971459,Pathogenic,not_provided&Phenylketonuria,reviewed_by_expert_panel,NC_000012.11:g.103237528del,5,ClinVar pathogenic,Medium
chr12,103238154,GC,G,PAH,MODIFIER,non_coding_transcript_exon_variant,ENST00000549247.1:n.783del,,rs63581460&CD982849&CM930558&CM971134,Pathogenic,not_provided&Phenylketonuria,reviewed_by_expert_panel,NC_000012.11:g.103238156del,5,ClinVar pathogenic,Medium
chr12,103238154,GC,G,PAH,MODIFIER,non_coding_transcript_exon_variant,ENST00000551114.1:n.686del,,rs63581460&CD982849&CM930558&CM971134,Pathogenic,not_provided&Phenylketonuria,reviewed_by_expert_panel,NC_000012.11:g.103238156del,5,ClinVar pathogenic,Medium
chr12,103245469,GA,G,PAH,MODIFIER,downstream_gene_variant,,,rs62642920&CD056833&CM010973&CM981448,Pathogenic,not_provided&Phenylketonuria,reviewed_by_expert_panel,NC_000012.11:g.103245473del,5,ClinVar pathogenic,Medium
chr12,103245469,GA,G,PAH,MODIFIER,non_coding_transcript_exon_variant,ENST00000549247.1:n.666del,,rs62642920&CD056833&CM010973&CM981448,Pathogenic,not_provided&Phenylketonuria,reviewed_by_expert_panel,NC_000012.11:g.103245473del,5,ClinVar pathogenic,Medium
chr12,103245469,GA,G,PAH,MODIFIER,non_coding_transcript_exon_variant,ENST00000551114.1:n.569del,,rs62642920&CD056833&CM010973&CM981448,Pathogenic,not_provided&Phenylketonuria,reviewed_by_expert_panel,NC_000012.11:g.103245473del,5,ClinVar pathogenic,Medium
chr12,103245469,GA,G,PAH,MODIFIER,downstream_gene_variant,,,rs62642920&CD056833&CM010973&CM981448,Pathogenic,not_provided&Phenylketonuria,reviewed_by_expert_panel,NC_000012.11:g.103245473del,5,ClinVar pathogenic,Medium
chr12,103245503,G,C,PAH,MODERATE,missense_variant,ENST00000307000.2:c.859C>G,ENSP00000303500.2:p.Pro287Ala,CM1511444,,,,,5,MODERATE impact; missense,Medium
chr12,103245503,G,C,PAH,MODERATE,missense_variant,ENST00000553106.1:c.874C>G,ENSP00000448059.1:p.Pro292Ala,CM1511444,,,,,5,MODERATE impact; missense,Medium
chr12,103246597,CG,C,PAH,MODIFIER,downstream_gene_variant,,,rs281865429&CD993067&COSV104596248&COSV61015202,Pathogenic,Phenylketonuria,reviewed_by_expert_panel,NC_000012.11:g.103246602del,5,ClinVar pathogenic,Medium
chr12,103246597,CG,C,PAH,MODIFIER,non_coding_transcript_exon_variant,ENST00000549247.1:n.596del,,rs281865429&CD993067&COSV104596248&COSV61015202,Pathogenic,Phenylketonuria,reviewed_by_expert_panel,NC_000012.11:g.103246602del,5,ClinVar pathogenic,Medium
chr12,103246597,CG,C,PAH,MODIFIER,upstream_gene_variant,,,rs281865429&CD993067&COSV104596248&COSV61015202,Pathogenic,Phenylketonuria,reviewed_by_expert_panel,NC_000012.11:g.103246602del,5,ClinVar pathogenic,Medium
chr12,103246597,CG,C,PAH,MODIFIER,downstream_gene_variant,,,rs281865429&CD993067&COSV104596248&COSV61015202,Pathogenic,Phenylketonuria,reviewed_by_expert_panel,NC_000012.11:g.103246602del,5,ClinVar pathogenic,Medium
chr12,103249009,T,C,PAH,MODIFIER,non_coding_transcript_exon_variant,ENST00000549111.1:n.707A>G,,rs62514927&CM123352&CS971842,Pathogenic,not_provided&Phenylketonuria,reviewed_by_expert_panel,NC_000012.11:g.103249009T>C,5,ClinVar pathogenic,Medium
chr12,103249009,T,C,PAH,MODIFIER,upstream_gene_variant,,,rs62514927&CM123352&CS971842,Pathogenic,not_provided&Phenylketonuria,reviewed_by_expert_panel,NC_000012.11:g.103249009T>C,5,ClinVar pathogenic,Medium
chr12,103249009,T,C,PAH,MODIFIER,upstream_gene_variant,,,rs62514927&CM123352&CS971842,Pathogenic,not_provided&Phenylketonuria,reviewed_by_expert_panel,NC_000012.11:g.103249009T>C,5,ClinVar pathogenic,Medium
chr12,103249009,T,C,PAH,MODIFIER,downstream_gene_variant,,,rs62514927&CM123352&CS971842,Pathogenic,not_provided&Phenylketonuria,reviewed_by_expert_panel,NC_000012.11:g.103249009T>C,5,ClinVar pathogenic,Medium
chr12,103249056,GC,G,PAH,MODIFIER,non_coding_transcript_exon_variant,ENST00000549111.1:n.659del,,rs62507260&CD011181&CM078134,Pathogenic,not_provided&Phenylketonuria,criteria_provided&_single_submitter,NC_000012.11:g.103249060del,5,ClinVar pathogenic,Medium
chr12,103249056,GC,G,PAH,MODIFIER,upstream_gene_variant,,,rs62507260&CD011181&CM078134,Pathogenic,not_provided&Phenylketonuria,criteria_provided&_single_submitter,NC_000012.11:g.103249060del,5,ClinVar pathogenic,Medium
chr12,103249056,GC,G,PAH,MODIFIER,upstream_gene_variant,,,rs62507260&CD011181&CM078134,Pathogenic,not_provided&Phenylketonuria,criteria_provided&_single_submitter,NC_000012.11:g.103249060del,5,ClinVar pathogenic,Medium
chr12,103249056,GC,G,PAH,MODIFIER,non_coding_transcript_exon_variant,ENST00000551988.1:n.584del,,rs62507260&CD011181&CM078134,Pathogenic,not_provided&Phenylketonuria,criteria_provided&_single_submitter,NC_000012.11:g.103249060del,5,ClinVar pathogenic,Medium
chr12,103260401,A,G,PAH,MODIFIER,non_coding_transcript_exon_variant,ENST00000549111.1:n.578T>C,,rs79635844&CM920545,Pathogenic,not_provided&Phenylketonuria,criteria_provided&_multiple_submitters&_no_conflicts,NC_000012.11:g.103260401A>G,5,ClinVar pathogenic,Medium
chr12,103260435,TA,T,PAH,MODIFIER,non_coding_transcript_exon_variant,ENST00000549111.1:n.543del,,,Pathogenic,Phenylketonuria,criteria_provided&_single_submitter,NC_000012.11:g.103260439del,5,ClinVar pathogenic,Medium
chr12,103310895,AC,A,PAH,MODIFIER,5_prime_UTR_variant,ENST00000307000.2:c.-135del,,rs1592991243&CD1511415,Pathogenic,Phenylketonuria,reviewed_by_expert_panel,NC_000012.11:g.103310897del,5,ClinVar pathogenic,Medium
chr12,103310895,AC,A,PAH,MODIFIER,downstream_gene_variant,,,rs1592991243&CD1511415,Pathogenic,Phenylketonuria,reviewed_by_expert_panel,NC_000012.11:g.103310897del,5,ClinVar pathogenic,Medium
chr12,103310895,AC,A,PAH,MODIFIER,non_coding_transcript_exon_variant,ENST00000547319.1:n.324del,,rs1592991243&CD1511415,Pathogenic,Phenylketonuria,reviewed_by_expert_panel,NC_000012.11:g.103310897del,5,ClinVar pathogenic,Medium
chr12,103310895,AC,A,PAH,MODIFIER,upstream_gene_variant,,,rs1592991243&CD1511415,Pathogenic,Phenylketonuria,reviewed_by_expert_panel,NC_000012.11:g.103310897del,5,ClinVar pathogenic,Medium
chr12,103310895,AC,A,PAH,MODIFIER,upstream_gene_variant,,,rs1592991243&CD1511415,Pathogenic,Phenylketonuria,reviewed_by_expert_panel,NC_000012.11:g.103310897del,5,ClinVar pathogenic,Medium
chr12,103310895,AC,A,PAH,MODIFIER,non_coding_transcript_exon_variant,ENST00000549111.1:n.109del,,rs1592991243&CD1511415,Pathogenic,Phenylketonuria,reviewed_by_expert_panel,NC_000012.11:g.103310897del,5,ClinVar pathogenic,Medium
chr12,103310895,AC,A,PAH,MODIFIER,upstream_gene_variant,,,rs1592991243&CD1511415,Pathogenic,Phenylketonuria,reviewed_by_expert_panel,NC_000012.11:g.103310897del,5,ClinVar pathogenic,Medium
chr12,103310895,AC,A,PAH,MODIFIER,non_coding_transcript_exon_variant,ENST00000551988.1:n.102del,,rs1592991243&CD1511415,Pathogenic,Phenylketonuria,reviewed_by_expert_panel,NC_000012.11:g.103310897del,5,ClinVar pathogenic,Medium
chr12,103232956,C,CT,PAH,MODIFIER,downstream_gene_variant,,,rs199475641,Pathogenic/Likely_pathogenic,not_provided&Phenylketonuria,criteria_provided&_multiple_submitters&_no_conflicts,NC_000012.11:g.103232959dup,4,ClinVar likely pathogenic,Medium
chr12,103232956,C,CT,PAH,MODIFIER,downstream_gene_variant,,,rs199475641,Pathogenic/Likely_pathogenic,not_provided&Phenylketonuria,criteria_provided&_multiple_submitters&_no_conflicts,NC_000012.11:g.103232959dup,4,ClinVar likely pathogenic,Medium
chr12,103233000,C,CA,PAH,LOW,splice_region_variant&splice_polypyrimidine_tract_variant&intron_variant,ENST00000307000.2:c.1301-5dup,,,,,,,4,LOW impact; splice region; intronic candidate,Medium
chr12,103233000,C,CA,PAH,LOW,splice_region_variant&splice_polypyrimidine_tract_variant&intron_variant,ENST00000553106.1:c.1316-5dup,,,,,,,4,LOW impact; splice region; intronic candidate,Medium
chr12,103234299,AC,A,PAH,LOW,splice_region_variant&splice_polypyrimidine_tract_variant&intron_variant,ENST00000307000.2:c.1185-7del,,,,,,,4,LOW impact; splice region; intronic candidate,Medium
chr12,103234299,AC,A,PAH,LOW,splice_region_variant&splice_polypyrimidine_tract_variant&intron_variant,ENST00000553106.1:c.1200-7del,,,,,,,4,LOW impact; splice region; intronic candidate,Medium
chr12,103237564,GC,G,PAH,LOW,splice_region_variant&splice_polypyrimidine_tract_variant&intron_variant,ENST00000307000.2:c.1051-8del,,,,,,,4,LOW impact; splice region; intronic candidate,Medium
chr12,103237564,GC,G,PAH,LOW,splice_region_variant&splice_polypyrimidine_tract_variant&intron_variant&non_coding_transcript_variant,ENST00000549247.1:n.825-8del,,,,,,,4,LOW impact; splice region; intronic candidate,Medium
chr12,103237564,GC,G,PAH,LOW,splice_region_variant&splice_polypyrimidine_tract_variant&intron_variant&non_coding_transcript_variant,ENST00000551114.1:n.728-8del,,,,,,,4,LOW impact; splice region; intronic candidate,Medium
chr12,103237564,GC,G,PAH,LOW,splice_region_variant&splice_polypyrimidine_tract_variant&intron_variant,ENST00000553106.1:c.1066-8del,,,,,,,4,LOW impact; splice region; intronic candidate,Medium
chr12,103238134,A,C,PAH,MODIFIER,non_coding_transcript_exon_variant,ENST00000549247.1:n.804T>G,,rs62508646&CM056673&CM910293,Pathogenic/Likely_pathogenic,not_provided&Phenylketonuria,criteria_provided&_multiple_submitters&_no_conflicts,NC_000012.11:g.103238134A>C,4,ClinVar likely pathogenic,Medium
chr12,103238134,A,C,PAH,MODIFIER,non_coding_transcript_exon_variant,ENST00000551114.1:n.707T>G,,rs62508646&CM056673&CM910293,Pathogenic/Likely_pathogenic,not_provided&Phenylketonuria,criteria_provided&_multiple_submitters&_no_conflicts,NC_000012.11:g.103238134A>C,4,ClinVar likely pathogenic,Medium
chr12,103246707,C,T,PAH,MODIFIER,downstream_gene_variant,,,rs62508588&CM910283&CM993955,Pathogenic/Likely_pathogenic,PAH-related_disorder&Inborn_genetic_diseases&not_provided&Phenylketonuria,criteria_provided&_multiple_submitters&_no_conflicts,NC_000012.11:g.103246707C>T,4,ClinVar likely pathogenic,Medium
chr12,103246707,C,T,PAH,MODIFIER,non_coding_transcript_exon_variant,ENST00000549247.1:n.487G>A,,rs62508588&CM910283&CM993955,Pathogenic/Likely_pathogenic,PAH-related_disorder&Inborn_genetic_diseases&not_provided&Phenylketonuria,criteria_provided&_multiple_submitters&_no_conflicts,NC_000012.11:g.103246707C>T,4,ClinVar likely pathogenic,Medium
chr12,103246707,C,T,PAH,MODIFIER,upstream_gene_variant,,,rs62508588&CM910283&CM993955,Pathogenic/Likely_pathogenic,PAH-related_disorder&Inborn_genetic_diseases&not_provided&Phenylketonuria,criteria_provided&_multiple_submitters&_no_conflicts,NC_000012.11:g.103246707C>T,4,ClinVar likely pathogenic,Medium
chr12,103246707,C,T,PAH,MODIFIER,downstream_gene_variant,,,rs62508588&CM910283&CM993955,Pathogenic/Likely_pathogenic,PAH-related_disorder&Inborn_genetic_diseases&not_provided&Phenylketonuria,criteria_provided&_multiple_submitters&_no_conflicts,NC_000012.11:g.103246707C>T,4,ClinVar likely pathogenic,Medium
chr12,103246730,T,TG,PAH,LOW,splice_region_variant&splice_polypyrimidine_tract_variant&intron_variant,ENST00000307000.2:c.692-3dup,,,,,,,4,LOW impact; splice region; intronic candidate,Medium
chr12,103246730,T,TG,PAH,LOW,splice_region_variant&splice_polypyrimidine_tract_variant&intron_variant,ENST00000553106.1:c.707-3dup,,,,,,,4,LOW impact; splice region; intronic candidate,Medium
chr12,103246733,G,GA,PAH,LOW,splice_region_variant&splice_polypyrimidine_tract_variant&intron_variant,ENST00000307000.2:c.692-6dup,,,,,,,4,LOW impact; splice region; intronic candidate,Medium
chr12,103246733,G,GA,PAH,LOW,splice_region_variant&splice_polypyrimidine_tract_variant&intron_variant,ENST00000553106.1:c.707-6dup,,,,,,,4,LOW impact; splice region; intronic candidate,Medium
chr12,103248905,TG,T,PAH,LOW,splice_region_variant&intron_variant,ENST00000307000.2:c.691+8del,,,,,,,4,LOW impact; splice region; intronic candidate,Medium
chr12,103248905,TG,T,PAH,LOW,splice_region_variant&intron_variant,ENST00000553106.1:c.706+8del,,,,,,,4,LOW impact; splice region; intronic candidate,Medium
chr12,103260448,GA,G,PAH,LOW,splice_region_variant&splice_polypyrimidine_tract_variant&intron_variant,ENST00000307000.2:c.427-8del,,,,,,,4,LOW impact; splice region; intronic candidate,Medium
chr12,103260448,GA,G,PAH,LOW,splice_region_variant&splice_polypyrimidine_tract_variant&intron_variant&non_coding_transcript_variant,ENST00000549111.1:n.538-8del,,,,,,,4,LOW impact; splice region; intronic candidate,Medium
chr12,103260448,GA,G,PAH,LOW,splice_region_variant&splice_polypyrimidine_tract_variant&intron_variant,ENST00000553106.1:c.442-8del,,,,,,,4,LOW impact; splice region; intronic candidate,Medium
chr12,103271240,AG,A,PAH,MODIFIER,non_coding_transcript_exon_variant,ENST00000550978.1:n.424del,,CM1111672&COSV100187785,Likely_pathogenic,Phenylketonuria,criteria_provided&_single_submitter,NC_000012.11:g.103271243del,4,ClinVar likely pathogenic,Medium
chr12,103271240,AG,A,PAH,MODIFIER,downstream_gene_variant,,,CM1111672&COSV100187785,Likely_pathogenic,Phenylketonuria,criteria_provided&_single_submitter,NC_000012.11:g.103271243del,4,ClinVar likely pathogenic,Medium
chr12,103306679,A,AT,PAH,LOW,splice_region_variant&splice_polypyrimidine_tract_variant&intron_variant,ENST00000307000.2:c.46-4_46-3insA,,,,,,,4,LOW impact; splice region; intronic candidate,Medium
chr12,103306679,A,AT,PAH,LOW,splice_region_variant&splice_polypyrimidine_tract_variant&intron_variant,ENST00000546844.1:c.61-4_61-3insA,,,,,,,4,LOW impact; splice region; intronic candidate,Medium
chr12,103306679,A,AT,PAH,LOW,splice_region_variant&splice_polypyrimidine_tract_variant&intron_variant&non_coding_transcript_variant,ENST00000548677.1:n.148-4_148-3insA,,,,,,,4,LOW impact; splice region; intronic candidate,Medium
chr12,103306679,A,AT,PAH,LOW,splice_region_variant&splice_polypyrimidine_tract_variant&intron_variant&non_coding_transcript_variant,ENST00000549111.1:n.157-4_157-3insA,,,,,,,4,LOW impact; splice region; intronic candidate,Medium
chr12,103306679,A,AT,PAH,LOW,splice_region_variant&splice_polypyrimidine_tract_variant&intron_variant&non_coding_transcript_variant,ENST00000550978.1:n.45-4_45-3insA,,,,,,,4,LOW impact; splice region; intronic candidate,Medium
chr12,103306679,A,AT,PAH,LOW,splice_region_variant&splice_polypyrimidine_tract_variant&intron_variant,ENST00000551337.1:c.61-4_61-3insA,,,,,,,4,LOW impact; splice region; intronic candidate,Medium
chr12,103306679,A,AT,PAH,LOW,splice_region_variant&splice_polypyrimidine_tract_variant&intron_variant&non_coding_transcript_variant,ENST00000551988.1:n.150-4_150-3insA,,,,,,,4,LOW impact; splice region; intronic candidate,Medium
chr12,103306679,A,AT,PAH,LOW,splice_region_variant&splice_polypyrimidine_tract_variant&intron_variant,ENST00000553106.1:c.61-4_61-3insA,,,,,,,4,LOW impact; splice region; intronic candidate,Medium
chr12,103306681,A,AG,PAH,LOW,splice_region_variant&splice_polypyrimidine_tract_variant&intron_variant,ENST00000307000.2:c.46-6dup,,,,,,,4,LOW impact; splice region; intronic candidate,Medium
chr12,103306681,A,AG,PAH,LOW,splice_region_variant&splice_polypyrimidine_tract_variant&intron_variant,ENST00000546844.1:c.61-6dup,,,,,,,4,LOW impact; splice region; intronic candidate,Medium
chr12,103306681,A,AG,PAH,LOW,splice_region_variant&splice_polypyrimidine_tract_variant&intron_variant&non_coding_transcript_variant,ENST00000548677.1:n.148-6dup,,,,,,,4,LOW impact; splice region; intronic candidate,Medium
chr12,103306681,A,AG,PAH,LOW,splice_region_variant&splice_polypyrimidine_tract_variant&intron_variant&non_coding_transcript_variant,ENST00000549111.1:n.157-6dup,,,,,,,4,LOW impact; splice region; intronic candidate,Medium
chr12,103306681,A,AG,PAH,LOW,splice_region_variant&splice_polypyrimidine_tract_variant&intron_variant&non_coding_transcript_variant,ENST00000550978.1:n.45-6dup,,,,,,,4,LOW impact; splice region; intronic candidate,Medium
chr12,103306681,A,AG,PAH,LOW,splice_region_variant&splice_polypyrimidine_tract_variant&intron_variant,ENST00000551337.1:c.61-6dup,,,,,,,4,LOW impact; splice region; intronic candidate,Medium
chr12,103306681,A,AG,PAH,LOW,splice_region_variant&splice_polypyrimidine_tract_variant&intron_variant&non_coding_transcript_variant,ENST00000551988.1:n.150-6dup,,,,,,,4,LOW impact; splice region; intronic candidate,Medium
chr12,103306681,A,AG,PAH,LOW,splice_region_variant&splice_polypyrimidine_tract_variant&intron_variant,ENST00000553106.1:c.61-6dup,,,,,,,4,LOW impact; splice region; intronic candidate,Medium
chr12,103233004,G,GA,PAH,LOW,splice_polypyrimidine_tract_variant&intron_variant,ENST00000307000.2:c.1301-9dup,,,,,,,2,LOW impact; intronic candidate,Low
chr12,103233004,G,GA,PAH,LOW,splice_polypyrimidine_tract_variant&intron_variant,ENST00000553106.1:c.1316-9dup,,,,,,,2,LOW impact; intronic candidate,Low
chr12,103234301,CA,C,PAH,LOW,splice_polypyrimidine_tract_variant&intron_variant,ENST00000307000.2:c.1185-9del,,,,,,,2,LOW impact; intronic candidate,Low
chr12,103234301,CA,C,PAH,LOW,splice_polypyrimidine_tract_variant&intron_variant,ENST00000553106.1:c.1200-9del,,,,,,,2,LOW impact; intronic candidate,Low
chr12,103237568,C,CA,PAH,LOW,splice_polypyrimidine_tract_variant&intron_variant,ENST00000307000.2:c.1051-12dup,,,,,,,2,LOW impact; intronic candidate,Low
chr12,103237568,C,CA,PAH,LOW,splice_polypyrimidine_tract_variant&intron_variant&non_coding_transcript_variant,ENST00000549247.1:n.825-12dup,,,,,,,2,LOW impact; intronic candidate,Low
chr12,103237568,C,CA,PAH,LOW,splice_polypyrimidine_tract_variant&intron_variant&non_coding_transcript_variant,ENST00000551114.1:n.728-12dup,,,,,,,2,LOW impact; intronic candidate,Low
chr12,103237568,C,CA,PAH,LOW,splice_polypyrimidine_tract_variant&intron_variant,ENST00000553106.1:c.1066-12dup,,,,,,,2,LOW impact; intronic candidate,Low
chr12,103237573,GA,G,PAH,LOW,splice_polypyrimidine_tract_variant&intron_variant,ENST00000307000.2:c.1051-17del,,,,,,,2,LOW impact; intronic candidate,Low
chr12,103237573,GA,G,PAH,LOW,splice_polypyrimidine_tract_variant&intron_variant&non_coding_transcript_variant,ENST00000549247.1:n.825-17del,,,,,,,2,LOW impact; intronic candidate,Low
chr12,103237573,GA,G,PAH,LOW,splice_polypyrimidine_tract_variant&intron_variant&non_coding_transcript_variant,ENST00000551114.1:n.728-17del,,,,,,,2,LOW impact; intronic candidate,Low
chr12,103237573,GA,G,PAH,LOW,splice_polypyrimidine_tract_variant&intron_variant,ENST00000553106.1:c.1066-17del,,,,,,,2,LOW impact; intronic candidate,Low
chr12,103238218,GA,G,PAH,LOW,splice_polypyrimidine_tract_variant&intron_variant,ENST00000307000.2:c.955-10del,,,,,,,2,LOW impact; intronic candidate,Low
chr12,103238218,GA,G,PAH,LOW,splice_polypyrimidine_tract_variant&intron_variant&non_coding_transcript_variant,ENST00000549247.1:n.729-10del,,,,,,,2,LOW impact; intronic candidate,Low
chr12,103238218,GA,G,PAH,LOW,splice_polypyrimidine_tract_variant&intron_variant&non_coding_transcript_variant,ENST00000551114.1:n.632-10del,,,,,,,2,LOW impact; intronic candidate,Low
chr12,103238218,GA,G,PAH,LOW,splice_polypyrimidine_tract_variant&intron_variant,ENST00000553106.1:c.970-10del,,,,,,,2,LOW impact; intronic candidate,Low
chr12,103246587,A,AG,PAH,LOW,splice_donor_region_variant&intron_variant,ENST00000307000.2:c.827+5_827+6insC,,,,,,,2,LOW impact; intronic candidate,Low
chr12,103246587,A,AG,PAH,LOW,splice_donor_region_variant&intron_variant&non_coding_transcript_variant,ENST00000549247.1:n.601+5_601+6insC,,,,,,,2,LOW impact; intronic candidate,Low
chr12,103246587,A,AG,PAH,LOW,splice_donor_region_variant&intron_variant,ENST00000553106.1:c.842+5_842+6insC,,,,,,,2,LOW impact; intronic candidate,Low
chr12,103246736,GA,G,PAH,LOW,splice_polypyrimidine_tract_variant&intron_variant,ENST00000307000.2:c.692-9del,,,,,,,2,LOW impact; intronic candidate,Low
chr12,103246736,GA,G,PAH,LOW,splice_polypyrimidine_tract_variant&intron_variant,ENST00000553106.1:c.707-9del,,,,,,,2,LOW impact; intronic candidate,Low
chr12,103246741,G,GA,PAH,LOW,splice_polypyrimidine_tract_variant&intron_variant,ENST00000307000.2:c.692-14dup,,,,,,,2,LOW impact; intronic candidate,Low
chr12,103246741,G,GA,PAH,LOW,splice_polypyrimidine_tract_variant&intron_variant,ENST00000553106.1:c.707-14dup,,,,,,,2,LOW impact; intronic candidate,Low
chr12,103246744,GA,G,PAH,LOW,splice_polypyrimidine_tract_variant&intron_variant,ENST00000307000.2:c.692-17del,,,,,,,2,LOW impact; intronic candidate,Low
chr12,103246744,GA,G,PAH,LOW,splice_polypyrimidine_tract_variant&intron_variant,ENST00000553106.1:c.707-17del,,,,,,,2,LOW impact; intronic candidate,Low
chr12,103249120,AG,A,PAH,LOW,splice_polypyrimidine_tract_variant&intron_variant,ENST00000307000.2:c.495-11del,,,,,,,2,LOW impact; intronic candidate,Low
chr12,103249120,AG,A,PAH,LOW,splice_polypyrimidine_tract_variant&intron_variant&non_coding_transcript_variant,ENST00000549111.1:n.606-11del,,,,,,,2,LOW impact; intronic candidate,Low
chr12,103249120,AG,A,PAH,LOW,splice_polypyrimidine_tract_variant&intron_variant&non_coding_transcript_variant,ENST00000551988.1:n.531-11del,,,,,,,2,LOW impact; intronic candidate,Low
chr12,103249120,AG,A,PAH,LOW,splice_polypyrimidine_tract_variant&intron_variant,ENST00000553106.1:c.510-11del,,,,,,,2,LOW impact; intronic candidate,Low
chr12,103249122,G,A,PAH,LOW,splice_polypyrimidine_tract_variant&intron_variant,ENST00000307000.2:c.495-12C>T,,,,,,,2,LOW impact; intronic candidate,Low
chr12,103249122,G,A,PAH,LOW,splice_polypyrimidine_tract_variant&intron_variant&non_coding_transcript_variant,ENST00000549111.1:n.606-12C>T,,,,,,,2,LOW impact; intronic candidate,Low
chr12,103249122,G,A,PAH,LOW,splice_polypyrimidine_tract_variant&intron_variant&non_coding_transcript_variant,ENST00000551988.1:n.531-12C>T,,,,,,,2,LOW impact; intronic candidate,Low
chr12,103249122,G,A,PAH,LOW,splice_polypyrimidine_tract_variant&intron_variant,ENST00000553106.1:c.510-12C>T,,,,,,,2,LOW impact; intronic candidate,Low
chr12,103249125,CA,C,PAH,LOW,splice_polypyrimidine_tract_variant&intron_variant,ENST00000307000.2:c.495-16del,,,,,,,2,LOW impact; intronic candidate,Low
chr12,103249125,CA,C,PAH,LOW,splice_polypyrimidine_tract_variant&intron_variant&non_coding_transcript_variant,ENST00000549111.1:n.606-16del,,,,,,,2,LOW impact; intronic candidate,Low
chr12,103249125,CA,C,PAH,LOW,splice_polypyrimidine_tract_variant&intron_variant&non_coding_transcript_variant,ENST00000551988.1:n.531-16del,,,,,,,2,LOW impact; intronic candidate,Low
chr12,103249125,CA,C,PAH,LOW,splice_polypyrimidine_tract_variant&intron_variant,ENST00000553106.1:c.510-16del,,,,,,,2,LOW impact; intronic candidate,Low
chr12,103260369,C,CG,PAH,LOW,splice_donor_region_variant&intron_variant,ENST00000307000.2:c.494+4_494+5insC,,,,,,,2,LOW impact; intronic candidate,Low
chr12,103260369,C,CG,PAH,LOW,splice_donor_region_variant&intron_variant&non_coding_transcript_variant,ENST00000549111.1:n.605+4_605+5insC,,,,,,,2,LOW impact; intronic candidate,Low
chr12,103260369,C,CG,PAH,LOW,splice_donor_region_variant&intron_variant,ENST00000553106.1:c.509+4_509+5insC,,,,,,,2,LOW impact; intronic candidate,Low
chr12,103288710,TG,T,PAH,LOW,splice_polypyrimidine_tract_variant&intron_variant,ENST00000307000.2:c.154-15del,,,,,,,2,LOW impact; intronic candidate,Low
chr12,103288710,TG,T,PAH,LOW,splice_polypyrimidine_tract_variant&intron_variant,ENST00000546844.1:c.169-15del,,,,,,,2,LOW impact; intronic candidate,Low
chr12,103288710,TG,T,PAH,LOW,splice_polypyrimidine_tract_variant&intron_variant&non_coding_transcript_variant,ENST00000548677.1:n.256-15del,,,,,,,2,LOW impact; intronic candidate,Low
chr12,103288710,TG,T,PAH,LOW,splice_polypyrimidine_tract_variant&intron_variant&non_coding_transcript_variant,ENST00000548928.1:n.91-15del,,,,,,,2,LOW impact; intronic candidate,Low
chr12,103288710,TG,T,PAH,LOW,splice_polypyrimidine_tract_variant&intron_variant&non_coding_transcript_variant,ENST00000549111.1:n.265-15del,,,,,,,2,LOW impact; intronic candidate,Low
chr12,103288710,TG,T,PAH,LOW,splice_polypyrimidine_tract_variant&intron_variant&non_coding_transcript_variant,ENST00000550978.1:n.153-15del,,,,,,,2,LOW impact; intronic candidate,Low
chr12,103288710,TG,T,PAH,LOW,splice_polypyrimidine_tract_variant&intron_variant,ENST00000551337.1:c.169-15del,,,,,,,2,LOW impact; intronic candidate,Low
chr12,103288710,TG,T,PAH,LOW,splice_polypyrimidine_tract_variant&intron_variant&non_coding_transcript_variant,ENST00000551988.1:n.258-15del,,,,,,,2,LOW impact; intronic candidate,Low
chr12,103288710,TG,T,PAH,LOW,splice_polypyrimidine_tract_variant&intron_variant,ENST00000553106.1:c.169-15del,,,,,,,2,LOW impact; intronic candidate,Low
chr12,103306689,A,AT,PAH,LOW,splice_polypyrimidine_tract_variant&intron_variant,ENST00000307000.2:c.46-14dup,,,,,,,2,LOW impact; intronic candidate,Low
chr12,103306689,A,AT,PAH,LOW,splice_polypyrimidine_tract_variant&intron_variant,ENST00000546844.1:c.61-14dup,,,,,,,2,LOW impact; intronic candidate,Low
chr12,103306689,A,AT,PAH,LOW,splice_polypyrimidine_tract_variant&intron_variant&non_coding_transcript_variant,ENST00000548677.1:n.148-14dup,,,,,,,2,LOW impact; intronic candidate,Low
chr12,103306689,A,AT,PAH,LOW,splice_polypyrimidine_tract_variant&intron_variant&non_coding_transcript_variant,ENST00000549111.1:n.157-14dup,,,,,,,2,LOW impact; intronic candidate,Low
chr12,103306689,A,AT,PAH,LOW,splice_polypyrimidine_tract_variant&intron_variant&non_coding_transcript_variant,ENST00000550978.1:n.45-14dup,,,,,,,2,LOW impact; intronic candidate,Low
chr12,103306689,A,AT,PAH,LOW,splice_polypyrimidine_tract_variant&intron_variant,ENST00000551337.1:c.61-14dup,,,,,,,2,LOW impact; intronic candidate,Low
chr12,103306689,A,AT,PAH,LOW,splice_polypyrimidine_tract_variant&intron_variant&non_coding_transcript_variant,ENST00000551988.1:n.150-14dup,,,,,,,2,LOW impact; intronic candidate,Low
chr12,103306689,A,AT,PAH,LOW,splice_polypyrimidine_tract_variant&intron_variant,ENST00000553106.1:c.61-14dup,,,,,,,2,LOW impact; intronic candidate,Low
chr12,103306693,A,AT,PAH,LOW,splice_polypyrimidine_tract_variant&intron_variant,ENST00000307000.2:c.46-18dup,,,,,,,2,LOW impact; intronic candidate,Low
chr12,103306693,A,AT,PAH,LOW,splice_polypyrimidine_tract_variant&intron_variant,ENST00000546844.1:c.61-18dup,,,,,,,2,LOW impact; intronic candidate,Low
chr12,103306693,A,AT,PAH,LOW,splice_polypyrimidine_tract_variant&intron_variant&non_coding_transcript_variant,ENST00000548677.1:n.148-18dup,,,,,,,2,LOW impact; intronic candidate,Low
chr12,103306693,A,AT,PAH,LOW,splice_polypyrimidine_tract_variant&intron_variant&non_coding_transcript_variant,ENST00000549111.1:n.157-18dup,,,,,,,2,LOW impact; intronic candidate,Low
chr12,103306693,A,AT,PAH,LOW,splice_polypyrimidine_tract_variant&intron_variant&non_coding_transcript_variant,ENST00000550978.1:n.45-18dup,,,,,,,2,LOW impact; intronic candidate,Low
chr12,103306693,A,AT,PAH,LOW,splice_polypyrimidine_tract_variant&intron_variant,ENST00000551337.1:c.61-18dup,,,,,,,2,LOW impact; intronic candidate,Low
chr12,103306693,A,AT,PAH,LOW,splice_polypyrimidine_tract_variant&intron_variant&non_coding_transcript_variant,ENST00000551988.1:n.150-18dup,,,,,,,2,LOW impact; intronic candidate,Low
chr12,103306693,A,AT,PAH,LOW,splice_polypyrimidine_tract_variant&intron_variant,ENST00000553106.1:c.61-18dup,,,,,,,2,LOW impact; intronic candidate,Low
chr12,103311020,A,AG,PAH,LOW,splice_polypyrimidine_tract_variant&intron_variant&non_coding_transcript_variant,ENST00000546708.1:n.493-18dup,,,,,,,2,LOW impact; intronic candidate,Low
chr12,103311020,A,AG,PAH,LOW,splice_polypyrimidine_tract_variant&intron_variant,ENST00000546844.1:c.-95-18dup,,,,,,,2,LOW impact; intronic candidate,Low
chr12,103311020,A,AG,PAH,LOW,splice_polypyrimidine_tract_variant&intron_variant&non_coding_transcript_variant,ENST00000547319.1:n.217-18dup,,,,,,,2,LOW impact; intronic candidate,Low
chr12,103311020,A,AG,PAH,LOW,splice_polypyrimidine_tract_variant&intron_variant,ENST00000551337.1:c.-95-18dup,,,,,,,2,LOW impact; intronic candidate,Low
chr12,103233016,CA,C,PAH,MODIFIER,intron_variant,ENST00000307000.2:c.1301-21del,,,,,,,1,intronic candidate,Low
chr12,103233016,CA,C,PAH,MODIFIER,intron_variant,ENST00000553106.1:c.1316-21del,,,,,,,1,intronic candidate,Low
chr12,103233021,T,TG,PAH,MODIFIER,intron_variant,ENST00000307000.2:c.1301-26dup,,,,,,,1,intronic candidate,Low
chr12,103233021,T,TG,PAH,MODIFIER,intron_variant,ENST00000553106.1:c.1316-26dup,,,,,,,1,intronic candidate,Low
chr12,103234153,GC,G,PAH,MODIFIER,intron_variant,ENST00000307000.2:c.1300+24del,,,,,,,1,intronic candidate,Low
chr12,103234153,GC,G,PAH,MODIFIER,intron_variant,ENST00000553106.1:c.1315+24del,,,,,,,1,intronic candidate,Low
chr12,103234310,AG,A,PAH,MODIFIER,intron_variant,ENST00000307000.2:c.1185-18del,,,,,,,1,intronic candidate,Low
chr12,103234310,AG,A,PAH,MODIFIER,intron_variant,ENST00000553106.1:c.1200-18del,,,,,,,1,intronic candidate,Low
chr12,103234312,G,GC,PAH,MODIFIER,intron_variant,ENST00000307000.2:c.1185-20dup,,,,,,,1,intronic candidate,Low
chr12,103234312,G,GC,PAH,MODIFIER,intron_variant,ENST00000553106.1:c.1200-20dup,,,,,,,1,intronic candidate,Low
chr12,103234313,C,CT,PAH,MODIFIER,intron_variant,ENST00000307000.2:c.1185-21dup,,,,,,,1,intronic candidate,Low
chr12,103234313,C,CT,PAH,MODIFIER,intron_variant,ENST00000553106.1:c.1200-21dup,,,,,,,1,intronic candidate,Low
chr12,103234320,G,GA,PAH,MODIFIER,intron_variant,ENST00000307000.2:c.1185-28dup,,,,,,,1,intronic candidate,Low
chr12,103234320,G,GA,PAH,MODIFIER,intron_variant,ENST00000553106.1:c.1200-28dup,,,,,,,1,intronic candidate,Low
chr12,103234322,AG,A,PAH,MODIFIER,intron_variant,ENST00000307000.2:c.1185-30del,,,,,,,1,intronic candidate,Low
chr12,103234322,AG,A,PAH,MODIFIER,intron_variant,ENST00000553106.1:c.1200-30del,,,,,,,1,intronic candidate,Low
chr12,103237394,G,GC,PAH,MODIFIER,intron_variant,ENST00000307000.2:c.1184+29dup,,,,,,,1,intronic candidate,Low
chr12,103237394,G,GC,PAH,MODIFIER,intron_variant,ENST00000553106.1:c.1199+29dup,,,,,,,1,intronic candidate,Low
chr12,103237580,T,TA,PAH,MODIFIER,intron_variant,ENST00000307000.2:c.1051-24dup,,,,,,,1,intronic candidate,Low
chr12,103237580,T,TA,PAH,MODIFIER,intron_variant&non_coding_transcript_variant,ENST00000549247.1:n.825-24dup,,,,,,,1,intronic candidate,Low
chr12,103237580,T,TA,PAH,MODIFIER,intron_variant&non_coding_transcript_variant,ENST00000551114.1:n.728-24dup,,,,,,,1,intronic candidate,Low
chr12,103237580,T,TA,PAH,MODIFIER,intron_variant,ENST00000553106.1:c.1066-24dup,,,,,,,1,intronic candidate,Low
chr12,103238093,TG,T,PAH,MODIFIER,intron_variant,ENST00000307000.2:c.1050+20del,,,,,,,1,intronic candidate,Low
chr12,103238093,TG,T,PAH,MODIFIER,intron_variant&non_coding_transcript_variant,ENST00000549247.1:n.824+20del,,,,,,,1,intronic candidate,Low
chr12,103238093,TG,T,PAH,MODIFIER,intron_variant&non_coding_transcript_variant,ENST00000551114.1:n.727+20del,,,,,,,1,intronic candidate,Low
chr12,103238093,TG,T,PAH,MODIFIER,intron_variant,ENST00000553106.1:c.1065+20del,,,,,,,1,intronic candidate,Low
chr12,103238095,GT,G,PAH,MODIFIER,intron_variant,ENST00000307000.2:c.1050+18del,,,,,,,1,intronic candidate,Low
chr12,103238095,GT,G,PAH,MODIFIER,intron_variant&non_coding_transcript_variant,ENST00000549247.1:n.824+18del,,,,,,,1,intronic candidate,Low
chr12,103238095,GT,G,PAH,MODIFIER,intron_variant&non_coding_transcript_variant,ENST00000551114.1:n.727+18del,,,,,,,1,intronic candidate,Low
chr12,103238095,GT,G,PAH,MODIFIER,intron_variant,ENST00000553106.1:c.1065+18del,,,,,,,1,intronic candidate,Low
chr12,103238103,GA,G,PAH,MODIFIER,intron_variant,ENST00000307000.2:c.1050+10del,,,,,,,1,intronic candidate,Low
chr12,103238103,GA,G,PAH,MODIFIER,intron_variant&non_coding_transcript_variant,ENST00000549247.1:n.824+10del,,,,,,,1,intronic candidate,Low
chr12,103238103,GA,G,PAH,MODIFIER,intron_variant&non_coding_transcript_variant,ENST00000551114.1:n.727+10del,,,,,,,1,intronic candidate,Low
chr12,103238103,GA,G,PAH,MODIFIER,intron_variant,ENST00000553106.1:c.1065+10del,,,,,,,1,intronic candidate,Low
chr12,103245446,TA,T,PAH,MODIFIER,intron_variant,ENST00000307000.2:c.897+18del,,,,,,,1,intronic candidate,Low
chr12,103245446,TA,T,PAH,MODIFIER,intron_variant&non_coding_transcript_variant,ENST00000549247.1:n.671+18del,,,,,,,1,intronic candidate,Low
chr12,103245446,TA,T,PAH,MODIFIER,intron_variant&non_coding_transcript_variant,ENST00000551114.1:n.574+18del,,,,,,,1,intronic candidate,Low
chr12,103245446,TA,T,PAH,MODIFIER,intron_variant,ENST00000553106.1:c.912+18del,,,,,,,1,intronic candidate,Low
chr12,103245564,AG,A,PAH,MODIFIER,intron_variant,ENST00000307000.2:c.828-31del,,,,,,,1,intronic candidate,Low
chr12,103245564,AG,A,PAH,MODIFIER,intron_variant&non_coding_transcript_variant,ENST00000549247.1:n.602-31del,,,,,,,1,intronic candidate,Low
chr12,103245564,AG,A,PAH,MODIFIER,intron_variant,ENST00000553106.1:c.843-31del,,,,,,,1,intronic candidate,Low
chr12,103246569,T,TG,PAH,MODIFIER,intron_variant,ENST00000307000.2:c.827+23dup,,,,,,,1,intronic candidate,Low
chr12,103246569,T,TG,PAH,MODIFIER,intron_variant&non_coding_transcript_variant,ENST00000549247.1:n.601+23dup,,,,,,,1,intronic candidate,Low
chr12,103246569,T,TG,PAH,MODIFIER,intron_variant,ENST00000553106.1:c.842+23dup,,,,,,,1,intronic candidate,Low
chr12,103246576,T,TG,PAH,MODIFIER,intron_variant,ENST00000307000.2:c.827+16dup,,,,,,,1,intronic candidate,Low
chr12,103246576,T,TG,PAH,MODIFIER,intron_variant&non_coding_transcript_variant,ENST00000549247.1:n.601+16dup,,,,,,,1,intronic candidate,Low
chr12,103246576,T,TG,PAH,MODIFIER,intron_variant,ENST00000553106.1:c.842+16dup,,,,,,,1,intronic candidate,Low
chr12,103246579,A,AG,PAH,MODIFIER,intron_variant,ENST00000307000.2:c.827+13dup,,,,,,,1,intronic candidate,Low
chr12,103246579,A,AG,PAH,MODIFIER,intron_variant&non_coding_transcript_variant,ENST00000549247.1:n.601+13dup,,,,,,,1,intronic candidate,Low
chr12,103246579,A,AG,PAH,MODIFIER,intron_variant,ENST00000553106.1:c.842+13dup,,,,,,,1,intronic candidate,Low
chr12,103246753,C,CA,PAH,MODIFIER,intron_variant,ENST00000307000.2:c.692-26_692-25insT,,,,,,,1,intronic candidate,Low
chr12,103246753,C,CA,PAH,MODIFIER,intron_variant,ENST00000553106.1:c.707-26_707-25insT,,,,,,,1,intronic candidate,Low
chr12,103246755,C,CA,PAH,MODIFIER,intron_variant,ENST00000307000.2:c.692-28dup,,,,,,,1,intronic candidate,Low
chr12,103246755,C,CA,PAH,MODIFIER,intron_variant,ENST00000553106.1:c.707-28dup,,,,,,,1,intronic candidate,Low
chr12,103248889,G,GC,PAH,MODIFIER,intron_variant,ENST00000307000.2:c.691+24dup,,,,,,,1,intronic candidate,Low
chr12,103248889,G,GC,PAH,MODIFIER,intron_variant,ENST00000553106.1:c.706+24dup,,,,,,,1,intronic candidate,Low
chr12,103248896,AC,A,PAH,MODIFIER,intron_variant,ENST00000307000.2:c.691+17del,,,,,,,1,intronic candidate,Low
chr12,103248896,AC,A,PAH,MODIFIER,intron_variant,ENST00000553106.1:c.706+17del,,,,,,,1,intronic candidate,Low
chr12,103260347,T,TC,PAH,MODIFIER,intron_variant,ENST00000307000.2:c.494+26dup,,,,,,,1,intronic candidate,Low
chr12,103260347,T,TC,PAH,MODIFIER,intron_variant&non_coding_transcript_variant,ENST00000549111.1:n.605+26dup,,,,,,,1,intronic candidate,Low
chr12,103260347,T,TC,PAH,MODIFIER,intron_variant&non_coding_transcript_variant,ENST00000551988.1:n.530+10892dup,,,,,,,1,intronic candidate,Low
chr12,103260347,T,TC,PAH,MODIFIER,intron_variant,ENST00000553106.1:c.509+26dup,,,,,,,1,intronic candidate,Low
chr12,103260369,C,CG,PAH,MODIFIER,intron_variant&non_coding_transcript_variant,ENST00000551988.1:n.530+10870_530+10871insC,,,,,,,1,intronic candidate,Low
chr12,103260406,CT,C,PAH,MODIFIER,intron_variant&non_coding_transcript_variant,ENST00000551988.1:n.530+10833del,,,,,,,1,intronic candidate,Low
chr12,103260448,GA,G,PAH,MODIFIER,intron_variant&non_coding_transcript_variant,ENST00000551988.1:n.530+10791del,,,,,,,1,intronic candidate,Low
chr12,103260463,AT,A,PAH,MODIFIER,intron_variant,ENST00000307000.2:c.427-23del,,,,,,,1,intronic candidate,Low
chr12,103260463,AT,A,PAH,MODIFIER,intron_variant&non_coding_transcript_variant,ENST00000549111.1:n.538-23del,,,,,,,1,intronic candidate,Low
chr12,103260463,AT,A,PAH,MODIFIER,intron_variant&non_coding_transcript_variant,ENST00000551988.1:n.530+10776del,,,,,,,1,intronic candidate,Low
chr12,103260463,AT,A,PAH,MODIFIER,intron_variant,ENST00000553106.1:c.442-23del,,,,,,,1,intronic candidate,Low
chr12,103271224,C,CG,PAH,MODIFIER,intron_variant,ENST00000307000.2:c.426+15dup,,,,,,,1,intronic candidate,Low
chr12,103271224,C,CG,PAH,MODIFIER,intron_variant&non_coding_transcript_variant,ENST00000549111.1:n.537+15dup,,,,,,,1,intronic candidate,Low
chr12,103271224,C,CG,PAH,MODIFIER,intron_variant&non_coding_transcript_variant,ENST00000551988.1:n.530+15dup,,,,,,,1,intronic candidate,Low
chr12,103271224,C,CG,PAH,MODIFIER,intron_variant,ENST00000553106.1:c.441+15dup,,,,,,,1,intronic candidate,Low
chr12,103271227,GC,G,PAH,MODIFIER,intron_variant,ENST00000307000.2:c.426+12del,,,,,,,1,intronic candidate,Low
chr12,103271227,GC,G,PAH,MODIFIER,intron_variant&non_coding_transcript_variant,ENST00000549111.1:n.537+12del,,,,,,,1,intronic candidate,Low
chr12,103271227,GC,G,PAH,MODIFIER,intron_variant&non_coding_transcript_variant,ENST00000551988.1:n.530+12del,,,,,,,1,intronic candidate,Low
chr12,103271227,GC,G,PAH,MODIFIER,intron_variant,ENST00000553106.1:c.441+12del,,,,,,,1,intronic candidate,Low
chr12,103288483,C,CT,PAH,MODIFIER,intron_variant,ENST00000307000.2:c.337+29dup,,,,,,,1,intronic candidate,Low
chr12,103288483,C,CT,PAH,MODIFIER,intron_variant&non_coding_transcript_variant,ENST00000548928.1:n.274+29dup,,,,,,,1,intronic candidate,Low
chr12,103288483,C,CT,PAH,MODIFIER,intron_variant&non_coding_transcript_variant,ENST00000549111.1:n.448+29dup,,,,,,,1,intronic candidate,Low
chr12,103288483,C,CT,PAH,MODIFIER,intron_variant&non_coding_transcript_variant,ENST00000550978.1:n.336+29dup,,,,,,,1,intronic candidate,Low
chr12,103288483,C,CT,PAH,MODIFIER,intron_variant,ENST00000551337.1:c.352+29dup,,,,,,,1,intronic candidate,Low
chr12,103288483,C,CT,PAH,MODIFIER,intron_variant&non_coding_transcript_variant,ENST00000551988.1:n.441+29dup,,,,,,,1,intronic candidate,Low
chr12,103288483,C,CT,PAH,MODIFIER,intron_variant,ENST00000553106.1:c.352+29dup,,,,,,,1,intronic candidate,Low
chr12,103288492,CA,C,PAH,MODIFIER,intron_variant,ENST00000307000.2:c.337+20del,,,,,,,1,intronic candidate,Low
chr12,103288492,CA,C,PAH,MODIFIER,intron_variant&non_coding_transcript_variant,ENST00000548928.1:n.274+20del,,,,,,,1,intronic candidate,Low
chr12,103288492,CA,C,PAH,MODIFIER,intron_variant&non_coding_transcript_variant,ENST00000549111.1:n.448+20del,,,,,,,1,intronic candidate,Low
chr12,103288492,CA,C,PAH,MODIFIER,intron_variant&non_coding_transcript_variant,ENST00000550978.1:n.336+20del,,,,,,,1,intronic candidate,Low
chr12,103288492,CA,C,PAH,MODIFIER,intron_variant,ENST00000551337.1:c.352+20del,,,,,,,1,intronic candidate,Low
chr12,103288492,CA,C,PAH,MODIFIER,intron_variant&non_coding_transcript_variant,ENST00000551988.1:n.441+20del,,,,,,,1,intronic candidate,Low
chr12,103288492,CA,C,PAH,MODIFIER,intron_variant,ENST00000553106.1:c.352+20del,,,,,,,1,intronic candidate,Low
chr12,103288503,TA,T,PAH,MODIFIER,intron_variant,ENST00000307000.2:c.337+9del,,,,,,,1,intronic candidate,Low
chr12,103288503,TA,T,PAH,MODIFIER,intron_variant&non_coding_transcript_variant,ENST00000548928.1:n.274+9del,,,,,,,1,intronic candidate,Low
chr12,103288503,TA,T,PAH,MODIFIER,intron_variant&non_coding_transcript_variant,ENST00000549111.1:n.448+9del,,,,,,,1,intronic candidate,Low
chr12,103288503,TA,T,PAH,MODIFIER,intron_variant&non_coding_transcript_variant,ENST00000550978.1:n.336+9del,,,,,,,1,intronic candidate,Low
chr12,103288503,TA,T,PAH,MODIFIER,intron_variant,ENST00000551337.1:c.352+9del,,,,,,,1,intronic candidate,Low
chr12,103288503,TA,T,PAH,MODIFIER,intron_variant&non_coding_transcript_variant,ENST00000551988.1:n.441+9del,,,,,,,1,intronic candidate,Low
chr12,103288503,TA,T,PAH,MODIFIER,intron_variant,ENST00000553106.1:c.352+9del,,,,,,,1,intronic candidate,Low
chr12,103288719,T,TG,PAH,MODIFIER,intron_variant,ENST00000307000.2:c.154-24dup,,,,,,,1,intronic candidate,Low
chr12,103288719,T,TG,PAH,MODIFIER,intron_variant,ENST00000546844.1:c.169-24dup,,,,,,,1,intronic candidate,Low
chr12,103288719,T,TG,PAH,MODIFIER,intron_variant&non_coding_transcript_variant,ENST00000548677.1:n.256-24dup,,,,,,,1,intronic candidate,Low
chr12,103288719,T,TG,PAH,MODIFIER,intron_variant&non_coding_transcript_variant,ENST00000548928.1:n.91-24dup,,,,,,,1,intronic candidate,Low
chr12,103288719,T,TG,PAH,MODIFIER,intron_variant&non_coding_transcript_variant,ENST00000549111.1:n.265-24dup,,,,,,,1,intronic candidate,Low
chr12,103288719,T,TG,PAH,MODIFIER,intron_variant&non_coding_transcript_variant,ENST00000550978.1:n.153-24dup,,,,,,,1,intronic candidate,Low
chr12,103288719,T,TG,PAH,MODIFIER,intron_variant,ENST00000551337.1:c.169-24dup,,,,,,,1,intronic candidate,Low
chr12,103288719,T,TG,PAH,MODIFIER,intron_variant&non_coding_transcript_variant,ENST00000551988.1:n.258-24dup,,,,,,,1,intronic candidate,Low
chr12,103288719,T,TG,PAH,MODIFIER,intron_variant,ENST00000553106.1:c.169-24dup,,,,,,,1,intronic candidate,Low
chr12,103306697,G,GT,PAH,MODIFIER,intron_variant,ENST00000307000.2:c.46-22dup,,,,,,,1,intronic candidate,Low
chr12,103306697,G,GT,PAH,MODIFIER,intron_variant,ENST00000546844.1:c.61-22dup,,,,,,,1,intronic candidate,Low
chr12,103306697,G,GT,PAH,MODIFIER,intron_variant&non_coding_transcript_variant,ENST00000548677.1:n.148-22dup,,,,,,,1,intronic candidate,Low
chr12,103306697,G,GT,PAH,MODIFIER,intron_variant&non_coding_transcript_variant,ENST00000549111.1:n.157-22dup,,,,,,,1,intronic candidate,Low
chr12,103306697,G,GT,PAH,MODIFIER,intron_variant&non_coding_transcript_variant,ENST00000550978.1:n.45-22dup,,,,,,,1,intronic candidate,Low
chr12,103306697,G,GT,PAH,MODIFIER,intron_variant,ENST00000551337.1:c.61-22dup,,,,,,,1,intronic candidate,Low
chr12,103306697,G,GT,PAH,MODIFIER,intron_variant&non_coding_transcript_variant,ENST00000551988.1:n.150-22dup,,,,,,,1,intronic candidate,Low
chr12,103306697,G,GT,PAH,MODIFIER,intron_variant,ENST00000553106.1:c.61-22dup,,,,,,,1,intronic candidate,Low
chr12,103306700,TA,T,PAH,MODIFIER,intron_variant,ENST00000307000.2:c.46-25del,,,,,,,1,intronic candidate,Low
chr12,103306700,TA,T,PAH,MODIFIER,intron_variant,ENST00000546844.1:c.61-25del,,,,,,,1,intronic candidate,Low
chr12,103306700,TA,T,PAH,MODIFIER,intron_variant&non_coding_transcript_variant,ENST00000548677.1:n.148-25del,,,,,,,1,intronic candidate,Low
chr12,103306700,TA,T,PAH,MODIFIER,intron_variant&non_coding_transcript_variant,ENST00000549111.1:n.157-25del,,,,,,,1,intronic candidate,Low
chr12,103306700,TA,T,PAH,MODIFIER,intron_variant&non_coding_transcript_variant,ENST00000550978.1:n.45-25del,,,,,,,1,intronic candidate,Low
chr12,103306700,TA,T,PAH,MODIFIER,intron_variant,ENST00000551337.1:c.61-25del,,,,,,,1,intronic candidate,Low
chr12,103306700,TA,T,PAH,MODIFIER,intron_variant&non_coding_transcript_variant,ENST00000551988.1:n.150-25del,,,,,,,1,intronic candidate,Low
chr12,103306700,TA,T,PAH,MODIFIER,intron_variant,ENST00000553106.1:c.61-25del,,,,,,,1,intronic candidate,Low
chr12,103306706,AT,A,PAH,MODIFIER,intron_variant,ENST00000307000.2:c.46-31del,,,,,,,1,intronic candidate,Low
chr12,103306706,AT,A,PAH,MODIFIER,intron_variant,ENST00000546844.1:c.61-31del,,,,,,,1,intronic candidate,Low
chr12,103306706,AT,A,PAH,MODIFIER,intron_variant&non_coding_transcript_variant,ENST00000548677.1:n.148-31del,,,,,,,1,intronic candidate,Low
chr12,103306706,AT,A,PAH,MODIFIER,intron_variant&non_coding_transcript_variant,ENST00000549111.1:n.157-31del,,,,,,,1,intronic candidate,Low
chr12,103306706,AT,A,PAH,MODIFIER,intron_variant&non_coding_transcript_variant,ENST00000550978.1:n.45-31del,,,,,,,1,intronic candidate,Low
chr12,103306706,AT,A,PAH,MODIFIER,intron_variant,ENST00000551337.1:c.61-31del,,,,,,,1,intronic candidate,Low
chr12,103306706,AT,A,PAH,MODIFIER,intron_variant&non_coding_transcript_variant,ENST00000551988.1:n.150-31del,,,,,,,1,intronic candidate,Low
chr12,103306706,AT,A,PAH,MODIFIER,intron_variant,ENST00000553106.1:c.61-31del,,,,,,,1,intronic candidate,Low
chr12,103310822,T,TC,PAH,MODIFIER,intron_variant,ENST00000307000.2:c.-88+26_-88+27insG,,,,,,,1,intronic candidate,Low
chr12,103310822,T,TC,PAH,MODIFIER,intron_variant,ENST00000546844.1:c.60+26_60+27insG,,,,,,,1,intronic candidate,Low
chr12,103310822,T,TC,PAH,MODIFIER,intron_variant&non_coding_transcript_variant,ENST00000547319.1:n.371+26_371+27insG,,,,,,,1,intronic candidate,Low
chr12,103310822,T,TC,PAH,MODIFIER,intron_variant&non_coding_transcript_variant,ENST00000549111.1:n.156+26_156+27insG,,,,,,,1,intronic candidate,Low
chr12,103310822,T,TC,PAH,MODIFIER,intron_variant&non_coding_transcript_variant,ENST00000550978.1:n.44+26_44+27insG,,,,,,,1,intronic candidate,Low
chr12,103310822,T,TC,PAH,MODIFIER,intron_variant,ENST00000551337.1:c.60+26_60+27insG,,,,,,,1,intronic candidate,Low
chr12,103310822,T,TC,PAH,MODIFIER,intron_variant&non_coding_transcript_variant,ENST00000551988.1:n.149+26_149+27insG,,,,,,,1,intronic candidate,Low
chr12,103310822,T,TC,PAH,MODIFIER,intron_variant,ENST00000553106.1:c.60+26_60+27insG,,,,,,,1,intronic candidate,Low
chr12,103310837,G,GC,PAH,MODIFIER,intron_variant,ENST00000307000.2:c.-88+11dup,,,,,,,1,intronic candidate,Low
chr12,103310837,G,GC,PAH,MODIFIER,intron_variant,ENST00000546844.1:c.60+11dup,,,,,,,1,intronic candidate,Low
chr12,103310837,G,GC,PAH,MODIFIER,intron_variant&non_coding_transcript_variant,ENST00000547319.1:n.371+11dup,,,,,,,1,intronic candidate,Low
chr12,103310837,G,GC,PAH,MODIFIER,intron_variant&non_coding_transcript_variant,ENST00000549111.1:n.156+11dup,,,,,,,1,intronic candidate,Low
chr12,103310837,G,GC,PAH,MODIFIER,intron_variant&non_coding_transcript_variant,ENST00000550978.1:n.44+11dup,,,,,,,1,intronic candidate,Low
chr12,103310837,G,GC,PAH,MODIFIER,intron_variant,ENST00000551337.1:c.60+11dup,,,,,,,1,intronic candidate,Low
chr12,103310837,G,GC,PAH,MODIFIER,intron_variant&non_coding_transcript_variant,ENST00000551988.1:n.149+11dup,,,,,,,1,intronic candidate,Low
chr12,103310837,G,GC,PAH,MODIFIER,intron_variant,ENST00000553106.1:c.60+11dup,,,,,,,1,intronic candidate,Low
chr12,103311025,CA,C,PAH,MODIFIER,intron_variant&non_coding_transcript_variant,ENST00000546708.1:n.493-23del,,,,,,,1,intronic candidate,Low
chr12,103311025,CA,C,PAH,MODIFIER,intron_variant,ENST00000546844.1:c.-95-23del,,,,,,,1,intronic candidate,Low
chr12,103311025,CA,C,PAH,MODIFIER,intron_variant&non_coding_transcript_variant,ENST00000547319.1:n.217-23del,,,,,,,1,intronic candidate,Low
chr12,103311025,CA,C,PAH,MODIFIER,intron_variant,ENST00000551337.1:c.-95-23del,,,,,,,1,intronic candidate,Low
chr12,103311028,A,AG,PAH,MODIFIER,intron_variant&non_coding_transcript_variant,ENST00000546708.1:n.493-26dup,,,,,,,1,intronic candidate,Low
chr12,103311028,A,AG,PAH,MODIFIER,intron_variant,ENST00000546844.1:c.-95-26dup,,,,,,,1,intronic candidate,Low
chr12,103311028,A,AG,PAH,MODIFIER,intron_variant&non_coding_transcript_variant,ENST00000547319.1:n.217-26dup,,,,,,,1,intronic candidate,Low
chr12,103311028,A,AG,PAH,MODIFIER,intron_variant,ENST00000551337.1:c.-95-26dup,,,,,,,1,intronic candidate,Low
chr12,103311059,A,AC,PAH,MODIFIER,intron_variant&non_coding_transcript_variant,ENST00000546708.1:n.493-57_493-56insG,,,,,,,1,intronic candidate,Low
chr12,103311059,A,AC,PAH,MODIFIER,intron_variant,ENST00000546844.1:c.-95-57_-95-56insG,,,,,,,1,intronic candidate,Low
chr12,103311059,A,AC,PAH,MODIFIER,intron_variant&non_coding_transcript_variant,ENST00000547319.1:n.217-57_217-56insG,,,,,,,1,intronic candidate,Low
chr12,103311059,A,AC,PAH,MODIFIER,intron_variant,ENST00000551337.1:c.-95-57_-95-56insG,,,,,,,1,intronic candidate,Low
chr12,103311061,TA,T,PAH,MODIFIER,intron_variant&non_coding_transcript_variant,ENST00000546708.1:n.493-59del,,,,,,,1,intronic candidate,Low
chr12,103311061,TA,T,PAH,MODIFIER,intron_variant,ENST00000546844.1:c.-95-59del,,,,,,,1,intronic candidate,Low
chr12,103311061,TA,T,PAH,MODIFIER,intron_variant&non_coding_transcript_variant,ENST00000547319.1:n.217-59del,,,,,,,1,intronic candidate,Low
chr12,103311061,TA,T,PAH,MODIFIER,intron_variant,ENST00000551337.1:c.-95-59del,,,,,,,1,intronic candidate,Low
chr12,103311355,A,AC,PAH,MODIFIER,intron_variant&non_coding_transcript_variant,ENST00000546708.1:n.493-353_493-352insG,,,,,,,1,intronic candidate,Low
chr12,103311355,A,AC,PAH,MODIFIER,intron_variant,ENST00000546844.1:c.-95-353_-95-352insG,,,,,,,1,intronic candidate,Low
chr12,103311355,A,AC,PAH,MODIFIER,intron_variant&non_coding_transcript_variant,ENST00000547319.1:n.217-353_217-352insG,,,,,,,1,intronic candidate,Low
chr12,103311355,A,AC,PAH,MODIFIER,intron_variant,ENST00000551337.1:c.-95-353_-95-352insG,,,,,,,1,intronic candidate,Low
chr12,103311358,A,AC,PAH,MODIFIER,intron_variant&non_coding_transcript_variant,ENST00000546708.1:n.493-356_493-355insG,,,,,,,1,intronic candidate,Low
chr12,103311358,A,AC,PAH,MODIFIER,intron_variant,ENST00000546844.1:c.-95-356_-95-355insG,,,,,,,1,intronic candidate,Low
chr12,103311358,A,AC,PAH,MODIFIER,intron_variant&non_coding_transcript_variant,ENST00000547319.1:n.217-356_217-355insG,,,,,,,1,intronic candidate,Low
chr12,103311358,A,AC,PAH,MODIFIER,intron_variant,ENST00000551337.1:c.-95-356_-95-355insG,,,,,,,1,intronic candidate,Low
chr12,103311371,AC,A,PAH,MODIFIER,intron_variant&non_coding_transcript_variant,ENST00000546708.1:n.493-369del,,rs1565875296,,,,,1,intronic candidate,Low
chr12,103311371,AC,A,PAH,MODIFIER,intron_variant,ENST00000546844.1:c.-95-369del,,rs1565875296,,,,,1,intronic candidate,Low
chr12,103311371,AC,A,PAH,MODIFIER,intron_variant&non_coding_transcript_variant,ENST00000547319.1:n.217-369del,,rs1565875296,,,,,1,intronic candidate,Low
chr12,103311371,AC,A,PAH,MODIFIER,intron_variant,ENST00000551337.1:c.-95-369del,,rs1565875296,,,,,1,intronic candidate,Low
chr12,103311372,C,T,PAH,MODIFIER,intron_variant&non_coding_transcript_variant,ENST00000546708.1:n.493-369G>A,,rs2136735169,,,,,1,intronic candidate,Low
chr12,103311372,C,T,PAH,MODIFIER,intron_variant,ENST00000546844.1:c.-95-369G>A,,rs2136735169,,,,,1,intronic candidate,Low
chr12,103311372,C,T,PAH,MODIFIER,intron_variant&non_coding_transcript_variant,ENST00000547319.1:n.217-369G>A,,rs2136735169,,,,,1,intronic candidate,Low
chr12,103311372,C,T,PAH,MODIFIER,intron_variant,ENST00000551337.1:c.-95-369G>A,,rs2136735169,,,,,1,intronic candidate,Low
chr12,103232960,AT,A,PAH,MODIFIER,downstream_gene_variant,,,,,,,,0,,Low
chr12,103232960,AT,A,PAH,MODIFIER,downstream_gene_variant,,,,,,,,0,,Low
chr12,103232969,AG,A,PAH,MODIFIER,downstream_gene_variant,,,COSV100188345,,,,,0,,Low
chr12,103232969,AG,A,PAH,MODIFIER,downstream_gene_variant,,,COSV100188345,,,,,0,,Low
chr12,103232978,CA,C,PAH,MODIFIER,downstream_gene_variant,,,,,,,,0,,Low
chr12,103232978,CA,C,PAH,MODIFIER,downstream_gene_variant,,,,,,,,0,,Low
chr12,103232984,AT,A,PAH,MODIFIER,downstream_gene_variant,,,,,,,,0,,Low
chr12,103232984,AT,A,PAH,MODIFIER,downstream_gene_variant,,,,,,,,0,,Low
chr12,103232988,C,CA,PAH,MODIFIER,downstream_gene_variant,,,,,,,,0,,Low
chr12,103232988,C,CA,PAH,MODIFIER,downstream_gene_variant,,,,,,,,0,,Low
chr12,103233000,C,CA,PAH,MODIFIER,downstream_gene_variant,,,,,,,,0,,Low
chr12,103233000,C,CA,PAH,MODIFIER,downstream_gene_variant,,,,,,,,0,,Low
chr12,103233004,G,GA,PAH,MODIFIER,downstream_gene_variant,,,,,,,,0,,Low
chr12,103233004,G,GA,PAH,MODIFIER,downstream_gene_variant,,,,,,,,0,,Low
chr12,103233016,CA,C,PAH,MODIFIER,downstream_gene_variant,,,,,,,,0,,Low
chr12,103233016,CA,C,PAH,MODIFIER,downstream_gene_variant,,,,,,,,0,,Low
chr12,103233021,T,TG,PAH,MODIFIER,downstream_gene_variant,,,,,,,,0,,Low
chr12,103233021,T,TG,PAH,MODIFIER,downstream_gene_variant,,,,,,,,0,,Low
chr12,103234153,GC,G,PAH,MODIFIER,downstream_gene_variant,,,,,,,,0,,Low
chr12,103234153,GC,G,PAH,MODIFIER,downstream_gene_variant,,,,,,,,0,,Low
chr12,103234194,CA,C,PAH,MODIFIER,downstream_gene_variant,,,,,,,,0,,Low
chr12,103234194,CA,C,PAH,MODIFIER,downstream_gene_variant,,,,,,,,0,,Low
chr12,103234237,TG,T,PAH,MODIFIER,downstream_gene_variant,,,,,,,,0,,Low
chr12,103234237,TG,T,PAH,MODIFIER,downstream_gene_variant,,,,,,,,0,,Low
chr12,103234280,TG,T,PAH,MODIFIER,downstream_gene_variant,,,,,,,,0,,Low
chr12,103234280,TG,T,PAH,MODIFIER,downstream_gene_variant,,,,,,,,0,,Low
chr12,103234286,CA,C,PAH,MODIFIER,downstream_gene_variant,,,,,,,,0,,Low
chr12,103234286,CA,C,PAH,MODIFIER,downstream_gene_variant,,,,,,,,0,,Low
chr12,103234289,AG,A,PAH,MODIFIER,downstream_gene_variant,,,,,,,,0,,Low
chr12,103234289,AG,A,PAH,MODIFIER,downstream_gene_variant,,,,,,,,0,,Low
chr12,103234299,AC,A,PAH,MODIFIER,downstream_gene_variant,,,,,,,,0,,Low
chr12,103234299,AC,A,PAH,MODIFIER,downstream_gene_variant,,,,,,,,0,,Low
chr12,103234301,CA,C,PAH,MODIFIER,downstream_gene_variant,,,,,,,,0,,Low
chr12,103234301,CA,C,PAH,MODIFIER,downstream_gene_variant,,,,,,,,0,,Low
chr12,103234310,AG,A,PAH,MODIFIER,downstream_gene_variant,,,,,,,,0,,Low
chr12,103234310,AG,A,PAH,MODIFIER,downstream_gene_variant,,,,,,,,0,,Low
chr12,103234312,G,GC,PAH,MODIFIER,downstream_gene_variant,,,,,,,,0,,Low
chr12,103234312,G,GC,PAH,MODIFIER,downstream_gene_variant,,,,,,,,0,,Low
chr12,103234313,C,CT,PAH,MODIFIER,downstream_gene_variant,,,,,,,,0,,Low
chr12,103234313,C,CT,PAH,MODIFIER,downstream_gene_variant,,,,,,,,0,,Low
chr12,103234320,G,GA,PAH,MODIFIER,downstream_gene_variant,,,,,,,,0,,Low
chr12,103234320,G,GA,PAH,MODIFIER,downstream_gene_variant,,,,,,,,0,,Low
chr12,103234322,AG,A,PAH,MODIFIER,downstream_gene_variant,,,,,,,,0,,Low
chr12,103234322,AG,A,PAH,MODIFIER,downstream_gene_variant,,,,,,,,0,,Low
chr12,103237394,G,GC,PAH,MODIFIER,downstream_gene_variant,,,,,,,,0,,Low
chr12,103237394,G,GC,PAH,MODIFIER,downstream_gene_variant,,,,,,,,0,,Low
chr12,103237428,CT,C,PAH,MODIFIER,non_coding_transcript_exon_variant,ENST00000549247.1:n.953del,,CM071051&CS991476&COSV61018686&COSV61019558,,,,,0,,Low
chr12,103237428,CT,C,PAH,MODIFIER,downstream_gene_variant,,,CM071051&CS991476&COSV61018686&COSV61019558,,,,,0,,Low
chr12,103237440,C,CA,PAH,MODIFIER,non_coding_transcript_exon_variant,ENST00000549247.1:n.941dup,,,,,,,0,,Low
chr12,103237440,C,CA,PAH,MODIFIER,downstream_gene_variant,,,,,,,,0,,Low
chr12,103237456,T,TA,PAH,MODIFIER,non_coding_transcript_exon_variant,ENST00000549247.1:n.925_926insT,,,,,,,0,,Low
chr12,103237456,T,TA,PAH,MODIFIER,downstream_gene_variant,,,,,,,,0,,Low
chr12,103237544,T,TA,PAH,MODIFIER,non_coding_transcript_exon_variant,ENST00000549247.1:n.837_838insT,,,,,,,0,,Low
chr12,103237544,T,TA,PAH,MODIFIER,non_coding_transcript_exon_variant,ENST00000551114.1:n.740_741insT,,,,,,,0,,Low
chr12,103238125,CA,C,PAH,MODIFIER,non_coding_transcript_exon_variant,ENST00000549247.1:n.812del,,CD983364,,,,,0,,Low
chr12,103238125,CA,C,PAH,MODIFIER,non_coding_transcript_exon_variant,ENST00000551114.1:n.715del,,CD983364,,,,,0,,Low
chr12,103238185,CA,C,PAH,MODIFIER,non_coding_transcript_exon_variant,ENST00000549247.1:n.752del,,,,,,,0,,Low
chr12,103238185,CA,C,PAH,MODIFIER,non_coding_transcript_exon_variant,ENST00000551114.1:n.655del,,,,,,,0,,Low
chr12,103238205,TA,T,PAH,MODIFIER,non_coding_transcript_exon_variant,ENST00000549247.1:n.732del,,,,,,,0,,Low
chr12,103238205,TA,T,PAH,MODIFIER,non_coding_transcript_exon_variant,ENST00000551114.1:n.635del,,,,,,,0,,Low
chr12,103245446,TA,T,PAH,MODIFIER,downstream_gene_variant,,,,,,,,0,,Low
chr12,103245446,TA,T,PAH,MODIFIER,downstream_gene_variant,,,,,,,,0,,Low
chr12,103245475,T,TG,PAH,MODIFIER,downstream_gene_variant,,,,,,,,0,,Low
chr12,103245475,T,TG,PAH,MODIFIER,non_coding_transcript_exon_variant,ENST00000549247.1:n.660dup,,,,,,,0,,Low
chr12,103245475,T,TG,PAH,MODIFIER,non_coding_transcript_exon_variant,ENST00000551114.1:n.563dup,,,,,,,0,,Low
chr12,103245475,T,TG,PAH,MODIFIER,downstream_gene_variant,,,,,,,,0,,Low
chr12,103245479,CA,C,PAH,MODIFIER,downstream_gene_variant,,,CD993593,,,,,0,,Low
chr12,103245479,CA,C,PAH,MODIFIER,non_coding_transcript_exon_variant,ENST00000549247.1:n.656del,,CD993593,,,,,0,,Low
chr12,103245479,CA,C,PAH,MODIFIER,non_coding_transcript_exon_variant,ENST00000551114.1:n.559del,,CD993593,,,,,0,,Low
chr12,103245479,CA,C,PAH,MODIFIER,downstream_gene_variant,,,CD993593,,,,,0,,Low
chr12,103245503,G,C,PAH,MODIFIER,downstream_gene_variant,,,CM1511444,,,,,0,,Low
chr12,103245503,G,C,PAH,MODIFIER,non_coding_transcript_exon_variant,ENST00000549247.1:n.633C>G,,CM1511444,,,,,0,,Low
chr12,103245503,G,C,PAH,MODIFIER,non_coding_transcript_exon_variant,ENST00000551114.1:n.536C>G,,CM1511444,,,,,0,,Low
chr12,103245503,G,C,PAH,MODIFIER,downstream_gene_variant,,,CM1511444,,,,,0,,Low
chr12,103245564,AG,A,PAH,MODIFIER,downstream_gene_variant,,,,,,,,0,,Low
chr12,103245564,AG,A,PAH,MODIFIER,non_coding_transcript_exon_variant,ENST00000551114.1:n.474del,,,,,,,0,,Low
chr12,103245564,AG,A,PAH,MODIFIER,downstream_gene_variant,,,,,,,,0,,Low
chr12,103246569,T,TG,PAH,MODIFIER,downstream_gene_variant,,,,,,,,0,,Low
chr12,103246569,T,TG,PAH,MODIFIER,upstream_gene_variant,,,,,,,,0,,Low
chr12,103246569,T,TG,PAH,MODIFIER,downstream_gene_variant,,,,,,,,0,,Low
chr12,103246576,T,TG,PAH,MODIFIER,downstream_gene_variant,,,,,,,,0,,Low
chr12,103246576,T,TG,PAH,MODIFIER,upstream_gene_variant,,,,,,,,0,,Low
chr12,103246576,T,TG,PAH,MODIFIER,downstream_gene_variant,,,,,,,,0,,Low
chr12,103246579,A,AG,PAH,MODIFIER,downstream_gene_variant,,,,,,,,0,,Low
chr12,103246579,A,AG,PAH,MODIFIER,upstream_gene_variant,,,,,,,,0,,Low
chr12,103246579,A,AG,PAH,MODIFIER,downstream_gene_variant,,,,,,,,0,,Low
chr12,103246587,A,AG,PAH,MODIFIER,downstream_gene_variant,,,,,,,,0,,Low
chr12,103246587,A,AG,PAH,MODIFIER,upstream_gene_variant,,,,,,,,0,,Low
chr12,103246587,A,AG,PAH,MODIFIER,downstream_gene_variant,,,,,,,,0,,Low
chr12,103246609,T,TG,PAH,MODIFIER,downstream_gene_variant,,,,,,,,0,,Low
chr12,103246609,T,TG,PAH,MODIFIER,non_coding_transcript_exon_variant,ENST00000549247.1:n.584dup,,,,,,,0,,Low
chr12,103246609,T,TG,PAH,MODIFIER,upstream_gene_variant,,,,,,,,0,,Low
chr12,103246609,T,TG,PAH,MODIFIER,downstream_gene_variant,,,,,,,,0,,Low
chr12,103246657,AG,A,PAH,MODIFIER,downstream_gene_variant,,,COSV61016795,,,,,0,,Low
chr12,103246657,AG,A,PAH,MODIFIER,non_coding_transcript_exon_variant,ENST00000549247.1:n.536del,,COSV61016795,,,,,0,,Low
chr12,103246657,AG,A,PAH,MODIFIER,upstream_gene_variant,,,COSV61016795,,,,,0,,Low
chr12,103246657,AG,A,PAH,MODIFIER,downstream_gene_variant,,,COSV61016795,,,,,0,,Low
chr12,103246664,GC,G,PAH,MODIFIER,downstream_gene_variant,,,CM010966&CM973039&COSV100187912,,,,,0,,Low
chr12,103246664,GC,G,PAH,MODIFIER,non_coding_transcript_exon_variant,ENST00000549247.1:n.529del,,CM010966&CM973039&COSV100187912,,,,,0,,Low
chr12,103246664,GC,G,PAH,MODIFIER,upstream_gene_variant,,,CM010966&CM973039&COSV100187912,,,,,0,,Low
chr12,103246664,GC,G,PAH,MODIFIER,downstream_gene_variant,,,CM010966&CM973039&COSV100187912,,,,,0,,Low
chr12,103246673,GA,G,PAH,MODIFIER,downstream_gene_variant,,,,,,,,0,,Low
chr12,103246673,GA,G,PAH,MODIFIER,non_coding_transcript_exon_variant,ENST00000549247.1:n.520del,,,,,,,0,,Low
chr12,103246673,GA,G,PAH,MODIFIER,upstream_gene_variant,,,,,,,,0,,Low
chr12,103246673,GA,G,PAH,MODIFIER,downstream_gene_variant,,,,,,,,0,,Low
chr12,103246730,T,TG,PAH,MODIFIER,downstream_gene_variant,,,,,,,,0,,Low
chr12,103246730,T,TG,PAH,MODIFIER,non_coding_transcript_exon_variant,ENST00000549247.1:n.463dup,,,,,,,0,,Low
chr12,103246730,T,TG,PAH,MODIFIER,upstream_gene_variant,,,,,,,,0,,Low
chr12,103246730,T,TG,PAH,MODIFIER,downstream_gene_variant,,,,,,,,0,,Low
chr12,103246733,G,GA,PAH,MODIFIER,downstream_gene_variant,,,,,,,,0,,Low
chr12,103246733,G,GA,PAH,MODIFIER,non_coding_transcript_exon_variant,ENST00000549247.1:n.460dup,,,,,,,0,,Low
chr12,103246733,G,GA,PAH,MODIFIER,upstream_gene_variant,,,,,,,,0,,Low
chr12,103246733,G,GA,PAH,MODIFIER,downstream_gene_variant,,,,,,,,0,,Low
chr12,103246736,GA,G,PAH,MODIFIER,downstream_gene_variant,,,,,,,,0,,Low
chr12,103246736,GA,G,PAH,MODIFIER,non_coding_transcript_exon_variant,ENST00000549247.1:n.457del,,,,,,,0,,Low
chr12,103246736,GA,G,PAH,MODIFIER,upstream_gene_variant,,,,,,,,0,,Low
chr12,103246736,GA,G,PAH,MODIFIER,downstream_gene_variant,,,,,,,,0,,Low
chr12,103246741,G,GA,PAH,MODIFIER,downstream_gene_variant,,,,,,,,0,,Low
chr12,103246741,G,GA,PAH,MODIFIER,non_coding_transcript_exon_variant,ENST00000549247.1:n.452dup,,,,,,,0,,Low
chr12,103246741,G,GA,PAH,MODIFIER,upstream_gene_variant,,,,,,,,0,,Low
chr12,103246741,G,GA,PAH,MODIFIER,downstream_gene_variant,,,,,,,,0,,Low
chr12,103246744,GA,G,PAH,MODIFIER,downstream_gene_variant,,,,,,,,0,,Low
chr12,103246744,GA,G,PAH,MODIFIER,non_coding_transcript_exon_variant,ENST00000549247.1:n.449del,,,,,,,0,,Low
chr12,103246744,GA,G,PAH,MODIFIER,upstream_gene_variant,,,,,,,,0,,Low
chr12,103246744,GA,G,PAH,MODIFIER,downstream_gene_variant,,,,,,,,0,,Low
chr12,103246753,C,CA,PAH,MODIFIER,downstream_gene_variant,,,,,,,,0,,Low
chr12,103246753,C,CA,PAH,MODIFIER,non_coding_transcript_exon_variant,ENST00000549247.1:n.440_441insT,,,,,,,0,,Low
chr12,103246753,C,CA,PAH,MODIFIER,upstream_gene_variant,,,,,,,,0,,Low
chr12,103246753,C,CA,PAH,MODIFIER,downstream_gene_variant,,,,,,,,0,,Low
chr12,103246755,C,CA,PAH,MODIFIER,downstream_gene_variant,,,,,,,,0,,Low
chr12,103246755,C,CA,PAH,MODIFIER,non_coding_transcript_exon_variant,ENST00000549247.1:n.438dup,,,,,,,0,,Low
chr12,103246755,C,CA,PAH,MODIFIER,upstream_gene_variant,,,,,,,,0,,Low
chr12,103246755,C,CA,PAH,MODIFIER,downstream_gene_variant,,,,,,,,0,,Low
chr12,103248889,G,GC,PAH,MODIFIER,non_coding_transcript_exon_variant,ENST00000549111.1:n.826dup,,,,,,,0,,Low
chr12,103248889,G,GC,PAH,MODIFIER,upstream_gene_variant,,,,,,,,0,,Low
chr12,103248889,G,GC,PAH,MODIFIER,upstream_gene_variant,,,,,,,,0,,Low
chr12,103248889,G,GC,PAH,MODIFIER,downstream_gene_variant,,,,,,,,0,,Low
chr12,103248896,AC,A,PAH,MODIFIER,non_coding_transcript_exon_variant,ENST00000549111.1:n.819del,,,,,,,0,,Low
chr12,103248896,AC,A,PAH,MODIFIER,upstream_gene_variant,,,,,,,,0,,Low
chr12,103248896,AC,A,PAH,MODIFIER,upstream_gene_variant,,,,,,,,0,,Low
chr12,103248896,AC,A,PAH,MODIFIER,downstream_gene_variant,,,,,,,,0,,Low
chr12,103248905,TG,T,PAH,MODIFIER,non_coding_transcript_exon_variant,ENST00000549111.1:n.810del,,,,,,,0,,Low
chr12,103248905,TG,T,PAH,MODIFIER,upstream_gene_variant,,,,,,,,0,,Low
chr12,103248905,TG,T,PAH,MODIFIER,upstream_gene_variant,,,,,,,,0,,Low
chr12,103248905,TG,T,PAH,MODIFIER,downstream_gene_variant,,,,,,,,0,,Low
chr12,103248975,CT,C,PAH,MODIFIER,non_coding_transcript_exon_variant,ENST00000549111.1:n.740del,,COSV61017204,,,,,0,,Low
chr12,103248975,CT,C,PAH,MODIFIER,upstream_gene_variant,,,COSV61017204,,,,,0,,Low
chr12,103248975,CT,C,PAH,MODIFIER,upstream_gene_variant,,,COSV61017204,,,,,0,,Low
chr12,103248975,CT,C,PAH,MODIFIER,downstream_gene_variant,,,COSV61017204,,,,,0,,Low
chr12,103248989,GA,G,PAH,MODIFIER,non_coding_transcript_exon_variant,ENST00000549111.1:n.726del,,,,,,,0,,Low
chr12,103248989,GA,G,PAH,MODIFIER,upstream_gene_variant,,,,,,,,0,,Low
chr12,103248989,GA,G,PAH,MODIFIER,upstream_gene_variant,,,,,,,,0,,Low
chr12,103248989,GA,G,PAH,MODIFIER,downstream_gene_variant,,,,,,,,0,,Low
chr12,103248998,G,GA,PAH,MODIFIER,non_coding_transcript_exon_variant,ENST00000549111.1:n.717dup,,,,,,,0,,Low
chr12,103248998,G,GA,PAH,MODIFIER,upstream_gene_variant,,,,,,,,0,,Low
chr12,103248998,G,GA,PAH,MODIFIER,upstream_gene_variant,,,,,,,,0,,Low
chr12,103248998,G,GA,PAH,MODIFIER,downstream_gene_variant,,,,,,,,0,,Low
chr12,103249014,A,AG,PAH,MODIFIER,non_coding_transcript_exon_variant,ENST00000549111.1:n.701dup,,,,,,,0,,Low
chr12,103249014,A,AG,PAH,MODIFIER,upstream_gene_variant,,,,,,,,0,,Low
chr12,103249014,A,AG,PAH,MODIFIER,upstream_gene_variant,,,,,,,,0,,Low
chr12,103249014,A,AG,PAH,MODIFIER,downstream_gene_variant,,,,,,,,0,,Low
chr12,103249021,GT,G,PAH,MODIFIER,non_coding_transcript_exon_variant,ENST00000549111.1:n.694del,,,,,,,0,,Low
chr12,103249021,GT,G,PAH,MODIFIER,upstream_gene_variant,,,,,,,,0,,Low
chr12,103249021,GT,G,PAH,MODIFIER,upstream_gene_variant,,,,,,,,0,,Low
chr12,103249021,GT,G,PAH,MODIFIER,downstream_gene_variant,,,,,,,,0,,Low
chr12,103249044,C,CT,PAH,MODIFIER,non_coding_transcript_exon_variant,ENST00000549111.1:n.671dup,,,,,,,0,,Low
chr12,103249044,C,CT,PAH,MODIFIER,upstream_gene_variant,,,,,,,,0,,Low
chr12,103249044,C,CT,PAH,MODIFIER,upstream_gene_variant,,,,,,,,0,,Low
chr12,103249044,C,CT,PAH,MODIFIER,downstream_gene_variant,,,,,,,,0,,Low
chr12,103249061,A,AT,PAH,MODIFIER,non_coding_transcript_exon_variant,ENST00000549111.1:n.654dup,,,,,,,0,,Low
chr12,103249061,A,AT,PAH,MODIFIER,upstream_gene_variant,,,,,,,,0,,Low
chr12,103249061,A,AT,PAH,MODIFIER,upstream_gene_variant,,,,,,,,0,,Low
chr12,103249061,A,AT,PAH,MODIFIER,non_coding_transcript_exon_variant,ENST00000551988.1:n.579dup,,,,,,,0,,Low
chr12,103249093,C,CG,PAH,MODIFIER,non_coding_transcript_exon_variant,ENST00000549111.1:n.622dup,,,,,,,0,,Low
chr12,103249093,C,CG,PAH,MODIFIER,upstream_gene_variant,,,,,,,,0,,Low
chr12,103249093,C,CG,PAH,MODIFIER,upstream_gene_variant,,,,,,,,0,,Low
chr12,103249093,C,CG,PAH,MODIFIER,non_coding_transcript_exon_variant,ENST00000551988.1:n.547dup,,,,,,,0,,Low
chr12,103249095,AG,A,PAH,MODIFIER,non_coding_transcript_exon_variant,ENST00000549111.1:n.620del,,COSV61016562,,,,,0,,Low
chr12,103249095,AG,A,PAH,MODIFIER,upstream_gene_variant,,,COSV61016562,,,,,0,,Low
chr12,103249095,AG,A,PAH,MODIFIER,upstream_gene_variant,,,COSV61016562,,,,,0,,Low
chr12,103249095,AG,A,PAH,MODIFIER,non_coding_transcript_exon_variant,ENST00000551988.1:n.545del,,COSV61016562,,,,,0,,Low
chr12,103249100,TG,T,PAH,MODIFIER,non_coding_transcript_exon_variant,ENST00000549111.1:n.615del,,,,,,,0,,Low
chr12,103249100,TG,T,PAH,MODIFIER,upstream_gene_variant,,,,,,,,0,,Low
chr12,103249100,TG,T,PAH,MODIFIER,upstream_gene_variant,,,,,,,,0,,Low
chr12,103249100,TG,T,PAH,MODIFIER,non_coding_transcript_exon_variant,ENST00000551988.1:n.540del,,,,,,,0,,Low
chr12,103249106,GC,G,PAH,MODIFIER,non_coding_transcript_exon_variant,ENST00000549111.1:n.609del,,,,,,,0,,Low
chr12,103249106,GC,G,PAH,MODIFIER,upstream_gene_variant,,,,,,,,0,,Low
chr12,103249106,GC,G,PAH,MODIFIER,upstream_gene_variant,,,,,,,,0,,Low
chr12,103249106,GC,G,PAH,MODIFIER,non_coding_transcript_exon_variant,ENST00000551988.1:n.534del,,,,,,,0,,Low
chr12,103249120,AG,A,PAH,MODIFIER,upstream_gene_variant,,,,,,,,0,,Low
chr12,103249120,AG,A,PAH,MODIFIER,upstream_gene_variant,,,,,,,,0,,Low
chr12,103249122,G,A,PAH,MODIFIER,upstream_gene_variant,,,,,,,,0,,Low
chr12,103249122,G,A,PAH,MODIFIER,upstream_gene_variant,,,,,,,,0,,Low
chr12,103249125,CA,C,PAH,MODIFIER,upstream_gene_variant,,,,,,,,0,,Low
chr12,103249125,CA,C,PAH,MODIFIER,upstream_gene_variant,,,,,,,,0,,Low
chr12,103260406,CT,C,PAH,MODIFIER,non_coding_transcript_exon_variant,ENST00000549111.1:n.572del,,,,,,,0,,Low
chr12,103271224,C,CG,PAH,MODIFIER,non_coding_transcript_exon_variant,ENST00000550978.1:n.440dup,,,,,,,0,,Low
chr12,103271224,C,CG,PAH,MODIFIER,downstream_gene_variant,,,,,,,,0,,Low
chr12,103271227,GC,G,PAH,MODIFIER,non_coding_transcript_exon_variant,ENST00000550978.1:n.437del,,,,,,,0,,Low
chr12,103271227,GC,G,PAH,MODIFIER,downstream_gene_variant,,,,,,,,0,,Low
chr12,103271244,T,TG,PAH,MODIFIER,non_coding_transcript_exon_variant,ENST00000549111.1:n.532dup,,,,,,,0,,Low
chr12,103271244,T,TG,PAH,MODIFIER,non_coding_transcript_exon_variant,ENST00000550978.1:n.420dup,,,,,,,0,,Low
chr12,103271244,T,TG,PAH,MODIFIER,downstream_gene_variant,,,,,,,,0,,Low
chr12,103271244,T,TG,PAH,MODIFIER,non_coding_transcript_exon_variant,ENST00000551988.1:n.525dup,,,,,,,0,,Low
chr12,103288483,C,CT,PAH,MODIFIER,downstream_gene_variant,,,,,,,,0,,Low
chr12,103288483,C,CT,PAH,MODIFIER,downstream_gene_variant,,,,,,,,0,,Low
chr12,103288492,CA,C,PAH,MODIFIER,downstream_gene_variant,,,,,,,,0,,Low
chr12,103288492,CA,C,PAH,MODIFIER,downstream_gene_variant,,,,,,,,0,,Low
chr12,103288503,TA,T,PAH,MODIFIER,downstream_gene_variant,,,,,,,,0,,Low
chr12,103288503,TA,T,PAH,MODIFIER,downstream_gene_variant,,,,,,,,0,,Low
chr12,103288536,GA,G,PAH,MODIFIER,downstream_gene_variant,,,CD130698,,,,,0,,Low
chr12,103288536,GA,G,PAH,MODIFIER,non_coding_transcript_exon_variant,ENST00000548928.1:n.250del,,CD130698,,,,,0,,Low
chr12,103288536,GA,G,PAH,MODIFIER,non_coding_transcript_exon_variant,ENST00000549111.1:n.424del,,CD130698,,,,,0,,Low
chr12,103288536,GA,G,PAH,MODIFIER,non_coding_transcript_exon_variant,ENST00000550978.1:n.312del,,CD130698,,,,,0,,Low
chr12,103288536,GA,G,PAH,MODIFIER,non_coding_transcript_exon_variant,ENST00000551988.1:n.417del,,CD130698,,,,,0,,Low
chr12,103288595,AG,A,PAH,MODIFIER,non_coding_transcript_exon_variant,ENST00000548677.1:n.356del,,,,,,,0,,Low
chr12,103288595,AG,A,PAH,MODIFIER,non_coding_transcript_exon_variant,ENST00000548928.1:n.191del,,,,,,,0,,Low
chr12,103288595,AG,A,PAH,MODIFIER,non_coding_transcript_exon_variant,ENST00000549111.1:n.365del,,,,,,,0,,Low
chr12,103288595,AG,A,PAH,MODIFIER,non_coding_transcript_exon_variant,ENST00000550978.1:n.253del,,,,,,,0,,Low
chr12,103288595,AG,A,PAH,MODIFIER,non_coding_transcript_exon_variant,ENST00000551988.1:n.358del,,,,,,,0,,Low
chr12,103288616,CA,C,PAH,MODIFIER,non_coding_transcript_exon_variant,ENST00000548677.1:n.335del,,,,,,,0,,Low
chr12,103288616,CA,C,PAH,MODIFIER,non_coding_transcript_exon_variant,ENST00000548928.1:n.170del,,,,,,,0,,Low
chr12,103288616,CA,C,PAH,MODIFIER,non_coding_transcript_exon_variant,ENST00000549111.1:n.344del,,,,,,,0,,Low
chr12,103288616,CA,C,PAH,MODIFIER,non_coding_transcript_exon_variant,ENST00000550978.1:n.232del,,,,,,,0,,Low
chr12,103288616,CA,C,PAH,MODIFIER,non_coding_transcript_exon_variant,ENST00000551988.1:n.337del,,,,,,,0,,Low
chr12,103288625,GA,G,PAH,MODIFIER,non_coding_transcript_exon_variant,ENST00000548677.1:n.326del,,,,,,,0,,Low
chr12,103288625,GA,G,PAH,MODIFIER,non_coding_transcript_exon_variant,ENST00000548928.1:n.161del,,,,,,,0,,Low
chr12,103288625,GA,G,PAH,MODIFIER,non_coding_transcript_exon_variant,ENST00000549111.1:n.335del,,,,,,,0,,Low
chr12,103288625,GA,G,PAH,MODIFIER,non_coding_transcript_exon_variant,ENST00000550978.1:n.223del,,,,,,,0,,Low
chr12,103288625,GA,G,PAH,MODIFIER,non_coding_transcript_exon_variant,ENST00000551988.1:n.328del,,,,,,,0,,Low
chr12,103288666,AT,A,PAH,MODIFIER,non_coding_transcript_exon_variant,ENST00000548677.1:n.285del,,,,,,,0,,Low
chr12,103288666,AT,A,PAH,MODIFIER,non_coding_transcript_exon_variant,ENST00000548928.1:n.120del,,,,,,,0,,Low
chr12,103288666,AT,A,PAH,MODIFIER,non_coding_transcript_exon_variant,ENST00000549111.1:n.294del,,,,,,,0,,Low
chr12,103288666,AT,A,PAH,MODIFIER,non_coding_transcript_exon_variant,ENST00000550978.1:n.182del,,,,,,,0,,Low
chr12,103288666,AT,A,PAH,MODIFIER,non_coding_transcript_exon_variant,ENST00000551988.1:n.287del,,,,,,,0,,Low
chr12,103306641,AT,A,PAH,MODIFIER,downstream_gene_variant,,,,,,,,0,,Low
chr12,103306641,AT,A,PAH,MODIFIER,downstream_gene_variant,,,,,,,,0,,Low
chr12,103306641,AT,A,PAH,MODIFIER,non_coding_transcript_exon_variant,ENST00000548677.1:n.182del,,,,,,,0,,Low
chr12,103306641,AT,A,PAH,MODIFIER,non_coding_transcript_exon_variant,ENST00000548928.1:n.17del,,,,,,,0,,Low
chr12,103306641,AT,A,PAH,MODIFIER,non_coding_transcript_exon_variant,ENST00000549111.1:n.191del,,,,,,,0,,Low
chr12,103306641,AT,A,PAH,MODIFIER,non_coding_transcript_exon_variant,ENST00000550978.1:n.79del,,,,,,,0,,Low
chr12,103306641,AT,A,PAH,MODIFIER,non_coding_transcript_exon_variant,ENST00000551988.1:n.184del,,,,,,,0,,Low
chr12,103306679,A,AT,PAH,MODIFIER,downstream_gene_variant,,,,,,,,0,,Low
chr12,103306679,A,AT,PAH,MODIFIER,downstream_gene_variant,,,,,,,,0,,Low
chr12,103306679,A,AT,PAH,MODIFIER,upstream_gene_variant,,,,,,,,0,,Low
chr12,103306681,A,AG,PAH,MODIFIER,downstream_gene_variant,,,,,,,,0,,Low
chr12,103306681,A,AG,PAH,MODIFIER,downstream_gene_variant,,,,,,,,0,,Low
chr12,103306681,A,AG,PAH,MODIFIER,upstream_gene_variant,,,,,,,,0,,Low
chr12,103306689,A,AT,PAH,MODIFIER,downstream_gene_variant,,,,,,,,0,,Low
chr12,103306689,A,AT,PAH,MODIFIER,downstream_gene_variant,,,,,,,,0,,Low
chr12,103306689,A,AT,PAH,MODIFIER,upstream_gene_variant,,,,,,,,0,,Low
chr12,103306693,A,AT,PAH,MODIFIER,downstream_gene_variant,,,,,,,,0,,Low
chr12,103306693,A,AT,PAH,MODIFIER,downstream_gene_variant,,,,,,,,0,,Low
chr12,103306693,A,AT,PAH,MODIFIER,upstream_gene_variant,,,,,,,,0,,Low
chr12,103306697,G,GT,PAH,MODIFIER,downstream_gene_variant,,,,,,,,0,,Low
chr12,103306697,G,GT,PAH,MODIFIER,downstream_gene_variant,,,,,,,,0,,Low
chr12,103306697,G,GT,PAH,MODIFIER,upstream_gene_variant,,,,,,,,0,,Low
chr12,103306700,TA,T,PAH,MODIFIER,downstream_gene_variant,,,,,,,,0,,Low
chr12,103306700,TA,T,PAH,MODIFIER,downstream_gene_variant,,,,,,,,0,,Low
chr12,103306700,TA,T,PAH,MODIFIER,upstream_gene_variant,,,,,,,,0,,Low
chr12,103306706,AT,A,PAH,MODIFIER,downstream_gene_variant,,,,,,,,0,,Low
chr12,103306706,AT,A,PAH,MODIFIER,downstream_gene_variant,,,,,,,,0,,Low
chr12,103306706,AT,A,PAH,MODIFIER,upstream_gene_variant,,,,,,,,0,,Low
chr12,103310822,T,TC,PAH,MODIFIER,downstream_gene_variant,,,,,,,,0,,Low
chr12,103310822,T,TC,PAH,MODIFIER,upstream_gene_variant,,,,,,,,0,,Low
chr12,103310822,T,TC,PAH,MODIFIER,upstream_gene_variant,,,,,,,,0,,Low
chr12,103310837,G,GC,PAH,MODIFIER,downstream_gene_variant,,,,,,,,0,,Low
chr12,103310837,G,GC,PAH,MODIFIER,upstream_gene_variant,,,,,,,,0,,Low
chr12,103310837,G,GC,PAH,MODIFIER,upstream_gene_variant,,,,,,,,0,,Low
chr12,103310854,CA,C,PAH,MODIFIER,5_prime_UTR_variant,ENST00000307000.2:c.-94del,,,,,,,0,,Low
chr12,103310854,CA,C,PAH,MODIFIER,downstream_gene_variant,,,,,,,,0,,Low
chr12,103310854,CA,C,PAH,MODIFIER,non_coding_transcript_exon_variant,ENST00000547319.1:n.365del,,,,,,,0,,Low
chr12,103310854,CA,C,PAH,MODIFIER,upstream_gene_variant,,,,,,,,0,,Low
chr12,103310854,CA,C,PAH,MODIFIER,upstream_gene_variant,,,,,,,,0,,Low
chr12,103310854,CA,C,PAH,MODIFIER,non_coding_transcript_exon_variant,ENST00000549111.1:n.150del,,,,,,,0,,Low
chr12,103310854,CA,C,PAH,MODIFIER,non_coding_transcript_exon_variant,ENST00000550978.1:n.38del,,,,,,,0,,Low
chr12,103310854,CA,C,PAH,MODIFIER,non_coding_transcript_exon_variant,ENST00000551988.1:n.143del,,,,,,,0,,Low
chr12,103310866,GT,G,PAH,MODIFIER,5_prime_UTR_variant,ENST00000307000.2:c.-106del,,,,,,,0,,Low
chr12,103310866,GT,G,PAH,MODIFIER,downstream_gene_variant,,,,,,,,0,,Low
chr12,103310866,GT,G,PAH,MODIFIER,non_coding_transcript_exon_variant,ENST00000547319.1:n.353del,,,,,,,0,,Low
chr12,103310866,GT,G,PAH,MODIFIER,upstream_gene_variant,,,,,,,,0,,Low
chr12,103310866,GT,G,PAH,MODIFIER,upstream_gene_variant,,,,,,,,0,,Low
chr12,103310866,GT,G,PAH,MODIFIER,non_coding_transcript_exon_variant,ENST00000549111.1:n.138del,,,,,,,0,,Low
chr12,103310866,GT,G,PAH,MODIFIER,non_coding_transcript_exon_variant,ENST00000550978.1:n.26del,,,,,,,0,,Low
chr12,103310866,GT,G,PAH,MODIFIER,non_coding_transcript_exon_variant,ENST00000551988.1:n.131del,,,,,,,0,,Low
chr12,103310882,TG,T,PAH,MODIFIER,5_prime_UTR_variant,ENST00000307000.2:c.-122del,,COSV100187582,,,,,0,,Low
chr12,103310882,TG,T,PAH,MODIFIER,downstream_gene_variant,,,COSV100187582,,,,,0,,Low
chr12,103310882,TG,T,PAH,MODIFIER,non_coding_transcript_exon_variant,ENST00000547319.1:n.337del,,COSV100187582,,,,,0,,Low
chr12,103310882,TG,T,PAH,MODIFIER,upstream_gene_variant,,,COSV100187582,,,,,0,,Low
chr12,103310882,TG,T,PAH,MODIFIER,upstream_gene_variant,,,COSV100187582,,,,,0,,Low
chr12,103310882,TG,T,PAH,MODIFIER,non_coding_transcript_exon_variant,ENST00000549111.1:n.122del,,COSV100187582,,,,,0,,Low
chr12,103310882,TG,T,PAH,MODIFIER,non_coding_transcript_exon_variant,ENST00000550978.1:n.10del,,COSV100187582,,,,,0,,Low
chr12,103310882,TG,T,PAH,MODIFIER,non_coding_transcript_exon_variant,ENST00000551988.1:n.115del,,COSV100187582,,,,,0,,Low
chr12,103310892,A,AG,PAH,MODIFIER,5_prime_UTR_variant,ENST00000307000.2:c.-132dup,,,,,,,0,,Low
chr12,103310892,A,AG,PAH,MODIFIER,downstream_gene_variant,,,,,,,,0,,Low
chr12,103310892,A,AG,PAH,MODIFIER,non_coding_transcript_exon_variant,ENST00000547319.1:n.327dup,,,,,,,0,,Low
chr12,103310892,A,AG,PAH,MODIFIER,upstream_gene_variant,,,,,,,,0,,Low
chr12,103310892,A,AG,PAH,MODIFIER,upstream_gene_variant,,,,,,,,0,,Low
chr12,103310892,A,AG,PAH,MODIFIER,non_coding_transcript_exon_variant,ENST00000549111.1:n.112dup,,,,,,,0,,Low
chr12,103310892,A,AG,PAH,MODIFIER,upstream_gene_variant,,,,,,,,0,,Low
chr12,103310892,A,AG,PAH,MODIFIER,non_coding_transcript_exon_variant,ENST00000551988.1:n.105dup,,,,,,,0,,Low
chr12,103311020,A,AG,PAH,MODIFIER,5_prime_UTR_variant,ENST00000307000.2:c.-260dup,,,,,,,0,,Low
chr12,103311020,A,AG,PAH,MODIFIER,upstream_gene_variant,,,,,,,,0,,Low
chr12,103311020,A,AG,PAH,MODIFIER,upstream_gene_variant,,,,,,,,0,,Low
chr12,103311020,A,AG,PAH,MODIFIER,upstream_gene_variant,,,,,,,,0,,Low
chr12,103311020,A,AG,PAH,MODIFIER,upstream_gene_variant,,,,,,,,0,,Low
chr12,103311020,A,AG,PAH,MODIFIER,upstream_gene_variant,,,,,,,,0,,Low
chr12,103311020,A,AG,PAH,MODIFIER,5_prime_UTR_variant,ENST00000553106.1:c.-113dup,,,,,,,0,,Low
chr12,103311025,CA,C,PAH,MODIFIER,5_prime_UTR_variant,ENST00000307000.2:c.-265del,,,,,,,0,,Low
chr12,103311025,CA,C,PAH,MODIFIER,upstream_gene_variant,,,,,,,,0,,Low
chr12,103311025,CA,C,PAH,MODIFIER,upstream_gene_variant,,,,,,,,0,,Low
chr12,103311025,CA,C,PAH,MODIFIER,upstream_gene_variant,,,,,,,,0,,Low
chr12,103311025,CA,C,PAH,MODIFIER,upstream_gene_variant,,,,,,,,0,,Low
chr12,103311025,CA,C,PAH,MODIFIER,upstream_gene_variant,,,,,,,,0,,Low
chr12,103311025,CA,C,PAH,MODIFIER,5_prime_UTR_variant,ENST00000553106.1:c.-118del,,,,,,,0,,Low
chr12,103311028,A,AG,PAH,MODIFIER,5_prime_UTR_variant,ENST00000307000.2:c.-268dup,,,,,,,0,,Low
chr12,103311028,A,AG,PAH,MODIFIER,upstream_gene_variant,,,,,,,,0,,Low
chr12,103311028,A,AG,PAH,MODIFIER,upstream_gene_variant,,,,,,,,0,,Low
chr12,103311028,A,AG,PAH,MODIFIER,upstream_gene_variant,,,,,,,,0,,Low
chr12,103311028,A,AG,PAH,MODIFIER,upstream_gene_variant,,,,,,,,0,,Low
chr12,103311028,A,AG,PAH,MODIFIER,upstream_gene_variant,,,,,,,,0,,Low
chr12,103311028,A,AG,PAH,MODIFIER,5_prime_UTR_variant,ENST00000553106.1:c.-121dup,,,,,,,0,,Low
chr12,103311059,A,AC,PAH,MODIFIER,upstream_gene_variant,,,,,,,,0,,Low
chr12,103311059,A,AC,PAH,MODIFIER,upstream_gene_variant,,,,,,,,0,,Low
chr12,103311059,A,AC,PAH,MODIFIER,upstream_gene_variant,,,,,,,,0,,Low
chr12,103311059,A,AC,PAH,MODIFIER,upstream_gene_variant,,,,,,,,0,,Low
chr12,103311059,A,AC,PAH,MODIFIER,upstream_gene_variant,,,,,,,,0,,Low
chr12,103311059,A,AC,PAH,MODIFIER,upstream_gene_variant,,,,,,,,0,,Low
chr12,103311059,A,AC,PAH,MODIFIER,5_prime_UTR_variant,ENST00000553106.1:c.-152_-151insG,,,,,,,0,,Low
chr12,103311061,TA,T,PAH,MODIFIER,upstream_gene_variant,,,,,,,,0,,Low
chr12,103311061,TA,T,PAH,MODIFIER,upstream_gene_variant,,,,,,,,0,,Low
chr12,103311061,TA,T,PAH,MODIFIER,upstream_gene_variant,,,,,,,,0,,Low
chr12,103311061,TA,T,PAH,MODIFIER,upstream_gene_variant,,,,,,,,0,,Low
chr12,103311061,TA,T,PAH,MODIFIER,upstream_gene_variant,,,,,,,,0,,Low
chr12,103311061,TA,T,PAH,MODIFIER,upstream_gene_variant,,,,,,,,0,,Low
chr12,103311061,TA,T,PAH,MODIFIER,5_prime_UTR_variant,ENST00000553106.1:c.-154del,,,,,,,0,,Low
chr12,103311355,A,AC,PAH,MODIFIER,upstream_gene_variant,,,,,,,,0,,Low
chr12,103311355,A,AC,PAH,MODIFIER,upstream_gene_variant,,,,,,,,0,,Low
chr12,103311355,A,AC,PAH,MODIFIER,upstream_gene_variant,,,,,,,,0,,Low
chr12,103311355,A,AC,PAH,MODIFIER,upstream_gene_variant,,,,,,,,0,,Low
chr12,103311355,A,AC,PAH,MODIFIER,upstream_gene_variant,,,,,,,,0,,Low
chr12,103311355,A,AC,PAH,MODIFIER,upstream_gene_variant,,,,,,,,0,,Low
chr12,103311355,A,AC,PAH,MODIFIER,5_prime_UTR_variant,ENST00000553106.1:c.-448_-447insG,,,,,,,0,,Low
chr12,103311358,A,AC,PAH,MODIFIER,upstream_gene_variant,,,,,,,,0,,Low
chr12,103311358,A,AC,PAH,MODIFIER,upstream_gene_variant,,,,,,,,0,,Low
chr12,103311358,A,AC,PAH,MODIFIER,upstream_gene_variant,,,,,,,,0,,Low
chr12,103311358,A,AC,PAH,MODIFIER,upstream_gene_variant,,,,,,,,0,,Low
chr12,103311358,A,AC,PAH,MODIFIER,upstream_gene_variant,,,,,,,,0,,Low
chr12,103311358,A,AC,PAH,MODIFIER,upstream_gene_variant,,,,,,,,0,,Low
chr12,103311358,A,AC,PAH,MODIFIER,5_prime_UTR_variant,ENST00000553106.1:c.-451_-450insG,,,,,,,0,,Low
chr12,103311371,AC,A,PAH,MODIFIER,upstream_gene_variant,,,rs1565875296,,,,,0,,Low
chr12,103311371,AC,A,PAH,MODIFIER,upstream_gene_variant,,,rs1565875296,,,,,0,,Low
chr12,103311371,AC,A,PAH,MODIFIER,upstream_gene_variant,,,rs1565875296,,,,,0,,Low
chr12,103311371,AC,A,PAH,MODIFIER,upstream_gene_variant,,,rs1565875296,,,,,0,,Low
chr12,103311371,AC,A,PAH,MODIFIER,upstream_gene_variant,,,rs1565875296,,,,,0,,Low
chr12,103311371,AC,A,PAH,MODIFIER,upstream_gene_variant,,,rs1565875296,,,,,0,,Low
chr12,103311371,AC,A,PAH,MODIFIER,5_prime_UTR_variant,ENST00000553106.1:c.-464del,,rs1565875296,,,,,0,,Low
chr12,103311372,C,T,PAH,MODIFIER,upstream_gene_variant,,,rs2136735169,,,,,0,,Low
chr12,103311372,C,T,PAH,MODIFIER,upstream_gene_variant,,,rs2136735169,,,,,0,,Low
chr12,103311372,C,T,PAH,MODIFIER,upstream_gene_variant,,,rs2136735169,,,,,0,,Low
chr12,103311372,C,T,PAH,MODIFIER,upstream_gene_variant,,,rs2136735169,,,,,0,,Low
chr12,103311372,C,T,PAH,MODIFIER,upstream_gene_variant,,,rs2136735169,,,,,0,,Low
chr12,103311372,C,T,PAH,MODIFIER,upstream_gene_variant,,,rs2136735169,,,,,0,,Low
chr12,103311372,C,T,PAH,MODIFIER,5_prime_UTR_variant,ENST00000553106.1:c.-464G>A,,rs2136735169,,,,,0,,Low
chr12,103271350,G,A,PAH,MODIFIER,intron_variant,ENST00000307000.2:c.338-22C>T,,rs2037639,Benign,not_specified&not_provided&Phenylketonuria,reviewed_by_expert_panel,NC_000012.11:g.103271350G>A,-2,ClinVar benign; intronic candidate,Low
chr12,103271350,G,A,PAH,MODIFIER,intron_variant&non_coding_transcript_variant,ENST00000549111.1:n.449-22C>T,,rs2037639,Benign,not_specified&not_provided&Phenylketonuria,reviewed_by_expert_panel,NC_000012.11:g.103271350G>A,-2,ClinVar benign; intronic candidate,Low
chr12,103271350,G,A,PAH,MODIFIER,intron_variant&non_coding_transcript_variant,ENST00000550978.1:n.337-22C>T,,rs2037639,Benign,not_specified&not_provided&Phenylketonuria,reviewed_by_expert_panel,NC_000012.11:g.103271350G>A,-2,ClinVar benign; intronic candidate,Low
chr12,103271350,G,A,PAH,MODIFIER,intron_variant,ENST00000551337.1:c.353-22C>T,,rs2037639,Benign,not_specified&not_provided&Phenylketonuria,reviewed_by_expert_panel,NC_000012.11:g.103271350G>A,-2,ClinVar benign; intronic candidate,Low
chr12,103271350,G,A,PAH,MODIFIER,intron_variant&non_coding_transcript_variant,ENST00000551988.1:n.442-22C>T,,rs2037639,Benign,not_specified&not_provided&Phenylketonuria,reviewed_by_expert_panel,NC_000012.11:g.103271350G>A,-2,ClinVar benign; intronic candidate,Low
chr12,103271350,G,A,PAH,MODIFIER,intron_variant,ENST00000553106.1:c.353-22C>T,,rs2037639,Benign,not_specified&not_provided&Phenylketonuria,reviewed_by_expert_panel,NC_000012.11:g.103271350G>A,-2,ClinVar benign; intronic candidate,Low
chr12,103306550,A,G,PAH,MODIFIER,intron_variant,ENST00000307000.2:c.153+19T>C,,rs17842947&CS135060&COSV61016895,Benign,not_specified&not_provided&Phenylketonuria,reviewed_by_expert_panel,NC_000012.11:g.103306550A>G,-2,ClinVar benign; intronic candidate,Low
chr12,103306550,A,G,PAH,MODIFIER,intron_variant,ENST00000546844.1:c.168+19T>C,,rs17842947&CS135060&COSV61016895,Benign,not_specified&not_provided&Phenylketonuria,reviewed_by_expert_panel,NC_000012.11:g.103306550A>G,-2,ClinVar benign; intronic candidate,Low
chr12,103306550,A,G,PAH,MODIFIER,intron_variant&non_coding_transcript_variant,ENST00000548677.1:n.255+19T>C,,rs17842947&CS135060&COSV61016895,Benign,not_specified&not_provided&Phenylketonuria,reviewed_by_expert_panel,NC_000012.11:g.103306550A>G,-2,ClinVar benign; intronic candidate,Low
chr12,103306550,A,G,PAH,MODIFIER,intron_variant&non_coding_transcript_variant,ENST00000548928.1:n.90+19T>C,,rs17842947&CS135060&COSV61016895,Benign,not_specified&not_provided&Phenylketonuria,reviewed_by_expert_panel,NC_000012.11:g.103306550A>G,-2,ClinVar benign; intronic candidate,Low
chr12,103306550,A,G,PAH,MODIFIER,intron_variant&non_coding_transcript_variant,ENST00000549111.1:n.264+19T>C,,rs17842947&CS135060&COSV61016895,Benign,not_specified&not_provided&Phenylketonuria,reviewed_by_expert_panel,NC_000012.11:g.103306550A>G,-2,ClinVar benign; intronic candidate,Low
chr12,103306550,A,G,PAH,MODIFIER,intron_variant&non_coding_transcript_variant,ENST00000550978.1:n.152+19T>C,,rs17842947&CS135060&COSV61016895,Benign,not_specified&not_provided&Phenylketonuria,reviewed_by_expert_panel,NC_000012.11:g.103306550A>G,-2,ClinVar benign; intronic candidate,Low
chr12,103306550,A,G,PAH,MODIFIER,intron_variant,ENST00000551337.1:c.168+19T>C,,rs17842947&CS135060&COSV61016895,Benign,not_specified&not_provided&Phenylketonuria,reviewed_by_expert_panel,NC_000012.11:g.103306550A>G,-2,ClinVar benign; intronic candidate,Low
chr12,103306550,A,G,PAH,MODIFIER,intron_variant&non_coding_transcript_variant,ENST00000551988.1:n.257+19T>C,,rs17842947&CS135060&COSV61016895,Benign,not_specified&not_provided&Phenylketonuria,reviewed_by_expert_panel,NC_000012.11:g.103306550A>G,-2,ClinVar benign; intronic candidate,Low
chr12,103306550,A,G,PAH,MODIFIER,intron_variant,ENST00000553106.1:c.168+19T>C,,rs17842947&CS135060&COSV61016895,Benign,not_specified&not_provided&Phenylketonuria,reviewed_by_expert_panel,NC_000012.11:g.103306550A>G,-2,ClinVar benign; intronic candidate,Low
chr12,103311362,GC,G,PAH,MODIFIER,intron_variant&non_coding_transcript_variant,ENST00000546708.1:n.493-360del,,rs113191080,Benign,not_provided,criteria_provided&_single_submitter,NC_000012.11:g.103311368del,-2,ClinVar benign; intronic candidate,Low
chr12,103311362,GC,G,PAH,MODIFIER,intron_variant,ENST00000546844.1:c.-95-360del,,rs113191080,Benign,not_provided,criteria_provided&_single_submitter,NC_000012.11:g.103311368del,-2,ClinVar benign; intronic candidate,Low
chr12,103311362,GC,G,PAH,MODIFIER,intron_variant&non_coding_transcript_variant,ENST00000547319.1:n.217-360del,,rs113191080,Benign,not_provided,criteria_provided&_single_submitter,NC_000012.11:g.103311368del,-2,ClinVar benign; intronic candidate,Low
chr12,103311362,GC,G,PAH,MODIFIER,intron_variant,ENST00000551337.1:c.-95-360del,,rs113191080,Benign,not_provided,criteria_provided&_single_submitter,NC_000012.11:g.103311368del,-2,ClinVar benign; intronic candidate,Low
chr12,103306550,A,G,PAH,MODIFIER,downstream_gene_variant,,,rs17842947&CS135060&COSV61016895,Benign,not_specified&not_provided&Phenylketonuria,reviewed_by_expert_panel,NC_000012.11:g.103306550A>G,-3,ClinVar benign,Low
chr12,103306550,A,G,PAH,MODIFIER,downstream_gene_variant,,,rs17842947&CS135060&COSV61016895,Benign,not_specified&not_provided&Phenylketonuria,reviewed_by_expert_panel,NC_000012.11:g.103306550A>G,-3,ClinVar benign,Low
chr12,103311362,GC,G,PAH,MODIFIER,upstream_gene_variant,,,rs113191080,Benign,not_provided,criteria_provided&_single_submitter,NC_000012.11:g.103311368del,-3,ClinVar benign,Low
chr12,103311362,GC,G,PAH,MODIFIER,upstream_gene_variant,,,rs113191080,Benign,not_provided,criteria_provided&_single_submitter,NC_000012.11:g.103311368del,-3,ClinVar benign,Low
chr12,103311362,GC,G,PAH,MODIFIER,upstream_gene_variant,,,rs113191080,Benign,not_provided,criteria_provided&_single_submitter,NC_000012.11:g.103311368del,-3,ClinVar benign,Low
chr12,103311362,GC,G,PAH,MODIFIER,upstream_gene_variant,,,rs113191080,Benign,not_provided,criteria_provided&_single_submitter,NC_000012.11:g.103311368del,-3,ClinVar benign,Low
chr12,103311362,GC,G,PAH,MODIFIER,upstream_gene_variant,,,rs113191080,Benign,not_provided,criteria_provided&_single_submitter,NC_000012.11:g.103311368del,-3,ClinVar benign,Low
chr12,103311362,GC,G,PAH,MODIFIER,upstream_gene_variant,,,rs113191080,Benign,not_provided,criteria_provided&_single_submitter,NC_000012.11:g.103311368del,-3,ClinVar benign,Low
chr12,103311362,GC,G,PAH,MODIFIER,5_prime_UTR_variant,ENST00000553106.1:c.-455del,,rs113191080,Benign,not_provided,criteria_provided&_single_submitter,NC_000012.11:g.103311368del,-3,ClinVar benign,Low
